date,meal_period,restaurant_covers,event_indicator,occupancy_rate,number_of_items,dish_category,dishwasher_cycles,cycle_duration_minutes,items_per_rack,washing_time_minutes,waiting_time_minutes,rewash_required,items_rejected,damaged_items,dishwasher_utilization,staff_available,water_consumption_liters,detergent_consumption_ml,season,day_of_week,peak_period
2025-01-01,Breakfast,59,False,0.793,134,Plates,6,1.94,24,11.7,2.5,True,1,0,0.447,3,32.4,66.8,Winter,Wednesday,False
2025-01-01,Breakfast,59,False,0.793,81,Glassware,5,2.03,20,10.2,0.4,True,1,0,0.339,3,24.5,49.6,Winter,Wednesday,False
2025-01-01,Breakfast,59,False,0.793,157,Cutlery,4,2.06,45,8.2,8.3,True,2,0,0.296,3,27.1,44.1,Winter,Wednesday,False
2025-01-01,Breakfast,59,False,0.793,21,Cookware,3,2.66,10,8.0,0.0,False,0,1,0.25,3,12.2,30.8,Winter,Wednesday,False
2025-01-01,Lunch,58,False,0.793,126,Plates,6,2.11,24,12.7,4.5,True,1,0,0.457,3,31.7,61.5,Winter,Wednesday,False
2025-01-01,Lunch,58,False,0.793,86,Glassware,5,2.21,20,11.0,2.5,True,3,0,0.391,3,27.1,48.4,Winter,Wednesday,False
2025-01-01,Lunch,58,False,0.793,164,Cutlery,4,1.98,45,7.9,5.0,True,4,0,0.297,3,29.5,34.7,Winter,Wednesday,False
2025-01-01,Lunch,58,False,0.793,9,Cookware,1,2.16,10,2.2,1.9,False,0,0,0.25,3,4.6,9.1,Winter,Wednesday,False
2025-01-01,Dinner,99,False,0.793,212,Plates,9,1.98,24,17.8,11.3,True,10,0,0.906,3,49.7,99.9,Winter,Wednesday,True
2025-01-01,Dinner,99,False,0.793,132,Glassware,7,2.02,20,14.2,2.1,True,1,0,0.692,3,37.3,79.9,Winter,Wednesday,True
2025-01-01,Dinner,99,False,0.793,280,Cutlery,7,2.12,45,14.8,5.7,True,6,1,0.684,3,49.5,76.6,Winter,Wednesday,True
2025-01-01,Dinner,99,False,0.793,23,Cookware,3,2.37,10,7.1,4.2,True,1,0,0.283,3,13.6,28.4,Winter,Wednesday,True
2025-01-02,Breakfast,100,False,0.797,209,Plates,9,2.0,24,18.0,10.5,True,4,0,0.719,3,54.2,95.0,Winter,Thursday,False
2025-01-02,Breakfast,100,False,0.797,149,Glassware,8,2.18,20,17.4,1.3,True,2,0,0.667,3,43.1,79.6,Winter,Thursday,False
2025-01-02,Breakfast,100,False,0.797,285,Cutlery,7,1.98,45,13.9,3.3,True,5,0,0.517,3,48.6,75.1,Winter,Thursday,False
2025-01-02,Breakfast,100,False,0.797,5,Cookware,1,2.37,10,2.4,0.0,True,1,0,0.25,3,4.0,10.7,Winter,Thursday,False
2025-01-02,Lunch,48,False,0.797,105,Plates,5,2.23,24,11.1,2.2,True,2,0,0.401,3,27.2,44.0,Winter,Thursday,False
2025-01-02,Lunch,48,False,0.797,64,Glassware,4,2.26,20,9.1,1.5,True,3,0,0.298,3,20.0,39.6,Winter,Thursday,False
2025-01-02,Lunch,48,False,0.797,135,Cutlery,3,2.01,45,6.0,3.1,True,3,1,0.25,3,22.3,30.3,Winter,Thursday,False
2025-01-02,Lunch,48,False,0.797,12,Cookware,2,2.57,10,5.1,2.1,False,0,0,0.25,3,7.9,22.2,Winter,Thursday,False
2025-01-02,Dinner,98,False,0.797,209,Plates,9,2.06,24,18.5,5.3,True,9,1,0.929,3,50.5,86.7,Winter,Thursday,True
2025-01-02,Dinner,98,False,0.797,119,Glassware,6,2.08,20,12.5,3.0,True,3,1,0.642,3,33.3,65.3,Winter,Thursday,True
2025-01-02,Dinner,98,False,0.797,277,Cutlery,7,2.05,45,14.3,9.1,True,9,0,0.654,3,48.2,65.1,Winter,Thursday,True
2025-01-02,Dinner,98,False,0.797,16,Cookware,2,2.37,10,4.7,2.1,True,1,0,0.25,3,8.5,17.3,Winter,Thursday,True
2025-01-03,Breakfast,83,False,0.867,186,Plates,8,2.29,24,18.4,4.4,False,0,0,0.732,3,44.9,82.3,Winter,Friday,False
2025-01-03,Breakfast,83,False,0.867,119,Glassware,6,1.89,20,11.4,7.1,False,0,0,0.464,3,35.6,70.3,Winter,Friday,False
2025-01-03,Breakfast,83,False,0.867,234,Cutlery,6,2.05,45,12.3,0.0,True,7,0,0.44,3,41.8,60.1,Winter,Friday,False
2025-01-03,Breakfast,83,False,0.867,13,Cookware,2,2.4,10,4.8,7.1,False,0,0,0.25,3,8.6,19.8,Winter,Friday,False
2025-01-03,Lunch,59,False,0.867,137,Plates,6,2.05,24,12.3,1.2,True,3,0,0.482,3,33.5,61.4,Winter,Friday,False
2025-01-03,Lunch,59,False,0.867,86,Glassware,5,2.08,20,10.4,1.7,False,0,0,0.369,3,23.9,55.0,Winter,Friday,False
2025-01-03,Lunch,59,False,0.867,165,Cutlery,4,2.25,45,9.0,3.0,True,2,0,0.34,3,27.8,42.9,Winter,Friday,False
2025-01-03,Lunch,59,False,0.867,8,Cookware,1,2.47,10,2.5,0.8,False,0,0,0.25,3,4.7,10.6,Winter,Friday,False
2025-01-03,Dinner,107,False,0.867,245,Plates,11,2.35,24,25.8,21.3,True,5,1,1.243,3,65.1,101.7,Winter,Friday,True
2025-01-03,Dinner,107,False,0.867,158,Glassware,8,2.32,20,18.5,9.7,True,4,0,0.949,3,42.0,81.7,Winter,Friday,True
2025-01-03,Dinner,107,False,0.867,293,Cutlery,7,2.09,45,14.6,1.3,True,6,0,0.704,3,49.3,78.4,Winter,Friday,True
2025-01-03,Dinner,107,False,0.867,14,Cookware,2,2.45,10,4.9,0.0,True,1,0,0.25,3,8.9,20.3,Winter,Friday,True
2025-01-04,Breakfast,93,False,0.849,197,Plates,9,2.25,24,20.2,3.9,True,2,1,0.759,3,48.0,88.4,Winter,Saturday,False
2025-01-04,Breakfast,93,False,0.849,134,Glassware,7,2.21,20,15.4,2.4,False,0,0,0.609,3,39.5,75.1,Winter,Saturday,False
2025-01-04,Breakfast,93,False,0.849,263,Cutlery,6,2.27,45,13.6,0.8,True,5,0,0.547,3,45.5,60.2,Winter,Saturday,False
2025-01-04,Breakfast,93,False,0.849,28,Cookware,3,2.42,10,7.2,0.0,True,3,1,0.279,3,13.1,27.9,Winter,Saturday,False
2025-01-04,Lunch,74,False,0.849,148,Plates,7,1.88,24,13.2,0.0,True,1,0,0.478,3,39.3,69.3,Winter,Saturday,False
2025-01-04,Lunch,74,False,0.849,117,Glassware,6,1.99,20,12.0,1.7,False,0,1,0.481,3,33.5,67.5,Winter,Saturday,False
2025-01-04,Lunch,74,False,0.849,210,Cutlery,5,2.26,45,11.3,4.0,True,2,0,0.434,3,36.5,46.2,Winter,Saturday,False
2025-01-04,Lunch,74,False,0.849,17,Cookware,2,2.54,10,5.1,2.6,True,1,0,0.25,3,8.5,23.2,Winter,Saturday,False
2025-01-04,Dinner,119,False,0.849,267,Plates,12,2.05,24,24.7,19.0,True,2,1,1.185,3,68.3,129.2,Winter,Saturday,True
2025-01-04,Dinner,119,False,0.849,164,Glassware,9,1.84,20,16.6,7.8,True,4,0,0.782,3,49.3,99.5,Winter,Saturday,True
2025-01-04,Dinner,119,False,0.849,323,Cutlery,8,2.08,45,16.6,6.0,True,8,0,0.772,3,53.4,73.2,Winter,Saturday,True
2025-01-04,Dinner,119,False,0.849,20,Cookware,2,2.4,10,4.8,5.0,False,0,0,0.25,3,9.4,18.4,Winter,Saturday,True
2025-01-05,Breakfast,74,False,0.885,167,Plates,7,2.36,24,16.5,0.0,False,0,1,0.676,3,40.4,72.9,Winter,Sunday,False
2025-01-05,Breakfast,74,False,0.885,106,Glassware,6,1.99,20,11.9,1.6,True,2,0,0.434,3,30.3,62.3,Winter,Sunday,False
2025-01-05,Breakfast,74,False,0.885,210,Cutlery,5,2.32,45,11.6,3.0,True,2,0,0.445,3,35.5,54.2,Winter,Sunday,False
2025-01-05,Breakfast,74,False,0.885,19,Cookware,2,2.44,10,4.9,2.8,False,0,0,0.25,3,9.0,19.8,Winter,Sunday,False
2025-01-05,Lunch,59,False,0.885,134,Plates,6,1.95,24,11.7,2.9,True,1,0,0.449,3,32.8,55.0,Winter,Sunday,False
2025-01-05,Lunch,59,False,0.885,79,Glassware,4,2.21,20,8.8,0.2,False,0,0,0.36,3,21.5,36.5,Winter,Sunday,False
2025-01-05,Lunch,59,False,0.885,156,Cutlery,4,2.12,45,8.5,1.0,True,1,0,0.303,3,28.1,38.3,Winter,Sunday,False
2025-01-05,Lunch,59,False,0.885,5,Cookware,1,2.52,10,2.5,5.3,False,0,0,0.25,3,4.6,9.7,Winter,Sunday,False
2025-01-05,Dinner,125,False,0.885,287,Plates,12,1.89,24,22.7,13.4,True,6,0,1.173,3,70.0,122.2,Winter,Sunday,True
2025-01-05,Dinner,125,False,0.885,170,Glassware,9,2.05,20,18.5,12.2,True,1,0,0.906,3,46.0,97.1,Winter,Sunday,True
2025-01-05,Dinner,125,False,0.885,360,Cutlery,8,2.21,45,17.7,12.0,True,8,1,0.916,3,56.9,85.8,Winter,Sunday,True
2025-01-05,Dinner,125,False,0.885,15,Cookware,2,2.53,10,5.1,0.0,False,0,0,0.25,3,9.2,19.0,Winter,Sunday,True
2025-01-06,Breakfast,94,True,0.882,211,Plates,9,2.16,24,19.5,14.5,True,4,0,0.784,4,52.0,86.1,Winter,Monday,True
2025-01-06,Breakfast,94,True,0.882,132,Glassware,7,1.91,20,13.4,10.6,True,1,0,0.518,4,41.9,67.8,Winter,Monday,True
2025-01-06,Breakfast,94,True,0.882,274,Cutlery,7,2.28,45,15.9,9.5,True,2,0,0.571,4,46.8,78.3,Winter,Monday,True
2025-01-06,Breakfast,94,True,0.882,31,Cookware,4,2.49,10,10.0,14.5,True,2,0,0.318,4,16.9,43.1,Winter,Monday,True
2025-01-06,Lunch,56,True,0.882,123,Plates,6,2.3,24,13.8,7.1,True,2,0,0.485,4,30.5,53.7,Winter,Monday,True
2025-01-06,Lunch,56,True,0.882,87,Glassware,5,2.29,20,11.5,11.7,True,3,0,0.41,4,25.7,54.9,Winter,Monday,True
2025-01-06,Lunch,56,True,0.882,165,Cutlery,4,2.21,45,8.8,8.5,True,3,0,0.334,4,29.3,42.6,Winter,Monday,True
2025-01-06,Lunch,56,True,0.882,11,Cookware,2,2.15,10,4.3,12.4,False,0,0,0.25,4,8.5,19.1,Winter,Monday,True
2025-01-06,Dinner,161,True,0.882,353,Plates,15,2.43,24,36.4,36.0,True,10,0,1.25,5,82.9,164.2,Winter,Monday,True
2025-01-06,Dinner,161,True,0.882,203,Glassware,11,2.03,20,22.3,27.8,True,10,1,1.069,5,59.0,84.4,Winter,Monday,True
2025-01-06,Dinner,161,True,0.882,460,Cutlery,11,1.89,45,20.8,25.4,True,7,1,1.003,5,74.8,103.0,Winter,Monday,True
2025-01-06,Dinner,161,True,0.882,22,Cookware,3,2.53,10,7.6,12.3,False,0,0,0.289,5,12.9,31.8,Winter,Monday,True
2025-01-07,Breakfast,93,False,0.845,197,Plates,9,2.09,24,18.8,3.5,True,1,0,0.705,3,47.4,98.3,Winter,Tuesday,False
2025-01-07,Breakfast,93,False,0.845,121,Glassware,7,2.12,20,14.8,2.7,True,2,0,0.528,3,33.6,68.5,Winter,Tuesday,False
2025-01-07,Breakfast,93,False,0.845,263,Cutlery,6,2.0,45,12.0,0.3,True,9,1,0.482,3,45.8,63.9,Winter,Tuesday,False
2025-01-07,Breakfast,93,False,0.845,9,Cookware,1,2.55,10,2.6,3.9,True,1,0,0.25,3,4.7,10.3,Winter,Tuesday,False
2025-01-07,Lunch,40,False,0.845,81,Plates,4,1.9,24,7.6,0.0,True,3,0,0.265,2,21.4,34.9,Winter,Tuesday,False
2025-01-07,Lunch,40,False,0.845,56,Glassware,3,2.05,20,6.2,4.4,True,1,0,0.25,2,16.7,28.8,Winter,Tuesday,False
2025-01-07,Lunch,40,False,0.845,108,Cutlery,3,2.14,45,6.4,2.5,True,5,0,0.25,2,20.0,27.1,Winter,Tuesday,False
2025-01-07,Lunch,40,False,0.845,9,Cookware,1,2.33,10,2.3,0.0,False,0,0,0.25,2,4.5,6.5,Winter,Tuesday,False
2025-01-07,Dinner,123,False,0.845,275,Plates,12,2.0,24,24.0,20.5,True,12,0,1.187,3,64.0,109.7,Winter,Tuesday,True
2025-01-07,Dinner,123,False,0.845,186,Glassware,10,2.08,20,20.8,13.7,True,9,1,1.003,3,51.1,85.9,Winter,Tuesday,True
2025-01-07,Dinner,123,False,0.845,347,Cutlery,8,2.18,45,17.5,9.0,True,7,1,0.872,3,55.4,63.4,Winter,Tuesday,True
2025-01-07,Dinner,123,False,0.845,28,Cookware,3,2.82,10,8.5,0.5,True,1,0,0.41,3,14.1,30.9,Winter,Tuesday,True
2025-01-08,Breakfast,76,False,0.75,169,Plates,8,2.07,24,16.5,0.2,True,5,2,0.599,3,45.5,82.8,Winter,Wednesday,False
2025-01-08,Breakfast,76,False,0.75,109,Glassware,6,2.0,20,12.0,3.0,True,2,0,0.449,3,31.4,63.2,Winter,Wednesday,False
2025-01-08,Breakfast,76,False,0.75,216,Cutlery,5,2.17,45,10.9,0.0,True,4,0,0.43,3,35.4,40.2,Winter,Wednesday,False
2025-01-08,Breakfast,76,False,0.75,16,Cookware,2,2.28,10,4.6,2.7,True,1,0,0.25,3,9.1,18.3,Winter,Wednesday,False
2025-01-08,Lunch,50,False,0.75,115,Plates,5,2.11,24,10.6,0.0,True,2,0,0.417,3,27.0,48.4,Winter,Wednesday,False
2025-01-08,Lunch,50,False,0.75,71,Glassware,4,2.02,20,8.1,0.0,True,3,0,0.295,3,20.5,40.1,Winter,Wednesday,False
2025-01-08,Lunch,50,False,0.75,140,Cutlery,4,2.09,45,8.3,7.9,True,6,0,0.267,3,27.3,36.9,Winter,Wednesday,False
2025-01-08,Lunch,50,False,0.75,7,Cookware,1,2.33,10,2.3,0.7,True,1,0,0.25,3,4.3,10.0,Winter,Wednesday,False
2025-01-08,Dinner,90,False,0.75,196,Plates,9,2.37,24,21.3,16.1,True,5,1,1.003,3,49.9,85.9,Winter,Wednesday,True
2025-01-08,Dinner,90,False,0.75,120,Glassware,6,2.2,20,13.2,0.0,True,2,0,0.684,3,33.5,60.7,Winter,Wednesday,True
2025-01-08,Dinner,90,False,0.75,252,Cutlery,6,2.03,45,12.2,0.0,True,2,0,0.591,3,42.9,56.9,Winter,Wednesday,True
2025-01-08,Dinner,90,False,0.75,25,Cookware,3,2.58,10,7.8,5.7,True,2,0,0.335,3,13.7,28.3,Winter,Wednesday,True
2025-01-09,Breakfast,93,False,0.828,207,Plates,9,2.18,24,19.6,4.1,True,3,1,0.775,3,45.5,99.3,Winter,Thursday,False
2025-01-09,Breakfast,93,False,0.828,137,Glassware,7,2.32,20,16.2,6.1,False,0,0,0.654,3,37.9,82.8,Winter,Thursday,False
2025-01-09,Breakfast,93,False,0.828,256,Cutlery,6,1.99,45,11.9,2.8,True,4,0,0.466,3,40.1,47.8,Winter,Thursday,False
2025-01-09,Breakfast,93,False,0.828,25,Cookware,3,2.64,10,7.9,2.7,False,0,0,0.272,3,13.6,30.3,Winter,Thursday,False
2025-01-09,Lunch,38,False,0.828,83,Plates,4,1.89,24,7.6,3.2,False,0,1,0.269,2,21.4,40.6,Winter,Thursday,False
2025-01-09,Lunch,38,False,0.828,55,Glassware,3,2.3,20,6.9,0.5,False,0,0,0.26,2,16.5,37.1,Winter,Thursday,False
2025-01-09,Lunch,38,False,0.828,101,Cutlery,3,2.06,45,6.2,2.3,False,0,0,0.25,2,19.5,31.1,Winter,Thursday,False
2025-01-09,Lunch,38,False,0.828,9,Cookware,1,2.11,10,2.1,1.0,False,0,0,0.25,2,4.6,11.4,Winter,Thursday,False
2025-01-09,Dinner,96,False,0.828,223,Plates,10,2.04,24,20.4,13.5,True,4,2,0.981,3,55.5,95.0,Winter,Thursday,True
2025-01-09,Dinner,96,False,0.828,140,Glassware,7,1.96,20,13.7,4.7,True,3,1,0.712,3,38.5,89.2,Winter,Thursday,True
2025-01-09,Dinner,96,False,0.828,262,Cutlery,6,2.16,45,13.0,1.5,True,5,0,0.652,3,45.2,64.3,Winter,Thursday,True
2025-01-09,Dinner,96,False,0.828,19,Cookware,2,2.35,10,4.7,1.9,False,0,0,0.25,3,10.2,21.6,Winter,Thursday,True
2025-01-10,Breakfast,93,False,0.872,203,Plates,9,1.94,24,17.4,0.1,True,7,2,0.675,3,51.4,95.7,Winter,Friday,False
2025-01-10,Breakfast,93,False,0.872,116,Glassware,6,1.99,20,11.9,5.0,False,0,0,0.476,3,31.2,63.1,Winter,Friday,False
2025-01-10,Breakfast,93,False,0.872,257,Cutlery,6,2.29,45,13.7,2.4,True,7,0,0.538,3,42.8,66.7,Winter,Friday,False
2025-01-10,Breakfast,93,False,0.872,8,Cookware,1,2.36,10,2.4,1.7,False,0,0,0.25,3,4.6,8.7,Winter,Friday,False
2025-01-10,Lunch,52,False,0.872,114,Plates,5,1.85,24,9.3,3.0,True,4,0,0.363,3,29.9,53.1,Winter,Friday,False
2025-01-10,Lunch,52,False,0.872,70,Glassware,4,2.33,20,9.3,0.0,True,1,0,0.335,3,20.8,40.9,Winter,Friday,False
2025-01-10,Lunch,52,False,0.872,147,Cutlery,4,1.9,45,7.6,5.2,True,4,0,0.256,3,26.5,37.5,Winter,Friday,False
2025-01-10,Lunch,52,False,0.872,9,Cookware,1,2.29,10,2.3,0.0,True,1,0,0.25,3,4.5,10.2,Winter,Friday,False
2025-01-10,Dinner,107,False,0.872,223,Plates,10,1.78,24,17.8,0.0,True,4,0,0.855,3,54.8,91.7,Winter,Friday,True
2025-01-10,Dinner,107,False,0.872,162,Glassware,9,2.21,20,19.9,12.6,True,2,0,0.929,3,46.6,94.6,Winter,Friday,True
2025-01-10,Dinner,107,False,0.872,300,Cutlery,7,2.01,45,14.1,5.5,True,2,0,0.695,3,51.2,72.5,Winter,Friday,True
2025-01-10,Dinner,107,False,0.872,25,Cookware,3,2.45,10,7.3,2.4,True,2,1,0.318,3,11.8,32.2,Winter,Friday,True
2025-01-11,Breakfast,91,True,0.851,193,Plates,9,2.04,24,18.4,10.4,True,2,1,0.677,4,50.7,89.5,Winter,Saturday,True
2025-01-11,Breakfast,91,True,0.851,132,Glassware,7,1.92,20,13.5,5.0,True,1,0,0.523,4,37.3,70.4,Winter,Saturday,True
2025-01-11,Breakfast,91,True,0.851,260,Cutlery,6,2.14,45,12.8,12.4,True,10,0,0.509,4,43.5,62.7,Winter,Saturday,True
2025-01-11,Breakfast,91,True,0.851,21,Cookware,3,2.53,10,7.6,12.4,True,1,0,0.25,4,12.8,27.8,Winter,Saturday,True
2025-01-11,Lunch,57,True,0.851,129,Plates,6,2.24,24,13.5,10.7,True,1,0,0.496,4,32.7,66.0,Winter,Saturday,True
2025-01-11,Lunch,57,True,0.851,75,Glassware,4,1.95,20,7.8,10.5,True,1,0,0.302,4,23.0,39.9,Winter,Saturday,True
2025-01-11,Lunch,57,True,0.851,166,Cutlery,4,1.98,45,7.9,8.4,True,1,0,0.3,4,27.8,36.7,Winter,Saturday,True
2025-01-11,Lunch,57,True,0.851,19,Cookware,2,2.56,10,5.1,11.8,False,0,0,0.25,4,9.6,21.0,Winter,Saturday,True
2025-01-11,Dinner,123,True,0.851,276,Plates,12,1.97,24,23.6,26.6,True,14,0,1.173,4,68.2,134.1,Winter,Saturday,True
2025-01-11,Dinner,123,True,0.851,175,Glassware,9,1.9,20,17.1,15.7,True,6,0,0.861,4,47.9,92.3,Winter,Saturday,True
2025-01-11,Dinner,123,True,0.851,340,Cutlery,8,1.99,45,15.9,11.9,True,10,1,0.779,4,56.6,84.9,Winter,Saturday,True
2025-01-11,Dinner,123,True,0.851,26,Cookware,3,2.58,10,7.7,11.6,False,0,0,0.348,4,12.7,30.7,Winter,Saturday,True
2025-01-12,Breakfast,107,False,0.922,232,Plates,10,2.26,24,22.6,12.5,True,5,0,0.899,3,57.2,101.7,Winter,Sunday,False
2025-01-12,Breakfast,107,False,0.922,145,Glassware,8,1.84,20,14.8,3.5,True,6,0,0.551,3,41.3,89.4,Winter,Sunday,False
2025-01-12,Breakfast,107,False,0.922,298,Cutlery,7,2.2,45,15.4,5.6,True,5,1,0.6,3,49.9,73.8,Winter,Sunday,False
2025-01-12,Breakfast,107,False,0.922,23,Cookware,3,2.37,10,7.1,3.3,True,2,0,0.25,3,13.1,27.8,Winter,Sunday,False
2025-01-12,Lunch,58,False,0.922,140,Plates,6,2.28,24,13.7,2.3,True,2,0,0.547,3,35.8,54.0,Winter,Sunday,False
2025-01-12,Lunch,58,False,0.922,76,Glassware,4,2.09,20,8.3,0.0,True,1,0,0.326,3,21.0,42.0,Winter,Sunday,False
2025-01-12,Lunch,58,False,0.922,169,Cutlery,4,2.21,45,8.8,0.6,True,1,0,0.342,3,29.0,37.7,Winter,Sunday,False
2025-01-12,Lunch,58,False,0.922,10,Cookware,1,2.44,10,2.4,2.9,False,0,0,0.25,3,4.7,9.7,Winter,Sunday,False
2025-01-12,Dinner,105,False,0.922,227,Plates,10,2.28,24,22.8,14.7,True,6,0,1.117,3,52.7,91.3,Winter,Sunday,True
2025-01-12,Dinner,105,False,0.922,141,Glassware,8,2.16,20,17.3,10.5,True,3,1,0.789,3,44.7,83.5,Winter,Sunday,True
2025-01-12,Dinner,105,False,0.922,297,Cutlery,7,2.1,45,14.7,2.9,True,8,0,0.718,3,52.3,74.6,Winter,Sunday,True
2025-01-12,Dinner,105,False,0.922,16,Cookware,2,2.49,10,5.0,7.7,True,1,0,0.25,3,8.5,17.0,Winter,Sunday,True
2025-01-13,Breakfast,94,False,0.98,198,Plates,9,2.06,24,18.5,5.4,True,5,0,0.699,3,45.6,93.0,Winter,Monday,False
2025-01-13,Breakfast,94,False,0.98,129,Glassware,7,2.25,20,15.7,0.0,True,1,0,0.597,3,40.0,90.3,Winter,Monday,False
2025-01-13,Breakfast,94,False,0.98,257,Cutlery,6,2.06,45,12.4,2.7,True,1,1,0.484,3,43.3,59.0,Winter,Monday,False
2025-01-13,Breakfast,94,False,0.98,15,Cookware,2,2.22,10,4.4,5.2,False,0,0,0.25,3,8.5,18.7,Winter,Monday,False
2025-01-13,Lunch,74,False,0.98,172,Plates,8,2.1,24,16.8,7.8,True,6,0,0.619,3,48.4,85.7,Winter,Monday,False
2025-01-13,Lunch,74,False,0.98,120,Glassware,6,2.29,20,13.7,0.0,True,1,1,0.565,3,32.8,62.1,Winter,Monday,False
2025-01-13,Lunch,74,False,0.98,207,Cutlery,5,2.01,45,10.1,3.3,True,3,0,0.381,3,35.4,49.4,Winter,Monday,False
2025-01-13,Lunch,74,False,0.98,21,Cookware,3,2.46,10,7.4,0.0,True,1,0,0.25,3,14.1,29.2,Winter,Monday,False
2025-01-13,Dinner,98,False,0.98,215,Plates,9,2.25,24,20.3,16.8,True,6,0,1.046,3,48.1,96.3,Winter,Monday,True
2025-01-13,Dinner,98,False,0.98,147,Glassware,8,2.08,20,16.6,5.2,True,3,0,0.792,3,42.2,95.5,Winter,Monday,True
2025-01-13,Dinner,98,False,0.98,280,Cutlery,7,2.27,45,15.9,3.3,True,6,0,0.734,3,51.1,69.5,Winter,Monday,True
2025-01-13,Dinner,98,False,0.98,27,Cookware,3,2.47,10,7.4,3.9,False,0,0,0.346,3,12.6,34.6,Winter,Monday,True
2025-01-14,Breakfast,95,False,0.835,197,Plates,9,2.15,24,19.3,8.9,True,1,0,0.725,3,48.7,77.1,Winter,Tuesday,False
2025-01-14,Breakfast,95,False,0.835,129,Glassware,7,2.22,20,15.5,3.6,True,4,0,0.589,3,38.7,70.1,Winter,Tuesday,False
2025-01-14,Breakfast,95,False,0.835,269,Cutlery,6,2.26,45,13.5,8.7,True,1,1,0.555,3,44.3,54.8,Winter,Tuesday,False
2025-01-14,Breakfast,95,False,0.835,19,Cookware,2,2.58,10,5.2,4.7,False,0,0,0.25,3,8.7,16.5,Winter,Tuesday,False
2025-01-14,Lunch,81,False,0.835,186,Plates,8,2.27,24,18.1,6.7,True,4,1,0.723,3,40.1,83.8,Winter,Tuesday,False
2025-01-14,Lunch,81,False,0.835,104,Glassware,6,2.12,20,12.7,0.0,False,0,0,0.454,3,32.2,48.6,Winter,Tuesday,False
2025-01-14,Lunch,81,False,0.835,226,Cutlery,6,1.92,45,11.5,0.4,True,3,0,0.398,3,39.7,58.2,Winter,Tuesday,False
2025-01-14,Lunch,81,False,0.835,26,Cookware,3,2.29,10,6.9,7.7,True,1,0,0.25,3,14.3,31.5,Winter,Tuesday,False
2025-01-14,Dinner,95,False,0.835,214,Plates,9,1.88,24,16.9,5.3,True,1,1,0.871,3,51.8,90.8,Winter,Tuesday,True
2025-01-14,Dinner,95,False,0.835,136,Glassware,7,2.09,20,14.6,6.2,True,2,0,0.737,3,37.4,71.3,Winter,Tuesday,True
2025-01-14,Dinner,95,False,0.835,270,Cutlery,6,1.94,45,11.6,2.3,True,6,1,0.603,3,43.2,60.5,Winter,Tuesday,True
2025-01-14,Dinner,95,False,0.835,5,Cookware,1,2.43,10,2.4,7.6,False,0,0,0.25,3,4.0,11.2,Winter,Tuesday,True
2025-01-15,Breakfast,77,False,0.91,174,Plates,8,2.13,24,17.0,5.7,True,5,0,0.635,3,44.9,89.4,Winter,Wednesday,False
2025-01-15,Breakfast,77,False,0.91,96,Glassware,5,2.05,20,10.2,3.7,True,3,0,0.404,3,27.1,59.9,Winter,Wednesday,False
2025-01-15,Breakfast,77,False,0.91,220,Cutlery,5,1.81,45,9.1,1.0,True,3,2,0.365,3,36.7,57.0,Winter,Wednesday,False
2025-01-15,Breakfast,77,False,0.91,19,Cookware,2,2.36,10,4.7,5.5,False,0,0,0.25,3,8.9,22.7,Winter,Wednesday,False
2025-01-15,Lunch,55,False,0.91,122,Plates,6,2.37,24,14.2,3.7,True,2,0,0.496,3,33.7,62.4,Winter,Wednesday,False
2025-01-15,Lunch,55,False,0.91,71,Glassware,4,1.95,20,7.8,1.8,True,2,0,0.285,3,21.4,37.2,Winter,Wednesday,False
2025-01-15,Lunch,55,False,0.91,155,Cutlery,4,2.26,45,9.0,4.5,True,6,0,0.321,3,28.6,35.1,Winter,Wednesday,False
2025-01-15,Lunch,55,False,0.91,22,Cookware,3,2.6,10,7.8,2.4,True,1,0,0.25,3,13.0,32.0,Winter,Wednesday,False
2025-01-15,Dinner,121,False,0.91,275,Plates,12,1.83,24,22.0,18.9,True,6,0,1.088,3,65.6,130.0,Winter,Wednesday,True
2025-01-15,Dinner,121,False,0.91,170,Glassware,9,1.88,20,16.9,3.1,True,5,0,0.828,3,47.6,107.8,Winter,Wednesday,True
2025-01-15,Dinner,121,False,0.91,345,Cutlery,8,2.1,45,16.8,9.2,True,6,0,0.835,3,56.8,77.2,Winter,Wednesday,True
2025-01-15,Dinner,121,False,0.91,22,Cookware,3,2.53,10,7.6,7.8,False,0,0,0.289,3,13.1,29.0,Winter,Wednesday,True
2025-01-16,Breakfast,83,False,0.756,182,Plates,8,2.24,24,17.9,0.0,True,2,0,0.7,3,46.3,58.3,Winter,Thursday,False
2025-01-16,Breakfast,83,False,0.756,112,Glassware,6,2.1,20,12.6,0.0,False,0,0,0.485,3,33.9,58.7,Winter,Thursday,False
2025-01-16,Breakfast,83,False,0.756,229,Cutlery,6,1.84,45,11.0,0.4,True,5,0,0.385,3,42.6,74.3,Winter,Thursday,False
2025-01-16,Breakfast,83,False,0.756,23,Cookware,3,2.5,10,7.5,1.1,True,1,0,0.25,3,12.0,29.6,Winter,Thursday,False
2025-01-16,Lunch,44,False,0.756,92,Plates,4,2.05,24,8.2,3.6,True,1,0,0.323,3,24.7,38.4,Winter,Thursday,False
2025-01-16,Lunch,44,False,0.756,55,Glassware,3,2.0,20,6.0,1.9,True,2,0,0.25,3,14.7,32.3,Winter,Thursday,False
2025-01-16,Lunch,44,False,0.756,121,Cutlery,3,2.2,45,6.6,0.8,True,1,0,0.25,3,20.4,30.9,Winter,Thursday,False
2025-01-16,Lunch,44,False,0.756,12,Cookware,2,2.44,10,4.9,8.7,False,0,0,0.25,3,8.4,22.7,Winter,Thursday,False
2025-01-16,Dinner,103,False,0.756,235,Plates,10,2.03,24,20.3,10.3,True,2,2,1.028,3,60.3,104.5,Winter,Thursday,True
2025-01-16,Dinner,103,False,0.756,140,Glassware,7,1.97,20,13.8,0.7,True,2,0,0.715,3,38.4,67.9,Winter,Thursday,True
2025-01-16,Dinner,103,False,0.756,279,Cutlery,7,2.28,45,16.0,0.2,True,4,0,0.733,3,50.2,70.7,Winter,Thursday,True
2025-01-16,Dinner,103,False,0.756,22,Cookware,3,2.27,10,6.8,4.0,False,0,0,0.259,3,13.7,29.0,Winter,Thursday,True
2025-01-17,Breakfast,91,False,0.875,200,Plates,9,2.0,24,18.0,2.0,True,5,0,0.688,3,51.6,100.4,Winter,Friday,False
2025-01-17,Breakfast,91,False,0.875,130,Glassware,7,2.07,20,14.5,1.0,True,4,0,0.554,3,37.9,81.7,Winter,Friday,False
2025-01-17,Breakfast,91,False,0.875,254,Cutlery,6,2.01,45,12.1,5.2,True,7,0,0.467,3,42.3,64.4,Winter,Friday,False
2025-01-17,Breakfast,91,False,0.875,24,Cookware,3,2.16,10,6.5,4.9,True,1,0,0.25,3,13.9,32.2,Winter,Friday,False
2025-01-17,Lunch,56,False,0.875,124,Plates,6,2.05,24,12.3,0.1,True,2,1,0.435,3,31.5,64.1,Winter,Friday,False
2025-01-17,Lunch,56,False,0.875,73,Glassware,4,2.26,20,9.0,3.0,True,1,0,0.34,3,22.1,33.5,Winter,Friday,False
2025-01-17,Lunch,56,False,0.875,158,Cutlery,4,2.16,45,8.6,5.5,True,3,0,0.312,3,28.1,32.1,Winter,Friday,False
2025-01-17,Lunch,56,False,0.875,13,Cookware,2,2.4,10,4.8,1.2,False,0,0,0.25,3,8.9,22.4,Winter,Friday,False
2025-01-17,Dinner,118,False,0.875,255,Plates,11,2.01,24,22.1,19.2,True,7,0,1.105,3,60.2,101.8,Winter,Friday,True
2025-01-17,Dinner,118,False,0.875,168,Glassware,9,2.05,20,18.5,10.7,False,0,0,0.894,3,48.1,84.2,Winter,Friday,True
2025-01-17,Dinner,118,False,0.875,321,Cutlery,8,2.0,45,16.0,1.3,True,6,2,0.739,3,56.2,81.4,Winter,Friday,True
2025-01-17,Dinner,118,False,0.875,14,Cookware,2,2.36,10,4.7,0.6,True,1,0,0.25,3,9.1,19.5,Winter,Friday,True
2025-01-18,Breakfast,94,False,0.915,214,Plates,9,2.11,24,19.0,7.4,True,1,1,0.775,3,51.4,97.5,Winter,Saturday,False
2025-01-18,Breakfast,94,False,0.915,122,Glassware,7,2.12,20,14.8,5.8,True,1,0,0.532,3,34.8,82.0,Winter,Saturday,False
2025-01-18,Breakfast,94,False,0.915,259,Cutlery,6,2.26,45,13.5,2.6,True,3,0,0.534,3,44.0,59.7,Winter,Saturday,False
2025-01-18,Breakfast,94,False,0.915,25,Cookware,3,2.4,10,7.2,1.7,True,1,0,0.25,3,12.6,27.4,Winter,Saturday,False
2025-01-18,Lunch,55,False,0.915,118,Plates,5,2.29,24,11.4,4.9,False,0,0,0.463,3,27.6,51.0,Winter,Saturday,False
2025-01-18,Lunch,55,False,0.915,78,Glassware,4,2.11,20,8.4,5.4,True,1,0,0.339,3,23.7,44.3,Winter,Saturday,False
2025-01-18,Lunch,55,False,0.915,153,Cutlery,4,2.12,45,8.5,6.2,True,2,1,0.297,3,28.2,41.0,Winter,Saturday,False
2025-01-18,Lunch,55,False,0.915,15,Cookware,2,2.76,10,5.5,0.5,True,1,0,0.25,3,9.2,21.7,Winter,Saturday,False
2025-01-18,Dinner,114,False,0.915,253,Plates,11,2.37,24,26.0,21.7,True,4,0,1.25,3,63.8,118.0,Winter,Saturday,True
2025-01-18,Dinner,114,False,0.915,176,Glassware,9,2.13,20,19.1,10.3,True,4,0,0.971,3,47.9,95.9,Winter,Saturday,True
2025-01-18,Dinner,114,False,0.915,307,Cutlery,7,2.04,45,14.3,4.5,True,3,0,0.722,3,51.1,74.0,Winter,Saturday,True
2025-01-18,Dinner,114,False,0.915,33,Cookware,4,2.36,10,9.4,0.0,True,2,0,0.403,3,17.0,36.4,Winter,Saturday,True
2025-01-19,Breakfast,85,False,0.85,176,Plates,8,2.05,24,16.4,0.0,True,1,0,0.62,3,40.2,95.7,Winter,Sunday,False
2025-01-19,Breakfast,85,False,0.85,106,Glassware,6,2.14,20,12.9,5.9,True,2,1,0.468,3,30.5,58.1,Winter,Sunday,False
2025-01-19,Breakfast,85,False,0.85,249,Cutlery,6,2.41,45,14.4,0.0,True,5,0,0.548,3,42.5,47.9,Winter,Sunday,False
2025-01-19,Breakfast,85,False,0.85,22,Cookware,3,2.27,10,6.8,3.8,True,2,0,0.25,3,14.1,26.7,Winter,Sunday,False
2025-01-19,Lunch,54,False,0.85,107,Plates,5,2.15,24,10.7,3.8,True,1,0,0.394,3,28.4,52.3,Winter,Sunday,False
2025-01-19,Lunch,54,False,0.85,79,Glassware,4,1.99,20,8.0,8.9,False,0,0,0.324,3,22.3,34.4,Winter,Sunday,False
2025-01-19,Lunch,54,False,0.85,145,Cutlery,4,2.02,45,8.1,4.7,True,4,0,0.268,3,26.7,38.4,Winter,Sunday,False
2025-01-19,Lunch,54,False,0.85,7,Cookware,1,2.26,10,2.3,0.0,False,0,0,0.25,3,4.3,9.5,Winter,Sunday,False
2025-01-19,Dinner,107,False,0.85,233,Plates,10,2.03,24,20.3,12.6,True,5,0,1.021,3,55.3,97.0,Winter,Sunday,True
2025-01-19,Dinner,107,False,0.85,156,Glassware,8,1.96,20,15.7,4.3,True,6,0,0.793,3,43.8,76.3,Winter,Sunday,True
2025-01-19,Dinner,107,False,0.85,301,Cutlery,7,2.02,45,14.2,4.3,True,7,1,0.702,3,50.1,61.4,Winter,Sunday,True
2025-01-19,Dinner,107,False,0.85,28,Cookware,3,2.44,10,7.3,0.4,False,0,0,0.354,3,14.2,27.6,Winter,Sunday,True
2025-01-20,Breakfast,59,False,0.819,141,Plates,6,2.11,24,12.7,1.5,True,1,0,0.511,3,31.7,62.8,Winter,Monday,False
2025-01-20,Breakfast,59,False,0.819,76,Glassware,4,2.05,20,8.2,6.1,True,2,0,0.32,3,21.8,38.4,Winter,Monday,False
2025-01-20,Breakfast,59,False,0.819,172,Cutlery,4,2.2,45,8.8,3.2,True,1,1,0.346,3,29.7,46.4,Winter,Monday,False
2025-01-20,Breakfast,59,False,0.819,5,Cookware,1,2.38,10,2.4,0.0,False,0,0,0.25,3,4.4,10.0,Winter,Monday,False
2025-01-20,Lunch,75,False,0.819,162,Plates,7,2.37,24,16.6,0.7,True,1,1,0.66,3,40.0,65.5,Winter,Monday,False
2025-01-20,Lunch,75,False,0.819,104,Glassware,6,2.01,20,12.1,4.8,True,1,0,0.431,3,31.4,59.1,Winter,Monday,False
2025-01-20,Lunch,75,False,0.819,214,Cutlery,5,2.06,45,10.3,2.0,True,3,0,0.404,3,36.2,43.4,Winter,Monday,False
2025-01-20,Lunch,75,False,0.819,9,Cookware,1,2.34,10,2.3,0.6,True,1,0,0.25,3,4.7,9.2,Winter,Monday,False
2025-01-20,Dinner,108,False,0.819,234,Plates,10,2.11,24,21.1,13.2,True,6,0,1.066,3,60.6,86.1,Winter,Monday,True
2025-01-20,Dinner,108,False,0.819,147,Glassware,8,2.05,20,16.4,3.1,True,3,0,0.781,3,40.7,84.1,Winter,Monday,True
2025-01-20,Dinner,108,False,0.819,289,Cutlery,7,2.44,45,17.1,12.0,True,6,0,0.812,3,48.5,71.0,Winter,Monday,True
2025-01-20,Dinner,108,False,0.819,14,Cookware,2,2.35,10,4.7,2.5,False,0,0,0.25,3,9.2,17.5,Winter,Monday,True
2025-01-21,Breakfast,76,False,0.791,156,Plates,7,2.2,24,15.4,4.0,True,3,1,0.588,3,39.4,67.4,Winter,Tuesday,False
2025-01-21,Breakfast,76,False,0.791,110,Glassware,6,2.06,20,12.3,0.0,True,3,0,0.466,3,30.8,70.1,Winter,Tuesday,False
2025-01-21,Breakfast,76,False,0.791,221,Cutlery,5,2.16,45,10.8,1.6,True,3,0,0.436,3,37.6,60.4,Winter,Tuesday,False
2025-01-21,Breakfast,76,False,0.791,18,Cookware,2,2.78,10,5.6,2.2,True,2,0,0.25,3,9.4,22.8,Winter,Tuesday,False
2025-01-21,Lunch,64,False,0.791,137,Plates,6,2.18,24,13.1,9.0,True,4,0,0.513,3,32.9,65.5,Winter,Tuesday,False
2025-01-21,Lunch,64,False,0.791,87,Glassware,5,1.99,20,9.9,0.2,False,0,0,0.356,3,24.1,45.2,Winter,Tuesday,False
2025-01-21,Lunch,64,False,0.791,186,Cutlery,5,2.16,45,10.8,11.7,True,2,1,0.368,3,32.8,50.5,Winter,Tuesday,False
2025-01-21,Lunch,64,False,0.791,20,Cookware,2,2.46,10,4.9,4.9,False,0,0,0.25,3,9.1,15.0,Winter,Tuesday,False
2025-01-21,Dinner,115,False,0.791,249,Plates,11,2.16,24,23.8,18.1,True,11,0,1.164,3,64.7,109.6,Winter,Tuesday,True
2025-01-21,Dinner,115,False,0.791,155,Glassware,8,2.08,20,16.6,11.6,True,1,0,0.835,3,41.2,76.8,Winter,Tuesday,True
2025-01-21,Dinner,115,False,0.791,318,Cutlery,8,2.1,45,16.8,6.8,True,6,1,0.768,3,55.5,85.7,Winter,Tuesday,True
2025-01-21,Dinner,115,False,0.791,27,Cookware,3,2.53,10,7.6,3.3,True,2,0,0.354,3,12.4,31.3,Winter,Tuesday,True
2025-01-22,Breakfast,71,True,0.857,154,Plates,7,2.05,24,14.4,11.8,True,4,0,0.542,4,42.5,70.7,Winter,Wednesday,True
2025-01-22,Breakfast,71,True,0.857,101,Glassware,6,1.79,20,10.7,9.8,False,0,0,0.372,4,32.7,67.5,Winter,Wednesday,True
2025-01-22,Breakfast,71,True,0.857,202,Cutlery,5,2.14,45,10.7,13.4,True,3,0,0.396,4,36.6,42.7,Winter,Wednesday,True
2025-01-22,Breakfast,71,True,0.857,5,Cookware,1,2.71,10,2.7,13.5,False,0,0,0.25,4,4.1,9.6,Winter,Wednesday,True
2025-01-22,Lunch,65,True,0.857,141,Plates,6,2.01,24,12.0,13.5,False,0,0,0.485,4,34.2,58.9,Winter,Wednesday,True
2025-01-22,Lunch,65,True,0.857,92,Glassware,5,2.19,20,11.0,13.7,True,3,0,0.415,4,25.5,56.2,Winter,Wednesday,True
2025-01-22,Lunch,65,True,0.857,176,Cutlery,4,2.1,45,8.4,14.3,True,2,1,0.338,4,28.8,36.9,Winter,Wednesday,True
2025-01-22,Lunch,65,True,0.857,16,Cookware,2,2.46,10,4.9,15.5,False,0,0,0.25,4,9.1,22.3,Winter,Wednesday,True
2025-01-22,Dinner,128,True,0.857,282,Plates,12,2.03,24,24.3,26.7,True,10,0,1.235,5,70.0,119.8,Winter,Wednesday,True
2025-01-22,Dinner,128,True,0.857,167,Glassware,9,2.11,20,19.0,19.4,True,3,1,0.916,5,49.8,88.0,Winter,Wednesday,True
2025-01-22,Dinner,128,True,0.857,347,Cutlery,8,1.99,45,15.9,15.6,True,2,1,0.794,5,56.9,87.7,Winter,Wednesday,True
2025-01-22,Dinner,128,True,0.857,20,Cookware,2,2.55,10,5.1,9.9,True,1,0,0.265,5,9.0,21.2,Winter,Wednesday,True
2025-01-23,Breakfast,87,False,0.918,189,Plates,8,2.21,24,17.7,2.9,True,6,0,0.716,3,44.9,71.0,Winter,Thursday,False
2025-01-23,Breakfast,87,False,0.918,128,Glassware,7,2.38,20,16.7,2.9,True,2,0,0.627,3,38.1,75.8,Winter,Thursday,False
2025-01-23,Breakfast,87,False,0.918,250,Cutlery,6,2.07,45,12.4,5.6,True,4,0,0.475,3,43.4,55.8,Winter,Thursday,False
2025-01-23,Breakfast,87,False,0.918,23,Cookware,3,2.17,10,6.5,0.0,False,0,0,0.25,3,12.8,30.9,Winter,Thursday,False
2025-01-23,Lunch,62,False,0.918,136,Plates,6,2.11,24,12.6,1.9,True,2,0,0.491,3,34.4,65.4,Winter,Thursday,False
2025-01-23,Lunch,62,False,0.918,79,Glassware,4,1.98,20,7.9,7.1,True,1,0,0.321,3,21.4,37.7,Winter,Thursday,False
2025-01-23,Lunch,62,False,0.918,174,Cutlery,4,1.97,45,7.9,0.0,True,3,0,0.314,3,29.1,40.9,Winter,Thursday,False
2025-01-23,Lunch,62,False,0.918,11,Cookware,2,2.5,10,5.0,5.8,False,0,0,0.25,3,8.0,19.4,Winter,Thursday,False
2025-01-23,Dinner,106,False,0.918,235,Plates,10,1.83,24,18.3,16.3,True,1,0,0.93,3,57.3,93.3,Winter,Thursday,True
2025-01-23,Dinner,106,False,0.918,172,Glassware,9,2.15,20,19.3,8.7,True,3,0,0.958,3,49.6,106.5,Winter,Thursday,True
2025-01-23,Dinner,106,False,0.918,296,Cutlery,7,1.9,45,13.3,1.6,True,6,0,0.647,3,46.6,79.5,Winter,Thursday,True
2025-01-23,Dinner,106,False,0.918,22,Cookware,3,2.66,10,8.0,0.0,False,0,0,0.304,3,12.9,28.1,Winter,Thursday,True
2025-01-24,Breakfast,85,False,0.919,192,Plates,8,2.03,24,16.2,2.8,True,2,0,0.667,3,44.2,76.9,Winter,Friday,False
2025-01-24,Breakfast,85,False,0.919,126,Glassware,7,2.12,20,14.9,1.1,True,6,0,0.551,3,35.9,71.7,Winter,Friday,False
2025-01-24,Breakfast,85,False,0.919,250,Cutlery,6,1.99,45,11.9,6.2,True,4,0,0.454,3,43.8,61.9,Winter,Friday,False
2025-01-24,Breakfast,85,False,0.919,11,Cookware,2,2.26,10,4.5,0.0,True,1,0,0.25,3,7.5,21.8,Winter,Friday,False
2025-01-24,Lunch,82,False,0.919,188,Plates,8,1.99,24,15.9,5.8,True,4,0,0.641,3,42.9,84.2,Winter,Friday,False
2025-01-24,Lunch,82,False,0.919,122,Glassware,7,2.29,20,16.0,0.0,True,2,1,0.575,3,35.3,78.3,Winter,Friday,False
2025-01-24,Lunch,82,False,0.919,229,Cutlery,6,2.02,45,12.1,2.4,True,5,0,0.424,3,38.7,64.6,Winter,Friday,False
2025-01-24,Lunch,82,False,0.919,15,Cookware,2,2.57,10,5.1,5.8,False,0,0,0.25,3,8.3,20.7,Winter,Friday,False
2025-01-24,Dinner,112,False,0.919,241,Plates,11,2.09,24,23.0,12.2,True,8,0,1.091,3,63.3,114.3,Winter,Friday,True
2025-01-24,Dinner,112,False,0.919,150,Glassware,8,2.45,20,19.6,9.9,True,7,1,0.952,3,43.8,96.4,Winter,Friday,True
2025-01-24,Dinner,112,False,0.919,322,Cutlery,8,2.11,45,16.9,8.8,True,9,0,0.783,3,55.0,77.2,Winter,Friday,True
2025-01-24,Dinner,112,False,0.919,42,Cookware,5,2.56,10,12.8,6.9,True,3,0,0.558,3,22.2,45.1,Winter,Friday,True
2025-01-25,Breakfast,82,False,0.826,187,Plates,8,2.12,24,17.0,0.9,True,3,1,0.681,3,45.5,89.7,Winter,Saturday,False
2025-01-25,Breakfast,82,False,0.826,124,Glassware,7,1.85,20,12.9,1.1,True,1,0,0.472,3,36.9,79.5,Winter,Saturday,False
2025-01-25,Breakfast,82,False,0.826,219,Cutlery,5,1.97,45,9.9,3.2,True,4,0,0.396,3,37.0,46.5,Winter,Saturday,False
2025-01-25,Breakfast,82,False,0.826,27,Cookware,3,2.51,10,7.5,1.7,False,0,0,0.279,3,12.5,33.1,Winter,Saturday,False
2025-01-25,Lunch,55,False,0.826,118,Plates,5,2.1,24,10.5,3.5,True,3,0,0.426,3,29.5,61.0,Winter,Saturday,False
2025-01-25,Lunch,55,False,0.826,72,Glassware,4,2.09,20,8.3,2.0,True,1,0,0.309,3,19.5,33.6,Winter,Saturday,False
2025-01-25,Lunch,55,False,0.826,156,Cutlery,4,2.17,45,8.7,0.0,True,4,0,0.309,3,27.6,41.1,Winter,Saturday,False
2025-01-25,Lunch,55,False,0.826,15,Cookware,2,2.77,10,5.5,3.1,False,0,1,0.25,3,9.0,14.0,Winter,Saturday,False
2025-01-25,Dinner,109,False,0.826,250,Plates,11,1.78,24,19.6,13.0,True,4,1,0.961,3,63.7,117.6,Winter,Saturday,True
2025-01-25,Dinner,109,False,0.826,135,Glassware,7,1.98,20,13.8,3.4,True,1,0,0.692,3,37.9,77.9,Winter,Saturday,True
2025-01-25,Dinner,109,False,0.826,300,Cutlery,7,2.16,45,15.1,7.0,True,8,0,0.745,3,51.1,73.0,Winter,Saturday,True
2025-01-25,Dinner,109,False,0.826,22,Cookware,3,2.19,10,6.6,0.0,True,1,0,0.25,3,14.0,27.0,Winter,Saturday,True
2025-01-26,Breakfast,92,False,0.864,201,Plates,9,1.95,24,17.5,7.2,True,1,1,0.671,3,49.1,86.2,Winter,Sunday,False
2025-01-26,Breakfast,92,False,0.864,126,Glassware,7,2.17,20,15.2,7.6,True,4,1,0.564,3,35.5,75.2,Winter,Sunday,False
2025-01-26,Breakfast,92,False,0.864,262,Cutlery,6,2.09,45,12.5,1.1,True,3,1,0.5,3,46.2,58.8,Winter,Sunday,False
2025-01-26,Breakfast,92,False,0.864,19,Cookware,2,2.43,10,4.9,6.3,False,0,0,0.25,3,9.0,19.7,Winter,Sunday,False
2025-01-26,Lunch,78,False,0.864,167,Plates,7,2.29,24,16.0,2.4,True,4,0,0.656,3,39.5,68.6,Winter,Sunday,False
2025-01-26,Lunch,78,False,0.864,105,Glassware,6,2.37,20,14.2,0.0,True,4,0,0.513,3,29.3,63.1,Winter,Sunday,False
2025-01-26,Lunch,78,False,0.864,227,Cutlery,6,2.07,45,12.4,2.3,True,6,0,0.43,3,42.2,60.0,Winter,Sunday,False
2025-01-26,Lunch,78,False,0.864,22,Cookware,3,2.44,10,7.3,2.6,False,0,0,0.25,3,12.4,26.7,Winter,Sunday,False
2025-01-26,Dinner,85,False,0.864,198,Plates,9,2.04,24,18.4,3.8,True,6,0,0.872,3,51.3,79.1,Winter,Sunday,True
2025-01-26,Dinner,85,False,0.864,113,Glassware,6,2.24,20,13.4,3.8,False,0,0,0.656,3,32.7,63.3,Winter,Sunday,True
2025-01-26,Dinner,85,False,0.864,241,Cutlery,6,2.13,45,12.8,2.3,True,6,0,0.592,3,43.0,54.5,Winter,Sunday,True
2025-01-26,Dinner,85,False,0.864,5,Cookware,1,2.28,10,2.3,3.1,True,1,0,0.25,3,4.1,9.6,Winter,Sunday,True
2025-01-27,Breakfast,86,False,0.832,195,Plates,9,2.14,24,19.3,6.5,True,4,0,0.716,3,49.9,94.4,Winter,Monday,False
2025-01-27,Breakfast,86,False,0.832,124,Glassware,7,2.07,20,14.5,3.9,True,4,0,0.528,3,36.2,71.8,Winter,Monday,False
2025-01-27,Breakfast,86,False,0.832,246,Cutlery,6,2.12,45,12.7,1.6,True,4,0,0.478,3,41.9,50.2,Winter,Monday,False
2025-01-27,Breakfast,86,False,0.832,10,Cookware,1,2.53,10,2.5,4.9,False,0,0,0.25,3,4.7,9.6,Winter,Monday,False
2025-01-27,Lunch,68,False,0.832,147,Plates,7,2.17,24,15.2,3.2,True,2,1,0.547,3,39.1,65.8,Winter,Monday,False
2025-01-27,Lunch,68,False,0.832,97,Glassware,5,2.32,20,11.6,1.4,True,1,1,0.464,3,28.1,43.3,Winter,Monday,False
2025-01-27,Lunch,68,False,0.832,193,Cutlery,5,1.94,45,9.7,3.7,True,2,1,0.343,3,34.2,61.9,Winter,Monday,False
2025-01-27,Lunch,68,False,0.832,11,Cookware,2,2.39,10,4.8,1.0,False,0,0,0.25,3,8.3,20.2,Winter,Monday,False
2025-01-27,Dinner,114,False,0.832,241,Plates,11,1.82,24,20.0,14.3,True,1,0,0.945,3,61.9,109.1,Winter,Monday,True
2025-01-27,Dinner,114,False,0.832,167,Glassware,9,2.1,20,18.9,6.1,True,2,0,0.909,3,46.8,97.3,Winter,Monday,True
2025-01-27,Dinner,114,False,0.832,314,Cutlery,7,2.02,45,14.2,3.8,True,7,0,0.732,3,54.5,75.6,Winter,Monday,True
2025-01-27,Dinner,114,False,0.832,28,Cookware,3,2.43,10,7.3,2.2,True,2,0,0.353,3,15.0,29.0,Winter,Monday,True
2025-01-28,Breakfast,102,False,0.98,228,Plates,10,2.08,24,20.8,1.2,True,6,0,0.814,3,57.5,94.8,Winter,Tuesday,False
2025-01-28,Breakfast,102,False,0.98,145,Glassware,8,2.15,20,17.2,0.0,True,4,0,0.641,3,43.0,82.4,Winter,Tuesday,False
2025-01-28,Breakfast,102,False,0.98,284,Cutlery,7,2.23,45,15.6,2.2,True,1,0,0.579,3,50.4,74.2,Winter,Tuesday,False
2025-01-28,Breakfast,102,False,0.98,25,Cookware,3,2.4,10,7.2,1.3,False,0,0,0.25,3,13.4,32.0,Winter,Tuesday,False
2025-01-28,Lunch,52,False,0.98,113,Plates,5,2.27,24,11.4,5.6,True,1,0,0.441,3,28.4,59.1,Winter,Tuesday,False
2025-01-28,Lunch,52,False,0.98,72,Glassware,4,2.02,20,8.1,5.3,True,3,1,0.299,3,21.0,44.5,Winter,Tuesday,False
2025-01-28,Lunch,52,False,0.98,139,Cutlery,4,2.26,45,9.0,0.0,False,0,0,0.287,3,25.2,49.0,Winter,Tuesday,False
2025-01-28,Lunch,52,False,0.98,14,Cookware,2,2.74,10,5.5,0.0,False,0,0,0.25,3,9.1,20.5,Winter,Tuesday,False
2025-01-28,Dinner,112,False,0.98,246,Plates,11,2.15,24,23.6,10.8,True,11,1,1.142,3,59.2,109.5,Winter,Tuesday,True
2025-01-28,Dinner,112,False,0.98,153,Glassware,8,1.9,20,15.2,5.0,True,2,0,0.754,3,39.9,84.9,Winter,Tuesday,True
2025-01-28,Dinner,112,False,0.98,326,Cutlery,8,2.13,45,17.0,4.7,True,5,0,0.8,3,57.6,96.3,Winter,Tuesday,True
2025-01-28,Dinner,112,False,0.98,33,Cookware,4,2.38,10,9.5,3.7,True,4,0,0.407,3,19.0,39.4,Winter,Tuesday,True
2025-01-29,Breakfast,86,False,0.861,188,Plates,8,2.23,24,17.9,1.7,True,3,1,0.72,3,47.3,73.7,Winter,Wednesday,False
2025-01-29,Breakfast,86,False,0.861,128,Glassware,7,2.0,20,14.0,1.4,True,3,0,0.528,3,36.5,60.9,Winter,Wednesday,False
2025-01-29,Breakfast,86,False,0.861,242,Cutlery,6,2.21,45,13.2,3.3,True,5,0,0.489,3,43.4,70.6,Winter,Wednesday,False
2025-01-29,Breakfast,86,False,0.861,15,Cookware,2,2.44,10,4.9,3.5,False,0,0,0.25,3,8.6,19.8,Winter,Wednesday,False
2025-01-29,Lunch,51,False,0.861,113,Plates,5,2.15,24,10.7,0.7,True,2,0,0.416,3,28.0,46.9,Winter,Wednesday,False
2025-01-29,Lunch,51,False,0.861,66,Glassware,4,1.99,20,7.9,0.0,False,0,0,0.27,3,20.9,38.8,Winter,Wednesday,False
2025-01-29,Lunch,51,False,0.861,149,Cutlery,4,2.31,45,9.2,4.3,True,2,0,0.315,3,27.0,39.0,Winter,Wednesday,False
2025-01-29,Lunch,51,False,0.861,9,Cookware,1,2.44,10,2.4,6.1,False,0,0,0.25,3,4.7,10.7,Winter,Wednesday,False
2025-01-29,Dinner,85,False,0.861,194,Plates,9,1.92,24,17.2,4.5,True,2,0,0.803,3,49.1,92.6,Winter,Wednesday,True
2025-01-29,Dinner,85,False,0.861,111,Glassware,6,2.01,20,12.1,0.4,True,1,1,0.58,3,31.9,62.6,Winter,Wednesday,True
2025-01-29,Dinner,85,False,0.861,242,Cutlery,6,2.06,45,12.4,9.8,True,4,1,0.574,3,43.9,54.9,Winter,Wednesday,True
2025-01-29,Dinner,85,False,0.861,14,Cookware,2,2.32,10,4.6,5.3,True,1,0,0.25,3,8.6,19.5,Winter,Wednesday,True
2025-01-30,Breakfast,91,False,0.944,193,Plates,9,2.13,24,19.2,0.0,True,1,2,0.706,3,46.2,104.8,Winter,Thursday,False
2025-01-30,Breakfast,91,False,0.944,128,Glassware,7,1.89,20,13.2,4.0,True,3,0,0.498,3,36.3,71.7,Winter,Thursday,False
2025-01-30,Breakfast,91,False,0.944,256,Cutlery,6,2.25,45,13.5,1.5,True,10,0,0.528,3,44.3,53.8,Winter,Thursday,False
2025-01-30,Breakfast,91,False,0.944,11,Cookware,2,2.56,10,5.1,3.3,False,0,0,0.25,3,8.7,20.2,Winter,Thursday,False
2025-01-30,Lunch,75,False,0.944,163,Plates,7,1.87,24,13.1,2.7,True,5,0,0.524,3,41.7,59.9,Winter,Thursday,False
2025-01-30,Lunch,75,False,0.944,98,Glassware,5,2.23,20,11.2,1.3,True,1,1,0.451,3,27.5,43.7,Winter,Thursday,False
2025-01-30,Lunch,75,False,0.944,213,Cutlery,5,2.09,45,10.5,5.0,True,3,0,0.408,3,37.3,42.2,Winter,Thursday,False
2025-01-30,Lunch,75,False,0.944,22,Cookware,3,2.18,10,6.5,5.0,True,1,0,0.25,3,13.7,34.7,Winter,Thursday,False
2025-01-30,Dinner,116,False,0.944,252,Plates,11,2.27,24,25.0,16.9,True,10,0,1.236,3,60.1,122.9,Winter,Thursday,True
2025-01-30,Dinner,116,False,0.944,173,Glassware,9,2.24,20,20.2,12.4,True,3,0,1.006,3,44.8,97.3,Winter,Thursday,True
2025-01-30,Dinner,116,False,0.944,331,Cutlery,8,2.08,45,16.7,3.1,True,6,0,0.794,3,59.3,74.7,Winter,Thursday,True
2025-01-30,Dinner,116,False,0.944,30,Cookware,3,2.41,10,7.2,4.8,True,3,0,0.375,3,13.5,25.9,Winter,Thursday,True
2025-01-31,Breakfast,91,False,0.828,182,Plates,8,2.06,24,16.5,4.1,True,4,0,0.644,3,43.8,71.8,Winter,Friday,False
2025-01-31,Breakfast,91,False,0.828,121,Glassware,7,1.83,20,12.8,3.2,True,1,0,0.455,3,34.9,68.6,Winter,Friday,False
2025-01-31,Breakfast,91,False,0.828,254,Cutlery,6,2.26,45,13.6,5.1,True,7,1,0.526,3,44.6,48.8,Winter,Friday,False
2025-01-31,Breakfast,91,False,0.828,14,Cookware,2,2.42,10,4.8,0.0,True,1,0,0.25,3,8.3,22.7,Winter,Friday,False
2025-01-31,Lunch,52,False,0.828,115,Plates,5,2.01,24,10.0,1.1,True,3,1,0.396,3,28.0,55.9,Winter,Friday,False
2025-01-31,Lunch,52,False,0.828,73,Glassware,4,2.07,20,8.3,4.5,True,1,0,0.311,3,21.1,41.9,Winter,Friday,False
2025-01-31,Lunch,52,False,0.828,154,Cutlery,4,2.18,45,8.7,0.0,True,2,0,0.307,3,28.2,45.4,Winter,Friday,False
2025-01-31,Lunch,52,False,0.828,20,Cookware,2,2.39,10,4.8,2.6,False,0,0,0.25,3,9.7,22.8,Winter,Friday,False
2025-01-31,Dinner,117,False,0.828,261,Plates,11,1.9,24,20.9,14.9,True,7,1,1.074,3,61.1,109.1,Winter,Friday,True
2025-01-31,Dinner,117,False,0.828,181,Glassware,10,2.14,20,21.4,10.1,True,2,0,1.004,3,53.9,109.0,Winter,Friday,True
2025-01-31,Dinner,117,False,0.828,322,Cutlery,8,2.17,45,17.4,4.6,True,7,1,0.805,3,55.3,85.3,Winter,Friday,True
2025-01-31,Dinner,117,False,0.828,21,Cookware,3,2.53,10,7.6,3.4,True,1,0,0.275,3,12.9,28.3,Winter,Friday,True
2025-02-01,Breakfast,98,False,0.849,230,Plates,10,1.96,24,19.6,4.6,True,7,0,0.773,3,55.3,84.3,Winter,Saturday,False
2025-02-01,Breakfast,98,False,0.849,131,Glassware,7,2.25,20,15.7,4.2,True,5,1,0.606,3,39.0,71.4,Winter,Saturday,False
2025-02-01,Breakfast,98,False,0.849,265,Cutlery,6,2.25,45,13.5,3.0,True,1,1,0.546,3,44.7,63.9,Winter,Saturday,False
2025-02-01,Breakfast,98,False,0.849,15,Cookware,2,2.54,10,5.1,0.0,False,0,0,0.25,3,9.2,21.0,Winter,Saturday,False
2025-02-01,Lunch,45,False,0.849,97,Plates,5,2.16,24,10.8,4.9,True,1,0,0.36,3,29.2,43.8,Winter,Saturday,False
2025-02-01,Lunch,45,False,0.849,67,Glassware,4,2.26,20,9.1,4.0,True,2,0,0.312,3,21.4,38.0,Winter,Saturday,False
2025-02-01,Lunch,45,False,0.849,127,Cutlery,3,2.15,45,6.4,8.5,True,1,0,0.25,3,21.4,29.6,Winter,Saturday,False
2025-02-01,Lunch,45,False,0.849,12,Cookware,2,2.26,10,4.5,0.4,False,0,0,0.25,3,8.3,17.3,Winter,Saturday,False
2025-02-01,Dinner,83,False,0.849,179,Plates,8,2.47,24,19.8,4.8,True,7,0,0.957,3,46.5,67.7,Winter,Saturday,True
2025-02-01,Dinner,83,False,0.849,120,Glassware,6,2.14,20,12.9,3.1,False,0,0,0.667,3,36.0,73.1,Winter,Saturday,True
2025-02-01,Dinner,83,False,0.849,227,Cutlery,6,2.02,45,12.1,1.7,True,4,1,0.528,3,40.5,53.1,Winter,Saturday,True
2025-02-01,Dinner,83,False,0.849,25,Cookware,3,2.56,10,7.7,0.0,True,2,0,0.332,3,12.0,30.0,Winter,Saturday,True
2025-02-02,Breakfast,82,False,0.908,177,Plates,8,2.2,24,17.6,3.8,True,2,0,0.668,3,43.0,76.7,Winter,Sunday,False
2025-02-02,Breakfast,82,False,0.908,105,Glassware,6,2.19,20,13.2,4.7,True,4,0,0.474,3,31.3,63.1,Winter,Sunday,False
2025-02-02,Breakfast,82,False,0.908,239,Cutlery,6,2.21,45,13.2,1.9,True,6,1,0.482,3,41.9,60.2,Winter,Sunday,False
2025-02-02,Breakfast,82,False,0.908,19,Cookware,2,2.4,10,4.8,0.0,True,1,0,0.25,3,8.6,21.6,Winter,Sunday,False
2025-02-02,Lunch,50,False,0.908,110,Plates,5,2.15,24,10.8,2.8,True,2,0,0.406,3,28.0,46.0,Winter,Sunday,False
2025-02-02,Lunch,50,False,0.908,74,Glassware,4,2.15,20,8.6,3.5,True,2,0,0.328,3,20.9,40.9,Winter,Sunday,False
2025-02-02,Lunch,50,False,0.908,143,Cutlery,4,1.94,45,7.8,2.9,True,3,0,0.254,3,26.7,39.2,Winter,Sunday,False
2025-02-02,Lunch,50,False,0.908,7,Cookware,1,2.57,10,2.6,3.7,True,1,0,0.25,3,3.8,10.9,Winter,Sunday,False
2025-02-02,Dinner,102,False,0.908,225,Plates,10,2.21,24,22.1,13.6,True,4,1,1.073,3,57.6,106.9,Winter,Sunday,True
2025-02-02,Dinner,102,False,0.908,146,Glassware,8,1.97,20,15.7,2.9,True,3,0,0.745,3,40.0,87.6,Winter,Sunday,True
2025-02-02,Dinner,102,False,0.908,284,Cutlery,7,2.27,45,15.9,5.4,True,5,1,0.744,3,51.0,68.7,Winter,Sunday,True
2025-02-02,Dinner,102,False,0.908,17,Cookware,2,2.52,10,5.0,0.5,True,1,0,0.25,3,8.9,22.1,Winter,Sunday,True
2025-02-03,Breakfast,89,False,0.807,193,Plates,9,2.28,24,20.5,3.7,True,4,1,0.754,3,53.5,97.8,Winter,Monday,False
2025-02-03,Breakfast,89,False,0.807,129,Glassware,7,2.15,20,15.1,5.5,True,7,0,0.571,3,36.3,64.9,Winter,Monday,False
2025-02-03,Breakfast,89,False,0.807,237,Cutlery,6,2.24,45,13.5,4.0,True,5,0,0.486,3,40.3,62.2,Winter,Monday,False
2025-02-03,Breakfast,89,False,0.807,23,Cookware,3,2.26,10,6.8,4.6,False,0,0,0.25,3,13.3,31.7,Winter,Monday,False
2025-02-03,Lunch,55,False,0.807,126,Plates,6,2.1,24,12.6,3.7,True,4,0,0.454,3,31.3,56.3,Winter,Monday,False
2025-02-03,Lunch,55,False,0.807,75,Glassware,4,2.08,20,8.3,2.6,True,2,0,0.321,3,21.6,43.4,Winter,Monday,False
2025-02-03,Lunch,55,False,0.807,153,Cutlery,4,2.29,45,9.2,1.8,True,3,0,0.32,3,27.9,41.2,Winter,Monday,False
2025-02-03,Lunch,55,False,0.807,16,Cookware,2,2.56,10,5.1,2.4,True,1,0,0.25,3,9.2,21.4,Winter,Monday,False
2025-02-03,Dinner,94,False,0.807,196,Plates,9,1.98,24,17.9,5.9,True,5,0,0.84,3,49.9,87.5,Winter,Monday,True
2025-02-03,Dinner,94,False,0.807,146,Glassware,8,2.13,20,17.1,2.2,True,3,0,0.808,3,46.5,78.2,Winter,Monday,True
2025-02-03,Dinner,94,False,0.807,258,Cutlery,6,2.34,45,14.1,0.8,True,2,0,0.697,3,42.5,62.0,Winter,Monday,True
2025-02-03,Dinner,94,False,0.807,26,Cookware,3,2.46,10,7.4,2.8,True,2,1,0.332,3,14.0,28.2,Winter,Monday,True
2025-02-04,Breakfast,118,False,0.912,256,Plates,11,1.95,24,21.5,10.5,True,5,1,0.857,3,63.0,114.7,Winter,Tuesday,False
2025-02-04,Breakfast,118,False,0.912,161,Glassware,9,2.13,20,19.1,7.2,True,2,0,0.705,3,48.2,95.9,Winter,Tuesday,False
2025-02-04,Breakfast,118,False,0.912,329,Cutlery,8,2.13,45,17.1,0.0,True,11,0,0.642,3,55.9,67.9,Winter,Tuesday,False
2025-02-04,Breakfast,118,False,0.912,35,Cookware,4,3.02,10,12.1,6.4,True,1,0,0.436,3,17.2,40.9,Winter,Tuesday,False
2025-02-04,Lunch,59,False,0.912,128,Plates,6,2.04,24,12.3,0.0,True,5,0,0.449,3,31.7,59.8,Winter,Tuesday,False
2025-02-04,Lunch,59,False,0.912,83,Glassware,5,1.98,20,9.9,1.9,True,1,1,0.339,3,24.2,50.1,Winter,Tuesday,False
2025-02-04,Lunch,59,False,0.912,164,Cutlery,4,2.3,45,9.2,2.2,True,1,0,0.345,3,26.3,43.2,Winter,Tuesday,False
2025-02-04,Lunch,59,False,0.912,11,Cookware,2,2.6,10,5.2,5.7,False,0,0,0.25,3,9.1,19.9,Winter,Tuesday,False
2025-02-04,Dinner,94,False,0.912,216,Plates,9,2.03,24,18.3,9.6,True,5,0,0.947,3,50.0,94.7,Winter,Tuesday,True
2025-02-04,Dinner,94,False,0.912,128,Glassware,7,2.25,20,15.7,5.6,True,4,0,0.746,3,37.3,69.9,Winter,Tuesday,True
2025-02-04,Dinner,94,False,0.912,266,Cutlery,6,2.16,45,12.9,1.2,True,4,0,0.661,3,44.5,55.4,Winter,Tuesday,True
2025-02-04,Dinner,94,False,0.912,25,Cookware,3,2.61,10,7.8,1.0,True,1,0,0.339,3,12.9,26.8,Winter,Tuesday,True
2025-02-05,Breakfast,99,False,0.775,216,Plates,9,2.05,24,18.4,0.0,False,0,0,0.758,3,53.0,83.9,Winter,Wednesday,False
2025-02-05,Breakfast,99,False,0.775,135,Glassware,7,2.22,20,15.6,3.4,True,3,0,0.617,3,38.5,76.5,Winter,Wednesday,False
2025-02-05,Breakfast,99,False,0.775,288,Cutlery,7,2.04,45,14.2,5.3,True,1,0,0.536,3,47.2,71.6,Winter,Wednesday,False
2025-02-05,Breakfast,99,False,0.775,7,Cookware,1,2.5,10,2.5,3.5,True,1,0,0.25,3,4.7,10.6,Winter,Wednesday,False
2025-02-05,Lunch,66,False,0.775,142,Plates,6,1.97,24,11.8,5.8,True,3,0,0.48,3,33.4,65.6,Winter,Wednesday,False
2025-02-05,Lunch,66,False,0.775,104,Glassware,6,2.11,20,12.6,0.0,True,3,0,0.451,3,29.2,59.9,Winter,Wednesday,False
2025-02-05,Lunch,66,False,0.775,189,Cutlery,5,2.26,45,11.3,5.2,True,4,0,0.391,3,34.7,52.0,Winter,Wednesday,False
2025-02-05,Lunch,66,False,0.775,8,Cookware,1,2.41,10,2.4,0.0,True,2,0,0.25,3,4.1,11.4,Winter,Wednesday,False
2025-02-05,Dinner,94,False,0.775,226,Plates,10,2.09,24,20.9,14.2,True,4,2,1.02,3,58.4,86.9,Winter,Wednesday,True
2025-02-05,Dinner,94,False,0.775,133,Glassware,7,2.05,20,14.3,1.3,True,1,0,0.705,3,37.5,72.5,Winter,Wednesday,True
2025-02-05,Dinner,94,False,0.775,264,Cutlery,6,2.04,45,12.2,0.0,True,4,1,0.621,3,45.3,72.5,Winter,Wednesday,True
2025-02-05,Dinner,94,False,0.775,24,Cookware,3,2.34,10,7.0,4.3,True,1,0,0.291,3,13.3,35.4,Winter,Wednesday,True
2025-02-06,Breakfast,99,False,0.872,223,Plates,10,2.02,24,20.2,3.4,True,6,0,0.772,3,57.0,86.8,Winter,Thursday,False
2025-02-06,Breakfast,99,False,0.872,132,Glassware,7,2.28,20,16.0,6.1,True,4,1,0.62,3,38.5,71.1,Winter,Thursday,False
2025-02-06,Breakfast,99,False,0.872,283,Cutlery,7,1.91,45,13.4,1.3,True,5,2,0.494,3,52.3,76.0,Winter,Thursday,False
2025-02-06,Breakfast,99,False,0.872,17,Cookware,2,2.54,10,5.1,0.0,False,0,0,0.25,3,9.0,20.9,Winter,Thursday,False
2025-02-06,Lunch,48,False,0.872,104,Plates,5,2.1,24,10.5,2.6,False,0,0,0.374,3,28.4,44.6,Winter,Thursday,False
2025-02-06,Lunch,48,False,0.872,70,Glassware,4,2.14,20,8.5,0.0,True,3,0,0.308,3,20.6,51.3,Winter,Thursday,False
2025-02-06,Lunch,48,False,0.872,133,Cutlery,3,2.03,45,6.1,0.7,True,3,0,0.25,3,21.4,33.2,Winter,Thursday,False
2025-02-06,Lunch,48,False,0.872,12,Cookware,2,2.4,10,4.8,4.2,False,0,0,0.25,3,8.4,20.4,Winter,Thursday,False
2025-02-06,Dinner,97,False,0.872,209,Plates,9,2.23,24,20.1,7.3,True,5,0,1.008,3,48.5,102.5,Winter,Thursday,True
2025-02-06,Dinner,97,False,0.872,134,Glassware,7,2.21,20,15.5,9.4,True,4,0,0.769,3,37.3,62.0,Winter,Thursday,True
2025-02-06,Dinner,97,False,0.872,277,Cutlery,7,2.23,45,15.6,6.7,True,3,1,0.712,3,48.8,75.8,Winter,Thursday,True
2025-02-06,Dinner,97,False,0.872,5,Cookware,1,2.29,10,2.3,1.9,False,0,0,0.25,3,3.7,9.9,Winter,Thursday,True
2025-02-07,Breakfast,91,False,0.866,203,Plates,9,2.08,24,18.7,1.6,True,5,0,0.725,3,52.3,93.7,Winter,Friday,False
2025-02-07,Breakfast,91,False,0.866,126,Glassware,7,2.11,20,14.8,9.7,True,1,1,0.548,3,36.5,74.8,Winter,Friday,False
2025-02-07,Breakfast,91,False,0.866,264,Cutlery,6,2.23,45,13.4,4.6,True,6,0,0.538,3,42.0,61.1,Winter,Friday,False
2025-02-07,Breakfast,91,False,0.866,17,Cookware,2,2.23,10,4.5,6.8,True,2,0,0.25,3,9.4,22.0,Winter,Friday,False
2025-02-07,Lunch,68,False,0.866,146,Plates,7,2.13,24,14.9,5.1,False,0,0,0.533,3,39.2,64.0,Winter,Friday,False
2025-02-07,Lunch,68,False,0.866,101,Glassware,6,2.02,20,12.1,0.0,False,0,0,0.419,3,31.3,57.9,Winter,Friday,False
2025-02-07,Lunch,68,False,0.866,191,Cutlery,5,2.13,45,10.7,2.5,True,3,0,0.373,3,35.5,51.1,Winter,Friday,False
2025-02-07,Lunch,68,False,0.866,17,Cookware,2,2.47,10,4.9,2.7,False,0,0,0.25,3,9.6,16.5,Winter,Friday,False
2025-02-07,Dinner,118,False,0.866,260,Plates,11,2.25,24,24.7,20.4,True,8,0,1.25,3,63.8,99.8,Winter,Friday,True
2025-02-07,Dinner,118,False,0.866,154,Glassware,8,2.13,20,17.0,4.6,True,1,0,0.849,3,40.8,76.3,Winter,Friday,True
2025-02-07,Dinner,118,False,0.866,336,Cutlery,8,2.1,45,16.8,9.9,True,6,0,0.811,3,57.1,80.9,Winter,Friday,True
2025-02-07,Dinner,118,False,0.866,23,Cookware,3,2.46,10,7.4,2.6,True,1,0,0.293,3,14.0,30.6,Winter,Friday,True
2025-02-08,Breakfast,77,False,0.803,171,Plates,8,2.17,24,17.3,0.8,True,1,0,0.636,3,43.9,72.6,Winter,Saturday,False
2025-02-08,Breakfast,77,False,0.803,107,Glassware,6,2.11,20,12.7,0.9,True,2,0,0.465,3,30.6,62.9,Winter,Saturday,False
2025-02-08,Breakfast,77,False,0.803,220,Cutlery,5,2.29,45,11.4,1.4,True,7,0,0.461,3,36.1,55.6,Winter,Saturday,False
2025-02-08,Breakfast,77,False,0.803,18,Cookware,2,2.19,10,4.4,2.4,False,0,0,0.25,3,8.6,20.3,Winter,Saturday,False
2025-02-08,Lunch,61,False,0.803,131,Plates,6,2.0,24,12.0,6.4,True,2,0,0.448,3,34.6,57.7,Winter,Saturday,False
2025-02-08,Lunch,61,False,0.803,90,Glassware,5,2.25,20,11.2,0.0,True,2,0,0.417,3,26.5,41.0,Winter,Saturday,False
2025-02-08,Lunch,61,False,0.803,165,Cutlery,4,2.01,45,8.1,0.0,True,5,0,0.304,3,29.0,43.2,Winter,Saturday,False
2025-02-08,Lunch,61,False,0.803,23,Cookware,3,2.48,10,7.4,0.0,True,2,0,0.25,3,13.1,31.5,Winter,Saturday,False
2025-02-08,Dinner,112,False,0.803,257,Plates,11,2.29,24,25.2,16.9,True,11,0,1.25,3,59.8,111.0,Winter,Saturday,True
2025-02-08,Dinner,112,False,0.803,163,Glassware,9,2.08,20,18.7,7.9,True,6,0,0.879,3,46.7,96.9,Winter,Saturday,True
2025-02-08,Dinner,112,False,0.803,325,Cutlery,8,2.36,45,18.9,8.6,True,9,0,0.883,3,59.8,80.2,Winter,Saturday,True
2025-02-08,Dinner,112,False,0.803,23,Cookware,3,2.35,10,7.1,0.0,False,0,0,0.281,3,13.8,32.2,Winter,Saturday,True
2025-02-09,Breakfast,84,False,0.886,181,Plates,8,2.13,24,17.0,2.1,True,3,0,0.66,3,46.8,83.3,Winter,Sunday,False
2025-02-09,Breakfast,84,False,0.886,106,Glassware,6,2.19,20,13.1,2.6,True,1,1,0.477,3,30.9,61.1,Winter,Sunday,False
2025-02-09,Breakfast,84,False,0.886,235,Cutlery,6,2.13,45,12.8,1.8,False,0,0,0.458,3,41.7,59.7,Winter,Sunday,False
2025-02-09,Breakfast,84,False,0.886,17,Cookware,2,2.29,10,4.6,0.3,False,0,0,0.25,3,8.1,19.3,Winter,Sunday,False
2025-02-09,Lunch,56,False,0.886,132,Plates,6,2.29,24,13.8,0.6,False,0,1,0.52,3,33.5,60.7,Winter,Sunday,False
2025-02-09,Lunch,56,False,0.886,72,Glassware,4,2.08,20,8.3,1.2,False,0,0,0.308,3,22.2,44.3,Winter,Sunday,False
2025-02-09,Lunch,56,False,0.886,154,Cutlery,4,1.91,45,7.6,1.0,True,1,0,0.269,3,27.6,35.8,Winter,Sunday,False
2025-02-09,Lunch,56,False,0.886,12,Cookware,2,2.44,10,4.9,1.2,True,2,0,0.25,3,8.5,18.2,Winter,Sunday,False
2025-02-09,Dinner,110,False,0.886,248,Plates,11,2.16,24,23.8,19.7,True,4,1,1.157,3,59.5,111.0,Winter,Sunday,True
2025-02-09,Dinner,110,False,0.886,156,Glassware,8,2.26,20,18.1,9.6,True,3,2,0.915,3,44.9,75.3,Winter,Sunday,True
2025-02-09,Dinner,110,False,0.886,300,Cutlery,7,2.13,45,14.9,3.3,True,8,1,0.737,3,50.3,90.9,Winter,Sunday,True
2025-02-09,Dinner,110,False,0.886,17,Cookware,2,2.62,10,5.2,6.7,True,2,0,0.25,3,8.8,21.4,Winter,Sunday,True
2025-02-10,Breakfast,87,False,0.755,177,Plates,8,2.19,24,17.5,3.2,True,4,2,0.665,3,44.4,78.1,Winter,Monday,False
2025-02-10,Breakfast,87,False,0.755,117,Glassware,6,1.97,20,11.8,1.1,True,3,0,0.475,3,32.7,61.9,Winter,Monday,False
2025-02-10,Breakfast,87,False,0.755,242,Cutlery,6,1.98,45,11.9,0.0,False,0,0,0.439,3,43.7,57.7,Winter,Monday,False
2025-02-10,Breakfast,87,False,0.755,17,Cookware,2,2.42,10,4.8,1.2,False,0,0,0.25,3,9.1,22.4,Winter,Monday,False
2025-02-10,Lunch,44,False,0.755,105,Plates,5,1.94,24,9.7,5.1,True,2,0,0.35,3,26.6,47.2,Winter,Monday,False
2025-02-10,Lunch,44,False,0.755,60,Glassware,3,2.09,20,6.3,0.0,True,2,0,0.258,3,16.0,26.1,Winter,Monday,False
2025-02-10,Lunch,44,False,0.755,123,Cutlery,3,2.04,45,6.1,1.4,False,0,0,0.25,3,21.0,28.1,Winter,Monday,False
2025-02-10,Lunch,44,False,0.755,9,Cookware,1,2.49,10,2.5,1.8,True,1,0,0.25,3,4.7,7.5,Winter,Monday,False
2025-02-10,Dinner,97,False,0.755,212,Plates,9,2.07,24,18.6,8.9,True,5,0,0.949,3,52.2,96.5,Winter,Monday,True
2025-02-10,Dinner,97,False,0.755,132,Glassware,7,2.06,20,14.4,8.7,True,5,0,0.705,3,36.1,79.9,Winter,Monday,True
2025-02-10,Dinner,97,False,0.755,273,Cutlery,7,2.23,45,15.6,4.5,True,4,0,0.701,3,47.6,76.8,Winter,Monday,True
2025-02-10,Dinner,97,False,0.755,17,Cookware,2,2.62,10,5.2,4.0,True,1,0,0.25,3,8.3,20.1,Winter,Monday,True
2025-02-11,Breakfast,83,False,0.862,193,Plates,9,2.11,24,19.0,0.0,True,3,0,0.699,3,50.3,84.0,Winter,Tuesday,False
2025-02-11,Breakfast,83,False,0.862,123,Glassware,7,2.08,20,14.5,0.0,True,1,0,0.526,3,36.2,76.9,Winter,Tuesday,False
2025-02-11,Breakfast,83,False,0.862,236,Cutlery,6,2.24,45,13.4,2.2,True,7,1,0.483,3,43.5,58.6,Winter,Tuesday,False
2025-02-11,Breakfast,83,False,0.862,23,Cookware,3,2.6,10,7.8,0.0,True,1,1,0.25,3,12.4,36.2,Winter,Tuesday,False
2025-02-11,Lunch,45,False,0.862,99,Plates,5,2.13,24,10.7,5.5,True,2,0,0.362,3,26.8,57.2,Winter,Tuesday,False
2025-02-11,Lunch,45,False,0.862,66,Glassware,4,2.26,20,9.0,3.2,False,0,0,0.306,3,21.7,41.4,Winter,Tuesday,False
2025-02-11,Lunch,45,False,0.862,124,Cutlery,3,2.13,45,6.4,2.4,True,2,2,0.25,3,21.9,34.3,Winter,Tuesday,False
2025-02-11,Lunch,45,False,0.862,14,Cookware,2,2.37,10,4.7,0.0,False,0,0,0.25,3,8.6,20.1,Winter,Tuesday,False
2025-02-11,Dinner,115,False,0.862,254,Plates,11,1.99,24,21.9,15.4,True,10,1,1.093,3,59.9,119.1,Winter,Tuesday,True
2025-02-11,Dinner,115,False,0.862,160,Glassware,8,2.22,20,17.7,4.0,True,2,0,0.92,3,39.3,84.7,Winter,Tuesday,True
2025-02-11,Dinner,115,False,0.862,322,Cutlery,8,2.06,45,16.5,3.0,True,8,0,0.763,3,57.2,81.5,Winter,Tuesday,True
2025-02-11,Dinner,115,False,0.862,30,Cookware,3,2.49,10,7.5,0.0,True,1,0,0.387,3,14.8,33.5,Winter,Tuesday,True
2025-02-12,Breakfast,96,False,0.806,195,Plates,9,2.16,24,19.5,2.5,True,4,0,0.723,3,51.2,104.9,Winter,Wednesday,False
2025-02-12,Breakfast,96,False,0.806,136,Glassware,7,2.08,20,14.6,4.7,True,3,1,0.582,3,38.0,83.5,Winter,Wednesday,False
2025-02-12,Breakfast,96,False,0.806,274,Cutlery,7,2.18,45,15.3,6.8,True,3,1,0.548,3,49.1,64.7,Winter,Wednesday,False
2025-02-12,Breakfast,96,False,0.806,20,Cookware,2,2.21,10,4.4,3.3,True,3,0,0.25,3,8.9,18.8,Winter,Wednesday,False
2025-02-12,Lunch,42,False,0.806,95,Plates,4,1.86,24,7.5,5.0,True,1,0,0.304,2,23.3,33.6,Winter,Wednesday,False
2025-02-12,Lunch,42,False,0.806,67,Glassware,4,2.29,20,9.2,0.0,False,0,0,0.316,2,21.6,40.9,Winter,Wednesday,False
2025-02-12,Lunch,42,False,0.806,117,Cutlery,3,2.12,45,6.4,4.3,True,2,0,0.25,2,19.4,29.9,Winter,Wednesday,False
2025-02-12,Lunch,42,False,0.806,7,Cookware,1,2.55,10,2.5,3.4,False,0,0,0.25,2,4.2,11.6,Winter,Wednesday,False
2025-02-12,Dinner,108,False,0.806,233,Plates,10,2.02,24,20.2,6.5,True,6,0,1.018,3,58.8,116.7,Winter,Wednesday,True
2025-02-12,Dinner,108,False,0.806,145,Glassware,8,2.16,20,17.3,4.1,True,5,0,0.814,3,43.3,74.1,Winter,Wednesday,True
2025-02-12,Dinner,108,False,0.806,303,Cutlery,7,2.22,45,15.6,4.7,True,2,0,0.777,3,51.6,69.9,Winter,Wednesday,True
2025-02-12,Dinner,108,False,0.806,17,Cookware,2,2.46,10,4.9,10.5,True,2,0,0.25,3,8.3,18.9,Winter,Wednesday,True
2025-02-13,Breakfast,108,False,0.894,252,Plates,11,2.15,24,23.6,9.3,True,5,1,0.927,3,57.0,121.0,Winter,Thursday,False
2025-02-13,Breakfast,108,False,0.894,143,Glassware,8,2.16,20,17.3,0.0,True,3,0,0.636,3,41.7,70.3,Winter,Thursday,False
2025-02-13,Breakfast,108,False,0.894,298,Cutlery,7,2.15,45,15.0,0.7,True,7,0,0.586,3,49.7,82.7,Winter,Thursday,False
2025-02-13,Breakfast,108,False,0.894,22,Cookware,3,2.51,10,7.5,2.5,True,1,0,0.25,3,12.7,27.3,Winter,Thursday,False
2025-02-13,Lunch,71,False,0.894,159,Plates,7,2.18,24,15.3,7.6,True,5,0,0.595,3,41.4,72.0,Winter,Thursday,False
2025-02-13,Lunch,71,False,0.894,107,Glassware,6,2.25,20,13.5,0.0,True,1,0,0.496,3,32.8,63.2,Winter,Thursday,False
2025-02-13,Lunch,71,False,0.894,191,Cutlery,5,2.01,45,10.1,3.7,True,3,1,0.352,3,34.6,35.7,Winter,Thursday,False
2025-02-13,Lunch,71,False,0.894,14,Cookware,2,2.55,10,5.1,1.0,False,0,0,0.25,3,8.5,20.7,Winter,Thursday,False
2025-02-13,Dinner,120,False,0.894,253,Plates,11,2.24,24,24.6,19.7,True,7,0,1.222,3,63.9,102.8,Winter,Thursday,True
2025-02-13,Dinner,120,False,0.894,170,Glassware,9,2.1,20,18.9,9.8,True,3,0,0.924,3,44.1,102.7,Winter,Thursday,True
2025-02-13,Dinner,120,False,0.894,341,Cutlery,8,1.99,45,15.9,5.8,True,8,0,0.782,3,58.8,67.0,Winter,Thursday,True
2025-02-13,Dinner,120,False,0.894,31,Cookware,4,2.65,10,10.6,0.0,True,3,0,0.426,3,16.4,34.9,Winter,Thursday,True
2025-02-14,Breakfast,70,False,0.863,159,Plates,7,2.03,24,14.2,1.4,True,5,1,0.553,3,38.5,70.5,Winter,Friday,False
2025-02-14,Breakfast,70,False,0.863,99,Glassware,5,2.1,20,10.5,2.7,True,2,0,0.429,3,27.5,49.8,Winter,Friday,False
2025-02-14,Breakfast,70,False,0.863,193,Cutlery,5,2.2,45,11.0,1.1,True,3,0,0.388,3,33.5,58.0,Winter,Friday,False
2025-02-14,Breakfast,70,False,0.863,13,Cookware,2,2.61,10,5.2,5.2,False,0,0,0.25,3,8.8,21.3,Winter,Friday,False
2025-02-14,Lunch,52,False,0.863,113,Plates,5,2.15,24,10.7,1.2,True,4,1,0.417,3,28.4,44.1,Winter,Friday,False
2025-02-14,Lunch,52,False,0.863,65,Glassware,4,1.97,20,7.9,1.6,True,1,0,0.263,3,19.9,43.0,Winter,Friday,False
2025-02-14,Lunch,52,False,0.863,150,Cutlery,4,2.13,45,8.5,0.0,True,1,0,0.292,3,27.9,42.3,Winter,Friday,False
2025-02-14,Lunch,52,False,0.863,11,Cookware,2,2.68,10,5.4,1.4,True,1,0,0.25,3,8.0,20.2,Winter,Friday,False
2025-02-14,Dinner,109,False,0.863,249,Plates,11,2.04,24,22.4,13.7,True,6,0,1.097,3,61.2,93.4,Winter,Friday,True
2025-02-14,Dinner,109,False,0.863,158,Glassware,8,2.05,20,16.4,8.0,True,2,0,0.839,3,42.0,82.8,Winter,Friday,True
2025-02-14,Dinner,109,False,0.863,306,Cutlery,7,2.29,45,16.0,3.7,True,15,0,0.807,3,52.2,70.7,Winter,Friday,True
2025-02-14,Dinner,109,False,0.863,17,Cookware,2,2.55,10,5.1,10.2,False,0,0,0.25,3,9.7,22.8,Winter,Friday,True
2025-02-15,Breakfast,111,False,0.898,242,Plates,11,2.14,24,23.5,10.0,True,7,0,0.887,3,61.6,95.7,Winter,Saturday,False
2025-02-15,Breakfast,111,False,0.898,170,Glassware,9,1.96,20,17.7,0.4,True,5,0,0.688,3,48.7,77.9,Winter,Saturday,False
2025-02-15,Breakfast,111,False,0.898,322,Cutlery,8,2.18,45,17.5,1.3,True,9,1,0.644,3,58.3,70.4,Winter,Saturday,False
2025-02-15,Breakfast,111,False,0.898,28,Cookware,3,2.39,10,7.2,1.3,True,1,0,0.276,3,13.4,30.8,Winter,Saturday,False
2025-02-15,Lunch,67,False,0.898,153,Plates,7,2.29,24,16.0,7.5,True,2,0,0.601,3,39.9,73.9,Winter,Saturday,False
2025-02-15,Lunch,67,False,0.898,85,Glassware,5,2.21,20,11.0,12.6,True,3,0,0.387,3,23.8,52.5,Winter,Saturday,False
2025-02-15,Lunch,67,False,0.898,195,Cutlery,5,2.19,45,10.9,3.0,True,3,0,0.39,3,33.7,55.4,Winter,Saturday,False
2025-02-15,Lunch,67,False,0.898,11,Cookware,2,2.36,10,4.7,0.0,False,0,0,0.25,3,7.7,22.1,Winter,Saturday,False
2025-02-15,Dinner,95,False,0.898,214,Plates,9,2.0,24,18.0,8.5,True,5,1,0.927,3,54.3,88.1,Winter,Saturday,True
2025-02-15,Dinner,95,False,0.898,139,Glassware,7,2.03,20,14.2,2.0,False,0,0,0.73,3,37.9,79.8,Winter,Saturday,True
2025-02-15,Dinner,95,False,0.898,262,Cutlery,6,2.04,45,12.2,4.9,True,6,2,0.616,3,43.4,71.8,Winter,Saturday,True
2025-02-15,Dinner,95,False,0.898,25,Cookware,3,2.56,10,7.7,1.8,False,0,0,0.332,3,13.1,26.8,Winter,Saturday,True
2025-02-16,Breakfast,79,False,0.943,175,Plates,8,2.06,24,16.5,3.6,True,3,0,0.62,3,43.9,70.0,Winter,Sunday,False
2025-02-16,Breakfast,79,False,0.943,112,Glassware,6,2.16,20,13.0,1.7,False,0,0,0.499,3,32.9,63.2,Winter,Sunday,False
2025-02-16,Breakfast,79,False,0.943,210,Cutlery,5,2.07,45,10.4,2.6,True,6,0,0.398,3,35.8,56.9,Winter,Sunday,False
2025-02-16,Breakfast,79,False,0.943,5,Cookware,1,2.69,10,2.7,7.9,False,0,0,0.25,3,4.0,9.8,Winter,Sunday,False
2025-02-16,Lunch,58,False,0.943,130,Plates,6,2.12,24,12.7,2.7,True,3,0,0.472,3,34.4,54.3,Winter,Sunday,False
2025-02-16,Lunch,58,False,0.943,80,Glassware,4,2.23,20,8.9,3.4,True,1,0,0.368,3,22.4,34.7,Winter,Sunday,False
2025-02-16,Lunch,58,False,0.943,161,Cutlery,4,2.04,45,8.2,1.1,True,1,0,0.301,3,28.4,38.1,Winter,Sunday,False
2025-02-16,Lunch,58,False,0.943,17,Cookware,2,2.58,10,5.2,1.6,True,3,0,0.25,3,9.1,21.1,Winter,Sunday,False
2025-02-16,Dinner,121,False,0.943,256,Plates,11,2.12,24,23.3,19.7,True,14,1,1.173,3,61.9,102.4,Winter,Sunday,True
2025-02-16,Dinner,121,False,0.943,167,Glassware,9,2.36,20,21.2,16.5,True,4,0,1.022,3,44.8,96.6,Winter,Sunday,True
2025-02-16,Dinner,121,False,0.943,340,Cutlery,8,1.95,45,15.6,6.2,True,4,1,0.766,3,55.9,106.3,Winter,Sunday,True
2025-02-16,Dinner,121,False,0.943,26,Cookware,3,2.32,10,7.0,2.4,True,1,0,0.313,3,14.0,35.2,Winter,Sunday,True
2025-02-17,Breakfast,95,False,0.86,195,Plates,9,2.04,24,18.3,2.3,True,4,0,0.682,3,48.3,80.3,Winter,Monday,False
2025-02-17,Breakfast,95,False,0.86,128,Glassware,7,2.2,20,15.4,4.8,True,1,0,0.58,3,39.0,62.7,Winter,Monday,False
2025-02-17,Breakfast,95,False,0.86,265,Cutlery,6,2.23,45,13.4,2.9,True,7,0,0.541,3,42.9,49.1,Winter,Monday,False
2025-02-17,Breakfast,95,False,0.86,20,Cookware,2,2.2,10,4.4,3.0,True,1,0,0.25,3,9.0,16.9,Winter,Monday,False
2025-02-17,Lunch,60,False,0.86,138,Plates,6,2.27,24,13.6,0.0,False,0,0,0.537,3,33.9,63.3,Winter,Monday,False
2025-02-17,Lunch,60,False,0.86,88,Glassware,5,2.0,20,10.0,1.4,False,0,0,0.362,3,25.6,37.3,Winter,Monday,False
2025-02-17,Lunch,60,False,0.86,165,Cutlery,4,2.13,45,8.5,0.0,True,8,0,0.322,3,27.5,43.9,Winter,Monday,False
2025-02-17,Lunch,60,False,0.86,6,Cookware,1,2.54,10,2.5,0.4,True,1,0,0.25,3,4.3,10.2,Winter,Monday,False
2025-02-17,Dinner,114,False,0.86,254,Plates,11,1.97,24,21.6,12.1,True,9,1,1.079,3,59.0,116.2,Winter,Monday,True
2025-02-17,Dinner,114,False,0.86,148,Glassware,8,2.08,20,16.6,5.0,True,1,0,0.796,3,37.2,76.2,Winter,Monday,True
2025-02-17,Dinner,114,False,0.86,313,Cutlery,7,2.23,45,15.6,6.0,True,7,0,0.803,3,50.9,77.0,Winter,Monday,True
2025-02-17,Dinner,114,False,0.86,14,Cookware,2,2.23,10,4.5,1.2,True,1,0,0.25,3,8.9,23.3,Winter,Monday,True
2025-02-18,Breakfast,79,False,0.821,184,Plates,8,2.14,24,17.1,3.2,False,0,0,0.676,3,48.3,85.5,Winter,Tuesday,False
2025-02-18,Breakfast,79,False,0.821,99,Glassware,5,1.93,20,9.6,1.0,True,4,0,0.393,3,28.8,53.9,Winter,Tuesday,False
2025-02-18,Breakfast,79,False,0.821,221,Cutlery,5,1.95,45,9.8,9.3,True,2,1,0.395,3,36.6,48.0,Winter,Tuesday,False
2025-02-18,Breakfast,79,False,0.821,10,Cookware,1,2.4,10,2.4,4.9,False,0,0,0.25,3,5.1,8.5,Winter,Tuesday,False
2025-02-18,Lunch,58,False,0.821,117,Plates,5,2.22,24,11.1,10.0,False,0,0,0.445,3,28.3,48.2,Winter,Tuesday,False
2025-02-18,Lunch,58,False,0.821,79,Glassware,4,2.22,20,8.9,6.0,True,2,0,0.361,3,21.7,33.4,Winter,Tuesday,False
2025-02-18,Lunch,58,False,0.821,156,Cutlery,4,1.97,45,7.9,4.4,True,3,0,0.281,3,29.6,38.6,Winter,Tuesday,False
2025-02-18,Lunch,58,False,0.821,15,Cookware,2,2.33,10,4.7,6.5,True,1,0,0.25,3,8.5,21.0,Winter,Tuesday,False
2025-02-18,Dinner,112,False,0.821,241,Plates,11,2.02,24,22.2,14.5,True,8,0,1.05,3,62.7,124.5,Winter,Tuesday,True
2025-02-18,Dinner,112,False,0.821,139,Glassware,7,2.23,20,15.6,8.4,True,3,0,0.805,3,35.7,64.0,Winter,Tuesday,True
2025-02-18,Dinner,112,False,0.821,303,Cutlery,7,2.09,45,14.7,4.6,True,6,0,0.731,3,48.5,69.4,Winter,Tuesday,True
2025-02-18,Dinner,112,False,0.821,34,Cookware,4,2.59,10,10.3,5.0,True,2,0,0.456,3,17.7,39.6,Winter,Tuesday,True
2025-02-19,Breakfast,63,False,0.814,132,Plates,6,2.0,24,12.0,0.0,True,5,0,0.453,3,35.9,61.6,Winter,Wednesday,False
2025-02-19,Breakfast,63,False,0.814,84,Glassware,5,1.92,20,9.6,5.7,False,0,0,0.332,3,25.8,55.1,Winter,Wednesday,False
2025-02-19,Breakfast,63,False,0.814,175,Cutlery,4,1.99,45,7.9,0.2,True,7,0,0.318,3,29.3,46.2,Winter,Wednesday,False
2025-02-19,Breakfast,63,False,0.814,11,Cookware,2,2.64,10,5.3,3.4,False,0,0,0.25,3,7.9,20.2,Winter,Wednesday,False
2025-02-19,Lunch,54,False,0.814,114,Plates,5,2.32,24,11.6,8.5,False,0,0,0.453,3,28.3,55.0,Winter,Wednesday,False
2025-02-19,Lunch,54,False,0.814,79,Glassware,4,1.92,20,7.7,0.0,True,2,0,0.313,3,22.5,38.6,Winter,Wednesday,False
2025-02-19,Lunch,54,False,0.814,145,Cutlery,4,1.96,45,7.9,4.2,True,2,1,0.261,3,25.4,35.6,Winter,Wednesday,False
2025-02-19,Lunch,54,False,0.814,12,Cookware,2,2.44,10,4.9,5.6,False,0,0,0.25,3,8.3,19.8,Winter,Wednesday,False
2025-02-19,Dinner,121,False,0.814,272,Plates,12,2.3,24,27.6,24.6,True,8,0,1.25,3,65.3,121.9,Winter,Wednesday,True
2025-02-19,Dinner,121,False,0.814,180,Glassware,9,2.02,20,18.2,8.9,True,4,0,0.943,3,49.1,86.6,Winter,Wednesday,True
2025-02-19,Dinner,121,False,0.814,345,Cutlery,8,2.05,45,16.4,11.6,True,3,0,0.816,3,57.2,78.9,Winter,Wednesday,True
2025-02-19,Dinner,121,False,0.814,20,Cookware,2,2.45,10,4.9,1.4,True,1,0,0.254,3,8.4,19.6,Winter,Wednesday,True
2025-02-20,Breakfast,87,False,0.838,194,Plates,9,2.17,24,19.5,0.0,True,2,1,0.721,3,50.8,84.2,Winter,Thursday,False
2025-02-20,Breakfast,87,False,0.838,130,Glassware,7,1.94,20,13.6,7.2,False,0,0,0.518,3,36.5,75.1,Winter,Thursday,False
2025-02-20,Breakfast,87,False,0.838,244,Cutlery,6,1.91,45,11.5,9.9,True,8,1,0.427,3,41.6,64.3,Winter,Thursday,False
2025-02-20,Breakfast,87,False,0.838,15,Cookware,2,2.44,10,4.9,5.0,True,1,0,0.25,3,8.5,18.5,Winter,Thursday,False
2025-02-20,Lunch,47,False,0.838,103,Plates,5,2.06,24,10.3,6.0,True,1,0,0.365,3,27.3,44.2,Winter,Thursday,False
2025-02-20,Lunch,47,False,0.838,66,Glassware,4,1.96,20,7.9,4.9,True,3,0,0.267,3,21.1,41.1,Winter,Thursday,False
2025-02-20,Lunch,47,False,0.838,132,Cutlery,3,2.01,45,6.0,6.3,True,2,0,0.25,3,21.5,30.8,Winter,Thursday,False
2025-02-20,Lunch,47,False,0.838,7,Cookware,1,2.42,10,2.4,0.0,False,0,0,0.25,3,4.3,9.5,Winter,Thursday,False
2025-02-20,Dinner,95,False,0.838,206,Plates,9,2.05,24,18.4,11.1,True,7,0,0.911,3,54.6,118.5,Winter,Thursday,True
2025-02-20,Dinner,95,False,0.838,137,Glassware,7,2.17,20,15.2,2.8,True,3,0,0.769,3,38.2,73.6,Winter,Thursday,True
2025-02-20,Dinner,95,False,0.838,260,Cutlery,6,2.21,45,13.3,5.7,True,4,0,0.663,3,44.5,61.4,Winter,Thursday,True
2025-02-20,Dinner,95,False,0.838,12,Cookware,2,2.49,10,5.0,3.3,False,0,0,0.25,3,7.9,22.3,Winter,Thursday,True
2025-02-21,Breakfast,102,False,0.847,225,Plates,10,2.22,24,22.2,2.3,True,2,1,0.855,3,57.5,107.7,Winter,Friday,False
2025-02-21,Breakfast,102,False,0.847,163,Glassware,9,2.07,20,18.6,5.4,True,4,0,0.694,3,46.3,99.8,Winter,Friday,False
2025-02-21,Breakfast,102,False,0.847,280,Cutlery,7,2.09,45,14.6,0.0,True,7,0,0.536,3,48.2,56.5,Winter,Friday,False
2025-02-21,Breakfast,102,False,0.847,17,Cookware,2,2.59,10,5.2,2.9,True,1,0,0.25,3,8.9,22.7,Winter,Friday,False
2025-02-21,Lunch,58,False,0.847,120,Plates,5,2.0,24,10.0,0.0,True,1,0,0.412,3,28.6,50.2,Winter,Friday,False
2025-02-21,Lunch,58,False,0.847,81,Glassware,5,1.98,20,9.9,3.8,True,2,0,0.33,3,23.5,46.9,Winter,Friday,False
2025-02-21,Lunch,58,False,0.847,166,Cutlery,4,2.22,45,8.9,0.0,True,1,0,0.337,3,28.4,43.1,Winter,Friday,False
2025-02-21,Lunch,58,False,0.847,14,Cookware,2,2.53,10,5.1,4.2,False,0,0,0.25,3,9.4,17.3,Winter,Friday,False
2025-02-21,Dinner,107,False,0.847,239,Plates,10,2.1,24,21.0,14.0,True,5,0,1.083,3,59.4,86.6,Winter,Friday,True
2025-02-21,Dinner,107,False,0.847,138,Glassware,7,2.17,20,15.2,0.6,True,3,0,0.776,3,35.6,65.5,Winter,Friday,True
2025-02-21,Dinner,107,False,0.847,305,Cutlery,7,2.27,45,15.9,6.4,True,8,1,0.796,3,51.7,78.6,Winter,Friday,True
2025-02-21,Dinner,107,False,0.847,17,Cookware,2,2.37,10,4.7,5.5,False,0,0,0.25,3,9.7,18.5,Winter,Friday,True
2025-02-22,Breakfast,83,False,0.793,176,Plates,8,2.09,24,16.7,0.0,True,1,0,0.63,3,43.6,82.5,Winter,Saturday,False
2025-02-22,Breakfast,83,False,0.793,123,Glassware,7,2.09,20,14.6,3.1,True,1,0,0.528,3,36.7,61.7,Winter,Saturday,False
2025-02-22,Breakfast,83,False,0.793,230,Cutlery,6,2.0,45,12.0,6.1,True,4,0,0.421,3,41.5,68.5,Winter,Saturday,False
2025-02-22,Breakfast,83,False,0.793,19,Cookware,2,2.41,10,4.8,5.8,True,2,0,0.25,3,9.9,19.6,Winter,Saturday,False
2025-02-22,Lunch,68,False,0.793,151,Plates,7,1.93,24,13.5,3.5,True,1,0,0.499,3,39.4,64.5,Winter,Saturday,False
2025-02-22,Lunch,68,False,0.793,88,Glassware,5,1.93,20,9.7,2.7,True,1,0,0.35,3,26.6,44.9,Winter,Saturday,False
2025-02-22,Lunch,68,False,0.793,193,Cutlery,5,1.98,45,9.9,1.2,True,4,0,0.35,3,36.2,51.3,Winter,Saturday,False
2025-02-22,Lunch,68,False,0.793,24,Cookware,3,2.38,10,7.1,3.8,True,2,1,0.25,3,12.4,27.0,Winter,Saturday,False
2025-02-22,Dinner,94,False,0.793,204,Plates,9,2.22,24,20.0,12.3,True,8,0,0.978,3,49.6,96.6,Winter,Saturday,True
2025-02-22,Dinner,94,False,0.793,122,Glassware,7,1.9,20,13.3,0.9,True,5,0,0.601,3,35.8,71.3,Winter,Saturday,True
2025-02-22,Dinner,94,False,0.793,267,Cutlery,6,1.86,45,11.2,2.3,True,7,0,0.573,3,46.0,56.8,Winter,Saturday,True
2025-02-22,Dinner,94,False,0.793,24,Cookware,3,2.26,10,6.8,5.7,True,1,0,0.282,3,13.1,27.0,Winter,Saturday,True
2025-02-23,Breakfast,82,False,0.85,178,Plates,8,2.34,24,18.8,0.0,True,4,0,0.716,3,43.3,84.0,Winter,Sunday,False
2025-02-23,Breakfast,82,False,0.85,125,Glassware,7,2.36,20,16.5,2.6,False,0,1,0.607,3,36.0,70.0,Winter,Sunday,False
2025-02-23,Breakfast,82,False,0.85,224,Cutlery,5,2.3,45,11.5,5.1,True,5,0,0.471,3,37.7,46.8,Winter,Sunday,False
2025-02-23,Breakfast,82,False,0.85,13,Cookware,2,2.37,10,4.7,8.8,True,1,0,0.25,3,9.2,21.3,Winter,Sunday,False
2025-02-23,Lunch,55,False,0.85,124,Plates,6,2.13,24,12.8,3.2,True,5,0,0.454,3,32.9,70.1,Winter,Sunday,False
2025-02-23,Lunch,55,False,0.85,72,Glassware,4,2.15,20,8.6,4.8,False,0,0,0.319,3,21.0,38.9,Winter,Sunday,False
2025-02-23,Lunch,55,False,0.85,157,Cutlery,4,2.17,45,8.7,1.3,True,3,1,0.312,3,26.7,43.3,Winter,Sunday,False
2025-02-23,Lunch,55,False,0.85,12,Cookware,2,2.41,10,4.8,0.0,True,1,0,0.25,3,8.6,19.0,Winter,Sunday,False
2025-02-23,Dinner,93,False,0.85,209,Plates,9,1.82,24,16.4,6.6,True,6,0,0.821,3,49.7,97.1,Winter,Sunday,True
2025-02-23,Dinner,93,False,0.85,120,Glassware,6,2.21,20,13.2,9.1,True,6,0,0.687,3,33.4,66.2,Winter,Sunday,True
2025-02-23,Dinner,93,False,0.85,254,Cutlery,6,2.05,45,12.3,2.3,True,5,0,0.6,3,43.1,67.3,Winter,Sunday,True
2025-02-23,Dinner,93,False,0.85,24,Cookware,3,2.41,10,7.2,4.0,True,1,0,0.3,3,12.0,25.8,Winter,Sunday,True
2025-02-24,Breakfast,90,False,0.927,205,Plates,9,2.25,24,20.2,6.8,True,5,0,0.791,3,50.8,79.6,Winter,Monday,False
2025-02-24,Breakfast,90,False,0.927,141,Glassware,8,2.13,20,17.1,0.3,True,1,0,0.619,3,40.8,82.1,Winter,Monday,False
2025-02-24,Breakfast,90,False,0.927,268,Cutlery,6,2.02,45,12.1,4.6,True,5,1,0.495,3,45.5,50.6,Winter,Monday,False
2025-02-24,Breakfast,90,False,0.927,34,Cookware,4,2.37,10,9.5,6.9,True,1,0,0.332,3,18.4,46.8,Winter,Monday,False
2025-02-24,Lunch,46,False,0.927,94,Plates,4,2.11,24,8.4,0.0,False,0,0,0.34,3,21.9,32.7,Winter,Monday,False
2025-02-24,Lunch,46,False,0.927,63,Glassware,4,2.06,20,8.2,3.0,False,0,0,0.268,3,20.4,37.2,Winter,Monday,False
2025-02-24,Lunch,46,False,0.927,129,Cutlery,3,2.08,45,6.2,0.3,True,2,1,0.25,3,22.8,28.4,Winter,Monday,False
2025-02-24,Lunch,46,False,0.927,7,Cookware,1,2.62,10,2.6,0.6,False,0,0,0.25,3,4.4,9.5,Winter,Monday,False
2025-02-24,Dinner,94,False,0.927,216,Plates,9,2.11,24,19.0,21.0,True,1,0,0.984,3,52.4,96.2,Winter,Monday,True
2025-02-24,Dinner,94,False,0.927,142,Glassware,8,1.88,20,15.0,4.0,True,1,0,0.691,3,42.6,87.3,Winter,Monday,True
2025-02-24,Dinner,94,False,0.927,278,Cutlery,7,2.16,45,15.1,4.1,True,3,1,0.693,3,48.0,73.5,Winter,Monday,True
2025-02-24,Dinner,94,False,0.927,25,Cookware,3,2.02,10,6.1,4.3,True,1,0,0.262,3,13.7,27.5,Winter,Monday,True
2025-02-25,Breakfast,92,False,0.911,223,Plates,10,1.96,24,19.6,3.3,True,10,0,0.748,3,55.6,121.2,Winter,Tuesday,False
2025-02-25,Breakfast,92,False,0.911,133,Glassware,7,2.19,20,15.3,7.2,True,2,0,0.598,3,39.4,81.2,Winter,Tuesday,False
2025-02-25,Breakfast,92,False,0.911,258,Cutlery,6,2.22,45,13.3,5.4,True,4,0,0.525,3,43.4,53.7,Winter,Tuesday,False
2025-02-25,Breakfast,92,False,0.911,19,Cookware,2,2.43,10,4.9,2.1,True,2,0,0.25,3,9.3,21.6,Winter,Tuesday,False
2025-02-25,Lunch,71,False,0.911,146,Plates,7,1.95,24,13.7,7.3,True,4,0,0.489,3,37.0,64.1,Winter,Tuesday,False
2025-02-25,Lunch,71,False,0.911,100,Glassware,5,2.27,20,11.3,3.3,True,4,0,0.466,3,27.3,50.1,Winter,Tuesday,False
2025-02-25,Lunch,71,False,0.911,195,Cutlery,5,2.14,45,10.7,0.3,True,5,1,0.381,3,33.4,34.9,Winter,Tuesday,False
2025-02-25,Lunch,71,False,0.911,19,Cookware,2,2.32,10,4.6,0.2,True,1,0,0.25,3,9.5,16.9,Winter,Tuesday,False
2025-02-25,Dinner,119,False,0.911,256,Plates,11,2.32,24,25.5,18.5,True,12,3,1.25,3,61.0,100.0,Winter,Tuesday,True
2025-02-25,Dinner,119,False,0.911,172,Glassware,9,2.2,20,19.8,14.3,True,7,0,0.982,3,47.9,88.6,Winter,Tuesday,True
2025-02-25,Dinner,119,False,0.911,324,Cutlery,8,2.04,45,16.3,13.1,True,5,0,0.761,3,57.5,89.5,Winter,Tuesday,True
2025-02-25,Dinner,119,False,0.911,26,Cookware,3,2.47,10,7.4,3.1,True,3,0,0.333,3,13.7,34.4,Winter,Tuesday,True
2025-02-26,Breakfast,78,False,0.808,174,Plates,8,1.89,24,15.1,5.2,True,1,0,0.564,3,43.3,75.0,Winter,Wednesday,False
2025-02-26,Breakfast,78,False,0.808,109,Glassware,6,2.39,20,14.3,3.7,True,2,0,0.536,3,33.0,54.7,Winter,Wednesday,False
2025-02-26,Breakfast,78,False,0.808,224,Cutlery,5,2.1,45,10.5,2.5,True,3,0,0.431,3,36.1,53.2,Winter,Wednesday,False
2025-02-26,Breakfast,78,False,0.808,8,Cookware,1,2.44,10,2.4,0.6,False,0,0,0.25,3,5.1,11.0,Winter,Wednesday,False
2025-02-26,Lunch,51,False,0.808,104,Plates,5,2.03,24,10.1,0.0,True,3,0,0.362,3,26.2,52.7,Winter,Wednesday,False
2025-02-26,Lunch,51,False,0.808,75,Glassware,4,2.16,20,8.7,6.6,True,1,1,0.334,3,22.0,37.6,Winter,Wednesday,False
2025-02-26,Lunch,51,False,0.808,137,Cutlery,4,2.13,45,8.5,2.1,True,3,0,0.267,3,25.1,42.7,Winter,Wednesday,False
2025-02-26,Lunch,51,False,0.808,10,Cookware,1,2.41,10,2.4,4.1,True,2,0,0.25,3,4.5,11.2,Winter,Wednesday,False
2025-02-26,Dinner,83,False,0.808,181,Plates,8,2.1,24,16.8,7.1,True,3,0,0.822,3,47.9,87.1,Winter,Wednesday,True
2025-02-26,Dinner,83,False,0.808,122,Glassware,7,1.97,20,13.8,6.6,True,3,0,0.624,3,36.4,67.5,Winter,Wednesday,True
2025-02-26,Dinner,83,False,0.808,227,Cutlery,6,2.09,45,12.5,5.9,True,4,1,0.546,3,41.0,49.7,Winter,Wednesday,True
2025-02-26,Dinner,83,False,0.808,10,Cookware,1,2.53,10,2.5,5.0,False,0,0,0.25,3,4.7,9.7,Winter,Wednesday,True
2025-02-27,Breakfast,90,False,0.852,219,Plates,10,2.05,24,20.5,3.9,True,6,0,0.771,3,53.9,104.4,Winter,Thursday,False
2025-02-27,Breakfast,90,False,0.852,124,Glassware,7,2.15,20,15.0,2.0,True,4,0,0.548,3,33.2,83.3,Winter,Thursday,False
2025-02-27,Breakfast,90,False,0.852,257,Cutlery,6,2.1,45,12.6,4.8,True,5,0,0.493,3,41.8,64.4,Winter,Thursday,False
2025-02-27,Breakfast,90,False,0.852,12,Cookware,2,2.63,10,5.3,0.0,False,0,0,0.25,3,8.3,18.8,Winter,Thursday,False
2025-02-27,Lunch,60,False,0.852,125,Plates,6,2.34,24,14.0,2.9,True,3,0,0.502,3,31.5,63.9,Winter,Thursday,False
2025-02-27,Lunch,60,False,0.852,84,Glassware,5,2.3,20,11.5,1.7,True,4,0,0.399,3,26.2,62.3,Winter,Thursday,False
2025-02-27,Lunch,60,False,0.852,161,Cutlery,4,2.33,45,9.3,0.0,True,3,0,0.343,3,27.9,42.7,Winter,Thursday,False
2025-02-27,Lunch,60,False,0.852,10,Cookware,1,2.59,10,2.6,0.0,False,0,0,0.25,3,4.4,11.5,Winter,Thursday,False
2025-02-27,Dinner,103,False,0.852,235,Plates,10,1.98,24,19.8,13.6,True,4,0,1.006,3,59.4,101.0,Winter,Thursday,True
2025-02-27,Dinner,103,False,0.852,144,Glassware,8,2.04,20,16.3,2.2,True,3,0,0.76,3,41.9,76.9,Winter,Thursday,True
2025-02-27,Dinner,103,False,0.852,282,Cutlery,7,1.91,45,13.4,7.3,True,2,0,0.622,3,50.0,66.5,Winter,Thursday,True
2025-02-27,Dinner,103,False,0.852,15,Cookware,2,2.59,10,5.2,6.0,False,0,0,0.25,3,9.0,20.6,Winter,Thursday,True
2025-02-28,Breakfast,97,False,0.834,219,Plates,10,2.16,24,21.6,0.0,True,3,0,0.813,3,58.3,108.7,Winter,Friday,False
2025-02-28,Breakfast,97,False,0.834,127,Glassware,7,2.1,20,14.7,6.0,True,2,0,0.549,3,36.6,72.4,Winter,Friday,False
2025-02-28,Breakfast,97,False,0.834,259,Cutlery,6,2.01,45,12.1,7.2,True,6,0,0.476,3,43.8,63.3,Winter,Friday,False
2025-02-28,Breakfast,97,False,0.834,13,Cookware,2,2.75,10,5.5,2.4,False,0,0,0.25,3,8.0,21.0,Winter,Friday,False
2025-02-28,Lunch,43,False,0.834,96,Plates,4,2.32,24,9.3,4.3,True,2,1,0.383,3,22.0,42.5,Winter,Friday,False
2025-02-28,Lunch,43,False,0.834,58,Glassware,3,2.08,20,6.3,0.2,False,0,0,0.25,3,15.9,29.9,Winter,Friday,False
2025-02-28,Lunch,43,False,0.834,117,Cutlery,3,1.95,45,5.9,2.1,True,2,0,0.25,3,21.8,24.7,Winter,Friday,False
2025-02-28,Lunch,43,False,0.834,11,Cookware,2,2.54,10,5.1,3.6,False,0,0,0.25,3,9.4,17.9,Winter,Friday,False
2025-02-28,Dinner,107,False,0.834,230,Plates,10,2.12,24,21.2,12.1,True,4,0,1.053,3,58.0,92.2,Winter,Friday,True
2025-02-28,Dinner,107,False,0.834,148,Glassware,8,1.89,20,15.1,2.4,True,7,0,0.724,3,42.2,77.8,Winter,Friday,True
2025-02-28,Dinner,107,False,0.834,301,Cutlery,7,2.16,45,15.1,1.4,True,4,1,0.749,3,48.4,66.3,Winter,Friday,True
2025-02-28,Dinner,107,False,0.834,11,Cookware,2,2.51,10,5.0,3.3,False,0,0,0.25,3,9.0,18.9,Winter,Friday,True
2025-03-01,Breakfast,83,False,0.768,180,Plates,8,2.18,24,17.4,0.0,True,2,1,0.672,3,46.1,72.2,Spring,Saturday,False
2025-03-01,Breakfast,83,False,0.768,110,Glassware,6,2.37,20,14.2,0.3,True,3,1,0.537,3,32.8,63.9,Spring,Saturday,False
2025-03-01,Breakfast,83,False,0.768,253,Cutlery,6,1.93,45,11.6,3.5,True,3,1,0.447,3,43.0,54.1,Spring,Saturday,False
2025-03-01,Breakfast,83,False,0.768,21,Cookware,3,2.51,10,7.5,0.2,False,0,0,0.25,3,11.9,27.5,Spring,Saturday,False
2025-03-01,Lunch,58,False,0.768,131,Plates,6,2.13,24,12.8,4.8,True,2,0,0.48,3,34.6,57.9,Spring,Saturday,False
2025-03-01,Lunch,58,False,0.768,89,Glassware,5,2.17,20,10.8,0.0,True,3,0,0.398,3,25.8,47.1,Spring,Saturday,False
2025-03-01,Lunch,58,False,0.768,155,Cutlery,4,2.24,45,9.0,5.6,True,1,0,0.318,3,27.3,42.1,Spring,Saturday,False
2025-03-01,Lunch,58,False,0.768,21,Cookware,3,2.49,10,7.5,4.0,False,0,0,0.25,3,12.8,28.6,Spring,Saturday,False
2025-03-01,Dinner,113,False,0.768,252,Plates,11,2.25,24,24.8,21.8,True,8,0,1.226,3,59.4,94.7,Spring,Saturday,True
2025-03-01,Dinner,113,False,0.768,155,Glassware,8,2.02,20,16.1,6.8,True,6,0,0.81,3,44.5,76.7,Spring,Saturday,True
2025-03-01,Dinner,113,False,0.768,308,Cutlery,7,2.11,45,14.8,2.4,True,4,1,0.75,3,50.0,73.7,Spring,Saturday,True
2025-03-01,Dinner,113,False,0.768,16,Cookware,2,2.45,10,4.9,2.1,False,0,0,0.25,3,8.8,17.2,Spring,Saturday,True
2025-03-02,Breakfast,83,False,0.706,169,Plates,8,1.93,24,15.4,3.8,True,5,0,0.56,3,47.0,74.2,Spring,Sunday,False
2025-03-02,Breakfast,83,False,0.706,126,Glassware,7,2.06,20,14.4,1.4,True,4,0,0.534,3,36.5,64.5,Spring,Sunday,False
2025-03-02,Breakfast,83,False,0.706,241,Cutlery,6,2.32,45,13.9,3.4,True,5,0,0.512,3,41.2,68.8,Spring,Sunday,False
2025-03-02,Breakfast,83,False,0.706,22,Cookware,3,2.41,10,7.2,10.8,False,0,0,0.25,3,13.6,28.8,Spring,Sunday,False
2025-03-02,Lunch,57,False,0.706,128,Plates,6,2.25,24,13.5,7.4,True,2,0,0.495,3,35.2,60.9,Spring,Sunday,False
2025-03-02,Lunch,57,False,0.706,79,Glassware,4,1.93,20,7.7,0.4,True,4,0,0.313,3,21.1,34.0,Spring,Sunday,False
2025-03-02,Lunch,57,False,0.706,165,Cutlery,4,2.07,45,8.3,3.2,True,2,0,0.313,3,27.2,40.2,Spring,Sunday,False
2025-03-02,Lunch,57,False,0.706,8,Cookware,1,2.65,10,2.6,8.2,False,0,0,0.25,3,4.4,9.5,Spring,Sunday,False
2025-03-02,Dinner,86,False,0.706,186,Plates,8,2.08,24,16.7,11.6,True,2,2,0.838,3,45.2,60.8,Spring,Sunday,True
2025-03-02,Dinner,86,False,0.706,123,Glassware,7,2.21,20,15.5,6.6,True,3,0,0.706,3,37.5,63.0,Spring,Sunday,True
2025-03-02,Dinner,86,False,0.706,236,Cutlery,6,2.12,45,12.7,0.0,True,6,0,0.575,3,41.8,58.4,Spring,Sunday,True
2025-03-02,Dinner,86,False,0.706,5,Cookware,1,2.31,10,2.3,3.2,False,0,0,0.25,3,4.3,9.6,Spring,Sunday,True
2025-03-03,Breakfast,58,False,0.713,136,Plates,6,1.87,24,11.2,0.0,True,3,0,0.437,3,33.5,60.5,Spring,Monday,False
2025-03-03,Breakfast,58,False,0.713,81,Glassware,5,2.24,20,11.2,2.8,True,3,0,0.373,3,26.8,54.7,Spring,Monday,False
2025-03-03,Breakfast,58,False,0.713,163,Cutlery,4,2.11,45,8.4,7.7,True,6,1,0.314,3,27.6,39.4,Spring,Monday,False
2025-03-03,Breakfast,58,False,0.713,14,Cookware,2,2.53,10,5.1,4.1,False,0,0,0.25,3,8.8,20.1,Spring,Monday,False
2025-03-03,Lunch,40,False,0.713,81,Plates,4,2.36,24,9.5,2.0,True,3,0,0.328,2,22.6,39.7,Spring,Monday,False
2025-03-03,Lunch,40,False,0.713,51,Glassware,3,1.83,20,5.5,0.0,True,3,0,0.25,2,14.9,32.4,Spring,Monday,False
2025-03-03,Lunch,40,False,0.713,112,Cutlery,3,2.14,45,6.4,10.1,True,2,0,0.25,2,20.8,28.5,Spring,Monday,False
2025-03-03,Lunch,40,False,0.713,5,Cookware,1,2.35,10,2.3,5.6,False,0,0,0.25,2,4.0,9.5,Spring,Monday,False
2025-03-03,Dinner,109,False,0.713,229,Plates,10,2.07,24,20.7,9.7,True,3,0,1.022,3,56.4,103.0,Spring,Monday,True
2025-03-03,Dinner,109,False,0.713,159,Glassware,8,2.11,20,16.9,4.7,True,4,1,0.87,3,44.1,83.9,Spring,Monday,True
2025-03-03,Dinner,109,False,0.713,326,Cutlery,8,2.17,45,17.4,6.5,True,6,0,0.817,3,55.0,82.0,Spring,Monday,True
2025-03-03,Dinner,109,False,0.713,25,Cookware,3,2.08,10,6.2,0.0,False,0,0,0.269,3,12.6,25.1,Spring,Monday,True
2025-03-04,Breakfast,65,False,0.696,144,Plates,6,1.9,24,11.4,0.6,False,0,0,0.468,3,35.7,57.5,Spring,Tuesday,False
2025-03-04,Breakfast,65,False,0.696,90,Glassware,5,2.12,20,10.6,5.6,False,0,0,0.394,3,26.5,44.2,Spring,Tuesday,False
2025-03-04,Breakfast,65,False,0.696,183,Cutlery,5,1.98,45,9.9,0.0,True,6,0,0.331,3,33.1,49.8,Spring,Tuesday,False
2025-03-04,Breakfast,65,False,0.696,8,Cookware,1,2.46,10,2.5,2.6,True,2,0,0.25,3,4.4,11.4,Spring,Tuesday,False
2025-03-04,Lunch,62,False,0.696,129,Plates,6,2.25,24,13.5,5.0,True,4,0,0.497,3,30.4,52.1,Spring,Tuesday,False
2025-03-04,Lunch,62,False,0.696,87,Glassware,5,2.05,20,10.2,6.8,True,1,0,0.367,3,25.1,41.2,Spring,Tuesday,False
2025-03-04,Lunch,62,False,0.696,171,Cutlery,4,2.08,45,8.3,7.8,True,2,0,0.325,3,27.8,43.0,Spring,Tuesday,False
2025-03-04,Lunch,62,False,0.696,16,Cookware,2,2.33,10,4.7,3.9,True,1,0,0.25,3,8.5,19.6,Spring,Tuesday,False
2025-03-04,Dinner,79,False,0.696,187,Plates,8,1.96,24,15.7,1.2,True,5,1,0.791,3,42.8,83.9,Spring,Tuesday,True
2025-03-04,Dinner,79,False,0.696,116,Glassware,6,2.19,20,13.1,0.7,True,1,1,0.658,3,31.1,61.3,Spring,Tuesday,True
2025-03-04,Dinner,79,False,0.696,211,Cutlery,5,1.95,45,9.7,0.7,True,6,0,0.474,3,35.9,43.5,Spring,Tuesday,True
2025-03-04,Dinner,79,False,0.696,11,Cookware,2,2.44,10,4.9,6.3,True,1,0,0.25,3,8.0,21.0,Spring,Tuesday,True
2025-03-05,Breakfast,77,False,0.746,171,Plates,8,2.15,24,17.2,2.2,True,2,0,0.63,3,39.7,70.3,Spring,Wednesday,False
2025-03-05,Breakfast,77,False,0.746,109,Glassware,6,1.96,20,11.8,7.6,True,3,0,0.44,3,31.3,54.2,Spring,Wednesday,False
2025-03-05,Breakfast,77,False,0.746,221,Cutlery,5,2.08,45,10.4,0.0,True,5,0,0.42,3,38.0,54.0,Spring,Wednesday,False
2025-03-05,Breakfast,77,False,0.746,22,Cookware,3,2.5,10,7.5,5.3,True,2,0,0.25,3,13.6,30.9,Spring,Wednesday,False
2025-03-05,Lunch,56,False,0.746,122,Plates,6,2.16,24,13.0,0.0,True,2,0,0.452,3,33.3,74.5,Spring,Wednesday,False
2025-03-05,Lunch,56,False,0.746,77,Glassware,4,2.22,20,8.9,4.5,False,0,0,0.352,3,20.8,40.9,Spring,Wednesday,False
2025-03-05,Lunch,56,False,0.746,154,Cutlery,4,1.97,45,7.9,0.0,True,1,1,0.278,3,27.2,37.3,Spring,Wednesday,False
2025-03-05,Lunch,56,False,0.746,8,Cookware,1,2.61,10,2.6,3.5,False,0,0,0.25,3,4.5,11.3,Spring,Wednesday,False
2025-03-05,Dinner,97,False,0.746,211,Plates,9,2.06,24,18.5,8.0,True,11,0,0.939,3,54.1,87.0,Spring,Wednesday,True
2025-03-05,Dinner,97,False,0.746,130,Glassware,7,2.26,20,15.8,6.9,True,3,0,0.762,3,35.0,71.7,Spring,Wednesday,True
2025-03-05,Dinner,97,False,0.746,270,Cutlery,6,1.93,45,11.6,0.0,True,7,0,0.599,3,44.2,85.2,Spring,Wednesday,True
2025-03-05,Dinner,97,False,0.746,22,Cookware,3,2.35,10,7.0,3.7,False,0,0,0.268,3,13.3,23.1,Spring,Wednesday,True
2025-03-06,Breakfast,64,False,0.761,133,Plates,6,2.12,24,12.7,2.7,True,2,0,0.484,3,34.1,52.6,Spring,Thursday,False
2025-03-06,Breakfast,64,False,0.761,90,Glassware,5,2.25,20,11.3,4.0,True,1,0,0.418,3,26.1,42.7,Spring,Thursday,False
2025-03-06,Breakfast,64,False,0.761,174,Cutlery,4,2.1,45,8.4,0.0,True,1,0,0.335,3,29.5,34.3,Spring,Thursday,False
2025-03-06,Breakfast,64,False,0.761,20,Cookware,2,2.57,10,5.1,1.4,False,0,0,0.25,3,8.9,21.6,Spring,Thursday,False
2025-03-06,Lunch,53,False,0.761,125,Plates,6,1.82,24,10.9,1.2,True,3,0,0.391,3,30.9,55.3,Spring,Thursday,False
2025-03-06,Lunch,53,False,0.761,70,Glassware,4,2.28,20,9.1,3.8,True,1,0,0.329,3,20.5,32.1,Spring,Thursday,False
2025-03-06,Lunch,53,False,0.761,150,Cutlery,4,2.05,45,8.2,1.8,True,3,1,0.281,3,26.7,42.4,Spring,Thursday,False
2025-03-06,Lunch,53,False,0.761,7,Cookware,1,2.45,10,2.4,0.8,False,0,0,0.25,3,4.1,10.1,Spring,Thursday,False
2025-03-06,Dinner,92,False,0.761,205,Plates,9,2.23,24,20.0,9.9,True,3,0,0.986,3,48.6,95.5,Spring,Thursday,True
2025-03-06,Dinner,92,False,0.761,127,Glassware,7,1.93,20,13.5,4.6,True,2,1,0.635,3,36.0,77.8,Spring,Thursday,True
2025-03-06,Dinner,92,False,0.761,247,Cutlery,6,1.99,45,11.9,3.3,True,1,0,0.567,3,43.1,69.0,Spring,Thursday,True
2025-03-06,Dinner,92,False,0.761,22,Cookware,3,2.15,10,6.4,0.0,True,1,0,0.25,3,13.3,28.5,Spring,Thursday,True
2025-03-07,Breakfast,66,False,0.662,143,Plates,6,2.1,24,12.6,7.7,True,4,0,0.514,3,33.3,59.0,Spring,Friday,False
2025-03-07,Breakfast,66,False,0.662,79,Glassware,4,2.15,20,8.6,0.8,True,2,0,0.349,3,20.9,39.8,Spring,Friday,False
2025-03-07,Breakfast,66,False,0.662,187,Cutlery,5,2.04,45,10.2,6.9,True,3,0,0.35,3,32.0,39.6,Spring,Friday,False
2025-03-07,Breakfast,66,False,0.662,8,Cookware,1,2.58,10,2.6,4.9,True,2,0,0.25,3,4.6,10.0,Spring,Friday,False
2025-03-07,Lunch,47,False,0.662,103,Plates,5,2.19,24,10.9,6.9,True,1,0,0.386,3,27.3,48.9,Spring,Friday,False
2025-03-07,Lunch,47,False,0.662,58,Glassware,3,2.14,20,6.4,3.8,True,1,0,0.255,3,16.8,28.2,Spring,Friday,False
2025-03-07,Lunch,47,False,0.662,128,Cutlery,3,2.31,45,6.9,5.1,False,0,0,0.27,3,20.4,31.5,Spring,Friday,False
2025-03-07,Lunch,47,False,0.662,12,Cookware,2,2.44,10,4.9,6.1,True,1,0,0.25,3,7.7,19.6,Spring,Friday,False
2025-03-07,Dinner,75,False,0.662,162,Plates,7,2.11,24,14.8,6.3,True,2,2,0.738,3,37.2,64.0,Spring,Friday,True
2025-03-07,Dinner,75,False,0.662,113,Glassware,6,1.82,20,10.9,3.2,True,1,0,0.534,3,32.5,72.1,Spring,Friday,True
2025-03-07,Dinner,75,False,0.662,212,Cutlery,5,2.23,45,11.2,3.3,True,5,0,0.545,3,35.8,37.7,Spring,Friday,True
2025-03-07,Dinner,75,False,0.662,7,Cookware,1,2.3,10,2.3,2.8,False,0,0,0.25,3,4.4,9.5,Spring,Friday,True
2025-03-08,Breakfast,78,False,0.761,173,Plates,8,2.25,24,18.0,0.0,True,5,0,0.667,3,43.5,79.7,Spring,Saturday,False
2025-03-08,Breakfast,78,False,0.761,110,Glassware,6,2.07,20,12.4,7.8,True,3,0,0.469,3,33.3,61.5,Spring,Saturday,False
2025-03-08,Breakfast,78,False,0.761,227,Cutlery,6,2.13,45,12.8,6.8,True,6,0,0.441,3,41.0,68.8,Spring,Saturday,False
2025-03-08,Breakfast,78,False,0.761,17,Cookware,2,2.56,10,5.1,6.1,True,1,0,0.25,3,8.8,18.1,Spring,Saturday,False
2025-03-08,Lunch,54,False,0.761,111,Plates,5,2.0,24,10.0,1.6,False,0,0,0.381,3,29.5,52.6,Spring,Saturday,False
2025-03-08,Lunch,54,False,0.761,77,Glassware,4,2.17,20,8.7,4.6,True,5,0,0.344,3,22.2,43.0,Spring,Saturday,False
2025-03-08,Lunch,54,False,0.761,148,Cutlery,4,1.97,45,7.9,2.8,True,3,0,0.267,3,27.7,37.0,Spring,Saturday,False
2025-03-08,Lunch,54,False,0.761,7,Cookware,1,2.43,10,2.4,3.3,False,0,0,0.25,3,4.4,10.4,Spring,Saturday,False
2025-03-08,Dinner,83,False,0.761,183,Plates,8,2.06,24,16.5,1.6,True,1,0,0.815,3,43.9,86.2,Spring,Saturday,True
2025-03-08,Dinner,83,False,0.761,111,Glassware,6,2.03,20,12.2,3.9,True,5,0,0.583,3,34.2,56.8,Spring,Saturday,True
2025-03-08,Dinner,83,False,0.761,229,Cutlery,6,1.81,45,10.9,5.8,True,3,0,0.479,3,41.1,65.5,Spring,Saturday,True
2025-03-08,Dinner,83,False,0.761,12,Cookware,2,2.41,10,4.8,8.1,True,1,0,0.25,3,9.0,15.3,Spring,Saturday,True
2025-03-09,Breakfast,79,True,0.682,158,Plates,7,2.06,24,14.4,6.2,True,2,1,0.56,4,37.1,72.6,Spring,Sunday,True
2025-03-09,Breakfast,79,True,0.682,93,Glassware,5,1.99,20,10.0,10.0,True,1,0,0.381,4,25.9,59.6,Spring,Sunday,True
2025-03-09,Breakfast,79,True,0.682,211,Cutlery,5,2.23,45,11.1,7.6,True,4,0,0.43,4,35.3,54.6,Spring,Sunday,True
2025-03-09,Breakfast,79,True,0.682,20,Cookware,2,2.36,10,4.7,9.1,True,1,0,0.25,4,9.4,19.3,Spring,Sunday,True
2025-03-09,Lunch,54,True,0.682,123,Plates,6,2.13,24,12.8,14.9,True,1,0,0.45,4,31.0,59.4,Spring,Sunday,True
2025-03-09,Lunch,54,True,0.682,70,Glassware,4,1.88,20,7.5,14.7,True,1,0,0.271,4,22.2,37.7,Spring,Sunday,True
2025-03-09,Lunch,54,True,0.682,148,Cutlery,4,2.07,45,8.3,9.8,True,3,0,0.28,4,27.7,41.6,Spring,Sunday,True
2025-03-09,Lunch,54,True,0.682,11,Cookware,2,2.5,10,5.0,16.1,False,0,0,0.25,4,8.5,25.0,Spring,Sunday,True
2025-03-09,Dinner,106,True,0.682,232,Plates,10,2.13,24,21.3,15.9,True,6,0,1.066,4,55.2,116.9,Spring,Sunday,True
2025-03-09,Dinner,106,True,0.682,154,Glassware,8,2.08,20,16.6,13.4,True,3,0,0.83,4,43.0,85.1,Spring,Sunday,True
2025-03-09,Dinner,106,True,0.682,292,Cutlery,7,2.12,45,14.9,8.3,True,8,1,0.714,4,54.8,86.8,Spring,Sunday,True
2025-03-09,Dinner,106,True,0.682,25,Cookware,3,2.23,10,6.7,6.0,False,0,0,0.289,4,13.6,30.1,Spring,Sunday,True
2025-03-10,Breakfast,69,False,0.689,135,Plates,6,2.18,24,13.1,1.4,True,5,1,0.506,3,37.6,67.2,Spring,Monday,False
2025-03-10,Breakfast,69,False,0.689,101,Glassware,6,2.21,20,13.3,7.6,True,2,1,0.46,3,32.3,66.3,Spring,Monday,False
2025-03-10,Breakfast,69,False,0.689,196,Cutlery,5,2.28,45,11.4,5.5,True,2,0,0.409,3,35.4,35.4,Spring,Monday,False
2025-03-10,Breakfast,69,False,0.689,15,Cookware,2,2.53,10,5.1,0.0,False,0,0,0.25,3,8.1,18.1,Spring,Monday,False
2025-03-10,Lunch,53,False,0.689,107,Plates,5,2.17,24,10.8,1.4,True,3,0,0.398,3,26.8,49.1,Spring,Monday,False
2025-03-10,Lunch,53,False,0.689,79,Glassware,4,2.04,20,8.2,0.0,True,2,0,0.331,3,22.0,49.7,Spring,Monday,False
2025-03-10,Lunch,53,False,0.689,152,Cutlery,4,1.94,45,7.8,3.4,True,4,0,0.27,3,26.8,34.2,Spring,Monday,False
2025-03-10,Lunch,53,False,0.689,17,Cookware,2,2.52,10,5.0,2.7,False,0,0,0.25,3,8.3,23.5,Spring,Monday,False
2025-03-10,Dinner,85,False,0.689,187,Plates,8,2.27,24,18.1,5.2,True,2,0,0.916,3,45.4,85.9,Spring,Monday,True
2025-03-10,Dinner,85,False,0.689,112,Glassware,6,2.26,20,13.6,0.5,True,2,0,0.658,3,31.3,62.0,Spring,Monday,True
2025-03-10,Dinner,85,False,0.689,224,Cutlery,5,2.11,45,10.5,0.0,True,10,0,0.544,3,36.1,48.4,Spring,Monday,True
2025-03-10,Dinner,85,False,0.689,33,Cookware,4,2.48,10,9.9,10.7,True,2,0,0.424,3,18.9,42.7,Spring,Monday,True
2025-03-11,Breakfast,96,False,0.746,206,Plates,9,1.93,24,17.4,0.4,True,2,1,0.683,3,51.9,92.7,Spring,Tuesday,False
2025-03-11,Breakfast,96,False,0.746,127,Glassware,7,2.09,20,14.6,6.6,True,2,0,0.547,3,36.0,74.2,Spring,Tuesday,False
2025-03-11,Breakfast,96,False,0.746,273,Cutlery,7,2.33,45,16.3,1.5,True,5,1,0.582,3,46.0,61.1,Spring,Tuesday,False
2025-03-11,Breakfast,96,False,0.746,31,Cookware,4,2.7,10,10.8,3.8,True,1,0,0.345,3,17.9,43.4,Spring,Tuesday,False
2025-03-11,Lunch,45,False,0.746,101,Plates,5,2.06,24,10.3,0.0,True,2,0,0.356,3,26.4,50.0,Spring,Tuesday,False
2025-03-11,Lunch,45,False,0.746,62,Glassware,4,2.44,20,9.8,4.5,False,0,0,0.312,3,20.8,45.5,Spring,Tuesday,False
2025-03-11,Lunch,45,False,0.746,128,Cutlery,3,2.17,45,6.5,0.0,True,4,0,0.254,3,21.1,28.7,Spring,Tuesday,False
2025-03-11,Lunch,45,False,0.746,5,Cookware,1,2.54,10,2.5,5.5,True,2,0,0.25,3,4.3,10.5,Spring,Tuesday,False
2025-03-11,Dinner,94,False,0.746,209,Plates,9,1.96,24,17.6,7.4,True,5,2,0.885,3,49.6,90.3,Spring,Tuesday,True
2025-03-11,Dinner,94,False,0.746,131,Glassware,7,2.29,20,16.0,0.0,True,3,1,0.778,3,35.2,68.1,Spring,Tuesday,True
2025-03-11,Dinner,94,False,0.746,251,Cutlery,6,2.0,45,12.0,7.0,True,2,0,0.579,3,43.1,63.0,Spring,Tuesday,True
2025-03-11,Dinner,94,False,0.746,19,Cookware,2,2.49,10,5.0,0.0,True,2,0,0.25,3,8.7,17.3,Spring,Tuesday,True
2025-03-12,Breakfast,68,False,0.735,153,Plates,7,1.99,24,13.9,6.9,True,3,0,0.523,3,38.6,53.9,Spring,Wednesday,False
2025-03-12,Breakfast,68,False,0.735,93,Glassware,5,2.39,20,12.0,3.1,True,4,0,0.458,3,26.3,59.6,Spring,Wednesday,False
2025-03-12,Breakfast,68,False,0.735,181,Cutlery,5,2.23,45,11.1,8.4,True,3,0,0.369,3,34.8,54.1,Spring,Wednesday,False
2025-03-12,Breakfast,68,False,0.735,5,Cookware,1,2.66,10,2.7,0.0,False,0,0,0.25,3,4.2,12.6,Spring,Wednesday,False
2025-03-12,Lunch,46,False,0.735,93,Plates,4,2.16,24,8.6,0.0,False,0,0,0.344,3,21.9,44.3,Spring,Wednesday,False
2025-03-12,Lunch,46,False,0.735,63,Glassware,4,2.04,20,8.2,3.9,True,2,0,0.265,3,19.4,39.2,Spring,Wednesday,False
2025-03-12,Lunch,46,False,0.735,124,Cutlery,3,2.11,45,6.3,3.5,True,3,0,0.25,3,20.5,30.8,Spring,Wednesday,False
2025-03-12,Lunch,46,False,0.735,12,Cookware,2,2.48,10,5.0,0.2,False,0,0,0.25,3,8.2,18.4,Spring,Wednesday,False
2025-03-12,Dinner,93,False,0.735,203,Plates,9,1.67,24,15.0,3.5,True,3,0,0.732,3,46.1,79.0,Spring,Wednesday,True
2025-03-12,Dinner,93,False,0.735,130,Glassware,7,2.13,20,14.9,7.3,True,1,0,0.718,3,36.3,73.8,Spring,Wednesday,True
2025-03-12,Dinner,93,False,0.735,268,Cutlery,6,1.96,45,11.8,0.7,True,6,1,0.605,3,42.9,60.0,Spring,Wednesday,True
2025-03-12,Dinner,93,False,0.735,24,Cookware,3,2.49,10,7.5,4.5,False,0,0,0.31,3,12.8,27.4,Spring,Wednesday,True
2025-03-13,Breakfast,80,False,0.656,174,Plates,8,1.99,24,15.9,5.0,True,2,0,0.594,3,42.3,77.7,Spring,Thursday,False
2025-03-13,Breakfast,80,False,0.656,111,Glassware,6,2.24,20,13.4,0.1,False,0,0,0.512,3,32.2,50.6,Spring,Thursday,False
2025-03-13,Breakfast,80,False,0.656,225,Cutlery,5,2.01,45,10.1,0.0,True,3,0,0.414,3,35.7,48.5,Spring,Thursday,False
2025-03-13,Breakfast,80,False,0.656,17,Cookware,2,2.68,10,5.4,4.8,True,2,0,0.25,3,9.1,18.7,Spring,Thursday,False
2025-03-13,Lunch,55,False,0.656,130,Plates,6,2.02,24,12.1,3.0,False,0,0,0.45,3,34.6,56.9,Spring,Thursday,False
2025-03-13,Lunch,55,False,0.656,77,Glassware,4,2.16,20,8.6,3.0,True,2,0,0.343,3,21.9,41.6,Spring,Thursday,False
2025-03-13,Lunch,55,False,0.656,150,Cutlery,4,2.04,45,8.2,4.7,True,3,0,0.28,3,26.5,43.6,Spring,Thursday,False
2025-03-13,Lunch,55,False,0.656,18,Cookware,2,2.51,10,5.0,3.6,True,1,0,0.25,3,9.3,22.8,Spring,Thursday,False
2025-03-13,Dinner,95,False,0.656,194,Plates,9,1.89,24,17.0,5.8,True,2,0,0.792,3,52.7,87.6,Spring,Thursday,True
2025-03-13,Dinner,95,False,0.656,141,Glassware,8,2.01,20,16.1,3.8,True,3,0,0.736,3,42.7,95.4,Spring,Thursday,True
2025-03-13,Dinner,95,False,0.656,270,Cutlery,6,2.29,45,13.7,1.3,True,6,1,0.712,3,44.5,75.5,Spring,Thursday,True
2025-03-13,Dinner,95,False,0.656,21,Cookware,3,2.38,10,7.1,2.1,False,0,0,0.259,3,13.2,30.8,Spring,Thursday,True
2025-03-14,Breakfast,64,False,0.712,142,Plates,6,1.98,24,11.9,7.1,False,0,0,0.484,3,34.3,65.1,Spring,Friday,False
2025-03-14,Breakfast,64,False,0.712,86,Glassware,5,1.93,20,9.6,3.6,True,2,0,0.341,3,27.6,44.7,Spring,Friday,False
2025-03-14,Breakfast,64,False,0.712,177,Cutlery,4,2.29,45,9.2,9.3,True,5,0,0.371,3,31.3,37.4,Spring,Friday,False
2025-03-14,Breakfast,64,False,0.712,12,Cookware,2,2.45,10,4.9,3.7,False,0,0,0.25,3,8.8,17.6,Spring,Friday,False
2025-03-14,Lunch,45,False,0.712,104,Plates,5,1.94,24,9.7,1.7,False,0,0,0.347,3,25.0,47.8,Spring,Friday,False
2025-03-14,Lunch,45,False,0.712,63,Glassware,4,2.22,20,8.9,6.9,True,2,0,0.288,3,20.3,29.8,Spring,Friday,False
2025-03-14,Lunch,45,False,0.712,123,Cutlery,3,2.18,45,6.5,1.8,True,4,0,0.25,3,20.8,31.4,Spring,Friday,False
2025-03-14,Lunch,45,False,0.712,12,Cookware,2,2.28,10,4.6,4.1,False,0,0,0.25,3,7.8,21.6,Spring,Friday,False
2025-03-14,Dinner,82,False,0.712,171,Plates,8,2.05,24,16.4,3.9,True,6,1,0.758,3,40.9,82.1,Spring,Friday,True
2025-03-14,Dinner,82,False,0.712,120,Glassware,6,2.1,20,12.6,4.4,True,9,0,0.655,3,35.8,72.1,Spring,Friday,True
2025-03-14,Dinner,82,False,0.712,239,Cutlery,6,2.21,45,13.3,1.1,True,8,0,0.609,3,41.0,56.3,Spring,Friday,True
2025-03-14,Dinner,82,False,0.712,21,Cookware,3,2.53,10,7.6,5.4,True,1,0,0.276,3,13.6,33.1,Spring,Friday,True
2025-03-15,Breakfast,62,False,0.769,137,Plates,6,1.99,24,11.9,5.2,True,4,0,0.467,3,34.6,60.8,Spring,Saturday,False
2025-03-15,Breakfast,62,False,0.769,97,Glassware,5,2.38,20,11.9,1.9,True,2,1,0.476,3,27.7,51.1,Spring,Saturday,False
2025-03-15,Breakfast,62,False,0.769,169,Cutlery,4,2.19,45,8.8,0.9,True,2,0,0.339,3,28.0,33.6,Spring,Saturday,False
2025-03-15,Breakfast,62,False,0.769,12,Cookware,2,2.36,10,4.7,1.8,False,0,0,0.25,3,8.0,17.4,Spring,Saturday,False
2025-03-15,Lunch,67,False,0.769,157,Plates,7,1.93,24,13.5,3.7,True,4,0,0.519,3,38.2,66.0,Spring,Saturday,False
2025-03-15,Lunch,67,False,0.769,97,Glassware,5,2.25,20,11.3,0.3,True,1,0,0.45,3,27.1,54.7,Spring,Saturday,False
2025-03-15,Lunch,67,False,0.769,186,Cutlery,5,2.08,45,10.4,5.8,True,5,0,0.354,3,32.3,48.0,Spring,Saturday,False
2025-03-15,Lunch,67,False,0.769,11,Cookware,2,2.77,10,5.5,1.9,False,0,0,0.25,3,7.4,19.4,Spring,Saturday,False
2025-03-15,Dinner,94,False,0.769,207,Plates,9,2.26,24,20.4,15.1,True,6,0,1.012,3,51.8,97.2,Spring,Saturday,True
2025-03-15,Dinner,94,False,0.769,135,Glassware,7,2.1,20,14.7,5.4,True,3,0,0.735,3,37.7,65.9,Spring,Saturday,True
2025-03-15,Dinner,94,False,0.769,273,Cutlery,7,2.14,45,15.0,0.0,True,4,0,0.673,3,48.5,72.5,Spring,Saturday,True
2025-03-15,Dinner,94,False,0.769,24,Cookware,3,2.43,10,7.3,4.0,False,0,0,0.302,3,14.1,31.2,Spring,Saturday,True
2025-03-16,Breakfast,74,False,0.726,166,Plates,7,2.09,24,14.6,0.0,True,5,0,0.596,3,40.3,80.3,Spring,Sunday,False
2025-03-16,Breakfast,74,False,0.726,103,Glassware,6,2.01,20,12.1,4.9,True,4,0,0.427,3,30.4,63.7,Spring,Sunday,False
2025-03-16,Breakfast,74,False,0.726,210,Cutlery,5,2.08,45,10.4,6.7,True,3,0,0.399,3,35.3,50.8,Spring,Sunday,False
2025-03-16,Breakfast,74,False,0.726,8,Cookware,1,2.49,10,2.5,4.6,False,0,0,0.25,3,4.4,11.1,Spring,Sunday,False
2025-03-16,Lunch,50,False,0.726,109,Plates,5,2.02,24,10.1,2.2,True,4,0,0.377,3,27.8,54.7,Spring,Sunday,False
2025-03-16,Lunch,50,False,0.726,70,Glassware,4,2.08,20,8.3,0.0,True,4,0,0.299,3,20.3,43.6,Spring,Sunday,False
2025-03-16,Lunch,50,False,0.726,137,Cutlery,4,2.02,45,8.1,3.0,True,3,0,0.253,3,26.5,40.9,Spring,Sunday,False
2025-03-16,Lunch,50,False,0.726,9,Cookware,1,2.14,10,2.1,2.0,False,0,0,0.25,3,3.9,11.2,Spring,Sunday,False
2025-03-16,Dinner,96,False,0.726,192,Plates,8,2.26,24,18.1,8.3,True,4,0,0.937,3,47.9,81.0,Spring,Sunday,True
2025-03-16,Dinner,96,False,0.726,142,Glassware,8,2.18,20,17.5,4.1,True,8,2,0.804,3,42.1,85.3,Spring,Sunday,True
2025-03-16,Dinner,96,False,0.726,269,Cutlery,6,2.41,45,14.5,10.4,True,1,0,0.747,3,43.0,65.2,Spring,Sunday,True
2025-03-16,Dinner,96,False,0.726,5,Cookware,1,2.32,10,2.3,2.8,False,0,0,0.25,3,3.6,8.3,Spring,Sunday,True
2025-03-17,Breakfast,70,False,0.668,158,Plates,7,2.3,24,16.1,3.2,True,1,1,0.624,3,37.9,70.5,Spring,Monday,False
2025-03-17,Breakfast,70,False,0.668,100,Glassware,5,2.0,20,10.0,2.5,True,3,0,0.411,3,27.1,58.6,Spring,Monday,False
2025-03-17,Breakfast,70,False,0.668,198,Cutlery,5,2.12,45,10.6,4.1,True,6,0,0.384,3,34.1,50.3,Spring,Monday,False
2025-03-17,Breakfast,70,False,0.668,19,Cookware,2,2.65,10,5.3,11.5,True,1,0,0.25,3,9.0,20.3,Spring,Monday,False
2025-03-17,Lunch,53,False,0.668,111,Plates,5,2.01,24,10.0,7.7,False,0,0,0.383,3,31.1,48.2,Spring,Monday,False
2025-03-17,Lunch,53,False,0.668,71,Glassware,4,2.22,20,8.9,0.0,False,0,0,0.325,3,20.5,37.2,Spring,Monday,False
2025-03-17,Lunch,53,False,0.668,149,Cutlery,4,1.98,45,7.9,0.0,False,0,0,0.27,3,27.2,36.1,Spring,Monday,False
2025-03-17,Lunch,53,False,0.668,10,Cookware,1,2.47,10,2.5,1.8,True,2,0,0.25,3,4.8,7.8,Spring,Monday,False
2025-03-17,Dinner,86,False,0.668,193,Plates,9,2.06,24,18.5,8.0,True,7,0,0.859,3,51.9,84.4,Spring,Monday,True
2025-03-17,Dinner,86,False,0.668,125,Glassware,7,1.84,20,12.9,0.0,True,1,1,0.598,3,34.0,62.6,Spring,Monday,True
2025-03-17,Dinner,86,False,0.668,234,Cutlery,6,2.05,45,12.3,0.0,True,3,0,0.552,3,39.7,59.7,Spring,Monday,True
2025-03-17,Dinner,86,False,0.668,22,Cookware,3,2.32,10,7.0,4.8,True,2,0,0.265,3,12.7,31.7,Spring,Monday,True
2025-03-18,Breakfast,83,False,0.627,181,Plates,8,2.13,24,17.1,4.0,True,3,0,0.663,3,48.7,82.9,Spring,Tuesday,False
2025-03-18,Breakfast,83,False,0.627,118,Glassware,6,2.1,20,12.6,4.3,True,3,0,0.51,3,31.2,58.4,Spring,Tuesday,False
2025-03-18,Breakfast,83,False,0.627,226,Cutlery,6,2.26,45,13.6,1.1,True,4,0,0.468,3,42.2,54.5,Spring,Tuesday,False
2025-03-18,Breakfast,83,False,0.627,5,Cookware,1,2.35,10,2.3,0.0,False,0,0,0.25,3,4.2,9.7,Spring,Tuesday,False
2025-03-18,Lunch,47,False,0.627,103,Plates,5,2.26,24,11.3,2.8,True,1,0,0.399,3,26.2,50.9,Spring,Tuesday,False
2025-03-18,Lunch,47,False,0.627,61,Glassware,4,1.95,20,7.8,0.0,False,0,0,0.25,3,19.6,42.6,Spring,Tuesday,False
2025-03-18,Lunch,47,False,0.627,131,Cutlery,3,2.17,45,6.5,2.4,True,2,0,0.261,3,22.2,32.8,Spring,Tuesday,False
2025-03-18,Lunch,47,False,0.627,13,Cookware,2,2.16,10,4.3,0.0,False,0,0,0.25,3,8.4,21.0,Spring,Tuesday,False
2025-03-18,Dinner,70,False,0.627,158,Plates,7,2.07,24,14.5,3.5,True,1,0,0.705,3,38.8,88.0,Spring,Tuesday,True
2025-03-18,Dinner,70,False,0.627,97,Glassware,5,2.02,20,10.1,3.2,True,2,1,0.508,3,27.4,45.3,Spring,Tuesday,True
2025-03-18,Dinner,70,False,0.627,197,Cutlery,5,2.1,45,10.5,5.3,True,2,0,0.477,3,34.0,59.6,Spring,Tuesday,True
2025-03-18,Dinner,70,False,0.627,14,Cookware,2,2.58,10,5.2,1.4,False,0,0,0.25,3,8.1,16.8,Spring,Tuesday,True
2025-03-19,Breakfast,74,False,0.727,169,Plates,8,1.95,24,15.6,0.0,True,2,0,0.565,3,43.0,85.5,Spring,Wednesday,False
2025-03-19,Breakfast,74,False,0.727,107,Glassware,6,1.81,20,10.9,8.6,True,3,0,0.399,3,30.4,43.9,Spring,Wednesday,False
2025-03-19,Breakfast,74,False,0.727,205,Cutlery,5,2.17,45,10.9,4.3,True,3,1,0.408,3,34.3,43.3,Spring,Wednesday,False
2025-03-19,Breakfast,74,False,0.727,17,Cookware,2,2.6,10,5.2,2.4,False,0,0,0.25,3,8.9,16.2,Spring,Wednesday,False
2025-03-19,Lunch,52,False,0.727,110,Plates,5,2.05,24,10.2,3.5,False,0,0,0.386,3,27.1,42.6,Spring,Wednesday,False
2025-03-19,Lunch,52,False,0.727,76,Glassware,4,2.13,20,8.5,5.8,True,2,0,0.333,3,19.9,35.0,Spring,Wednesday,False
2025-03-19,Lunch,52,False,0.727,145,Cutlery,4,2.34,45,9.3,5.4,True,4,0,0.31,3,27.1,38.0,Spring,Wednesday,False
2025-03-19,Lunch,52,False,0.727,9,Cookware,1,2.61,10,2.6,6.4,False,0,0,0.25,3,4.4,10.3,Spring,Wednesday,False
2025-03-19,Dinner,96,False,0.727,201,Plates,9,1.87,24,16.8,8.0,True,10,0,0.813,3,52.0,83.3,Spring,Wednesday,True
2025-03-19,Dinner,96,False,0.727,143,Glassware,8,2.14,20,17.1,6.5,False,0,0,0.792,3,39.3,91.2,Spring,Wednesday,True
2025-03-19,Dinner,96,False,0.727,267,Cutlery,6,2.03,45,12.2,0.0,True,4,2,0.625,3,41.9,57.6,Spring,Wednesday,True
2025-03-19,Dinner,96,False,0.727,22,Cookware,3,2.4,10,7.2,9.4,True,1,0,0.274,3,12.1,31.6,Spring,Wednesday,True
2025-03-20,Breakfast,87,False,0.792,191,Plates,8,2.25,24,18.0,5.2,True,4,2,0.738,3,45.6,85.9,Spring,Thursday,False
2025-03-20,Breakfast,87,False,0.792,123,Glassware,7,2.15,20,15.1,8.3,True,5,0,0.545,3,37.4,68.6,Spring,Thursday,False
2025-03-20,Breakfast,87,False,0.792,234,Cutlery,6,1.86,45,11.2,5.3,True,2,0,0.398,3,44.4,60.0,Spring,Thursday,False
2025-03-20,Breakfast,87,False,0.792,25,Cookware,3,2.26,10,6.8,5.1,True,3,0,0.25,3,13.3,25.8,Spring,Thursday,False
2025-03-20,Lunch,52,False,0.792,120,Plates,5,2.13,24,10.7,1.4,True,2,0,0.439,3,28.7,49.6,Spring,Thursday,False
2025-03-20,Lunch,52,False,0.792,71,Glassware,4,1.85,20,7.4,4.9,False,0,0,0.27,3,22.0,32.6,Spring,Thursday,False
2025-03-20,Lunch,52,False,0.792,150,Cutlery,4,1.96,45,7.8,0.0,True,3,1,0.269,3,27.8,40.9,Spring,Thursday,False
2025-03-20,Lunch,52,False,0.792,13,Cookware,2,2.25,10,4.5,5.3,False,0,0,0.25,3,7.7,17.1,Spring,Thursday,False
2025-03-20,Dinner,99,False,0.792,212,Plates,9,2.16,24,19.4,9.7,True,6,1,0.988,3,51.7,102.7,Spring,Thursday,True
2025-03-20,Dinner,99,False,0.792,141,Glassware,8,2.2,20,17.6,4.8,True,2,0,0.804,3,41.4,77.9,Spring,Thursday,True
2025-03-20,Dinner,99,False,0.792,261,Cutlery,6,1.97,45,11.8,3.5,True,6,2,0.594,3,43.7,55.8,Spring,Thursday,True
2025-03-20,Dinner,99,False,0.792,23,Cookware,3,2.5,10,7.5,6.7,False,0,0,0.298,3,12.7,33.3,Spring,Thursday,True
2025-03-21,Breakfast,75,False,0.735,166,Plates,7,1.99,24,14.0,6.4,True,3,0,0.568,3,40.0,72.7,Spring,Friday,False
2025-03-21,Breakfast,75,False,0.735,100,Glassware,5,2.19,20,11.0,3.7,False,0,0,0.451,3,27.9,52.4,Spring,Friday,False
2025-03-21,Breakfast,75,False,0.735,215,Cutlery,5,2.24,45,11.2,3.0,True,5,0,0.441,3,35.3,48.4,Spring,Friday,False
2025-03-21,Breakfast,75,False,0.735,13,Cookware,2,2.63,10,5.3,8.6,True,2,0,0.25,3,8.4,17.6,Spring,Friday,False
2025-03-21,Lunch,49,False,0.735,105,Plates,5,2.18,24,10.9,0.0,True,1,1,0.393,3,25.4,56.7,Spring,Friday,False
2025-03-21,Lunch,49,False,0.735,69,Glassware,4,2.22,20,8.9,4.0,False,0,0,0.315,3,21.2,42.0,Spring,Friday,False
2025-03-21,Lunch,49,False,0.735,134,Cutlery,3,2.17,45,6.5,4.0,True,5,0,0.266,3,21.8,31.5,Spring,Friday,False
2025-03-21,Lunch,49,False,0.735,7,Cookware,1,2.55,10,2.5,7.3,True,1,0,0.25,3,4.1,9.8,Spring,Friday,False
2025-03-21,Dinner,86,False,0.735,179,Plates,8,1.92,24,15.4,1.8,True,3,0,0.744,3,47.4,75.2,Spring,Friday,True
2025-03-21,Dinner,86,False,0.735,126,Glassware,7,1.86,20,13.0,3.7,True,4,0,0.608,3,35.7,64.8,Spring,Friday,True
2025-03-21,Dinner,86,False,0.735,240,Cutlery,6,2.09,45,12.6,3.8,True,2,0,0.579,3,41.7,63.2,Spring,Friday,True
2025-03-21,Dinner,86,False,0.735,18,Cookware,2,2.51,10,5.0,0.0,True,2,0,0.25,3,8.0,16.4,Spring,Friday,True
2025-03-22,Breakfast,68,False,0.669,154,Plates,7,2.19,24,15.3,3.3,True,2,0,0.579,3,37.2,76.0,Spring,Saturday,False
2025-03-22,Breakfast,68,False,0.669,97,Glassware,5,2.19,20,11.0,6.0,False,0,0,0.438,3,27.3,46.2,Spring,Saturday,False
2025-03-22,Breakfast,68,False,0.669,192,Cutlery,5,2.09,45,10.4,2.7,True,1,0,0.366,3,33.5,56.5,Spring,Saturday,False
2025-03-22,Breakfast,68,False,0.669,20,Cookware,2,2.3,10,4.6,8.6,True,1,0,0.25,3,9.0,21.5,Spring,Saturday,False
2025-03-22,Lunch,54,False,0.669,122,Plates,6,2.09,24,12.6,3.5,False,0,0,0.438,3,32.0,58.4,Spring,Saturday,False
2025-03-22,Lunch,54,False,0.669,71,Glassware,4,1.93,20,7.7,6.8,True,3,0,0.283,3,20.5,47.0,Spring,Saturday,False
2025-03-22,Lunch,54,False,0.669,155,Cutlery,4,2.11,45,8.4,6.6,True,6,0,0.299,3,28.1,43.5,Spring,Saturday,False
2025-03-22,Lunch,54,False,0.669,14,Cookware,2,2.47,10,4.9,7.6,True,1,0,0.25,3,8.9,24.2,Spring,Saturday,False
2025-03-22,Dinner,85,False,0.669,191,Plates,8,2.2,24,17.6,5.6,True,5,0,0.909,3,46.3,75.7,Spring,Saturday,True
2025-03-22,Dinner,85,False,0.669,134,Glassware,7,2.06,20,14.4,0.2,True,5,0,0.714,3,39.4,66.3,Spring,Saturday,True
2025-03-22,Dinner,85,False,0.669,233,Cutlery,6,2.28,45,13.7,0.6,True,1,0,0.613,3,41.8,60.2,Spring,Saturday,True
2025-03-22,Dinner,85,False,0.669,10,Cookware,1,2.42,10,2.4,3.1,False,0,0,0.25,3,4.6,10.4,Spring,Saturday,True
2025-03-23,Breakfast,51,False,0.632,112,Plates,5,2.0,24,10.0,2.0,True,2,0,0.385,3,28.8,55.8,Spring,Sunday,False
2025-03-23,Breakfast,51,False,0.632,74,Glassware,4,2.17,20,8.7,6.8,True,1,0,0.331,3,22.0,46.4,Spring,Sunday,False
2025-03-23,Breakfast,51,False,0.632,141,Cutlery,4,1.99,45,8.0,4.6,True,3,1,0.257,3,25.6,44.1,Spring,Sunday,False
2025-03-23,Breakfast,51,False,0.632,5,Cookware,1,2.47,10,2.5,1.1,True,2,0,0.25,3,4.3,9.6,Spring,Sunday,False
2025-03-23,Lunch,42,False,0.632,91,Plates,4,2.24,24,8.9,1.9,False,0,0,0.349,2,23.8,42.0,Spring,Sunday,False
2025-03-23,Lunch,42,False,0.632,66,Glassware,4,1.89,20,7.5,3.0,True,1,0,0.256,2,20.0,43.4,Spring,Sunday,False
2025-03-23,Lunch,42,False,0.632,115,Cutlery,3,2.18,45,6.5,7.5,True,2,1,0.25,2,20.5,31.7,Spring,Sunday,False
2025-03-23,Lunch,42,False,0.632,12,Cookware,2,2.28,10,4.6,1.6,False,0,0,0.25,2,8.1,20.0,Spring,Sunday,False
2025-03-23,Dinner,60,False,0.632,127,Plates,6,2.32,24,13.9,9.2,True,1,0,0.635,3,33.5,68.2,Spring,Sunday,True
2025-03-23,Dinner,60,False,0.632,85,Glassware,5,2.08,20,10.4,2.8,False,0,0,0.458,3,25.8,54.8,Spring,Sunday,True
2025-03-23,Dinner,60,False,0.632,169,Cutlery,4,1.96,45,7.8,4.9,True,4,0,0.381,3,30.3,29.5,Spring,Sunday,True
2025-03-23,Dinner,60,False,0.632,18,Cookware,2,2.41,10,4.8,3.0,True,2,0,0.25,3,9.0,18.2,Spring,Sunday,True
2025-03-24,Breakfast,87,False,0.787,184,Plates,8,2.16,24,17.3,0.0,True,3,0,0.681,3,45.5,77.2,Spring,Monday,False
2025-03-24,Breakfast,87,False,0.787,119,Glassware,6,1.95,20,11.7,1.2,True,1,0,0.478,3,33.5,54.5,Spring,Monday,False
2025-03-24,Breakfast,87,False,0.787,244,Cutlery,6,2.26,45,13.5,2.2,True,3,0,0.504,3,43.3,60.9,Spring,Monday,False
2025-03-24,Breakfast,87,False,0.787,30,Cookware,3,2.26,10,6.8,3.5,False,0,0,0.279,3,13.8,29.4,Spring,Monday,False
2025-03-24,Lunch,63,False,0.787,130,Plates,6,1.95,24,11.7,2.2,True,1,0,0.434,3,35.8,55.3,Spring,Monday,False
2025-03-24,Lunch,63,False,0.787,84,Glassware,5,2.22,20,11.1,0.0,True,1,0,0.383,3,24.7,48.8,Spring,Monday,False
2025-03-24,Lunch,63,False,0.787,171,Cutlery,4,2.0,45,8.0,5.5,True,4,0,0.313,3,29.5,45.3,Spring,Monday,False
2025-03-24,Lunch,63,False,0.787,23,Cookware,3,2.48,10,7.4,0.0,True,1,0,0.25,3,13.4,32.3,Spring,Monday,False
2025-03-24,Dinner,90,False,0.787,178,Plates,8,2.16,24,17.3,10.6,True,4,0,0.83,3,44.4,77.9,Spring,Monday,True
2025-03-24,Dinner,90,False,0.787,109,Glassware,6,2.16,20,13.0,0.8,True,1,0,0.612,3,28.8,48.8,Spring,Monday,True
2025-03-24,Dinner,90,False,0.787,247,Cutlery,6,1.97,45,11.8,1.8,True,2,1,0.56,3,42.1,52.2,Spring,Monday,True
2025-03-24,Dinner,90,False,0.787,36,Cookware,4,2.2,10,8.8,4.6,True,4,0,0.411,3,18.4,43.5,Spring,Monday,True
2025-03-25,Breakfast,67,False,0.691,137,Plates,6,2.2,24,13.2,2.3,False,0,0,0.518,3,33.1,60.0,Spring,Tuesday,False
2025-03-25,Breakfast,67,False,0.691,98,Glassware,5,2.04,20,10.2,6.2,True,2,1,0.412,3,25.7,39.2,Spring,Tuesday,False
2025-03-25,Breakfast,67,False,0.691,189,Cutlery,5,2.03,45,10.2,2.6,True,2,0,0.352,3,34.0,46.8,Spring,Tuesday,False
2025-03-25,Breakfast,67,False,0.691,21,Cookware,3,2.16,10,6.5,4.6,False,0,0,0.25,3,12.4,26.4,Spring,Tuesday,False
2025-03-25,Lunch,39,False,0.691,88,Plates,4,2.06,24,8.2,3.8,True,3,1,0.311,2,22.2,36.7,Spring,Tuesday,False
2025-03-25,Lunch,39,False,0.691,55,Glassware,3,2.22,20,6.7,3.3,True,1,0,0.251,2,15.7,26.8,Spring,Tuesday,False
2025-03-25,Lunch,39,False,0.691,113,Cutlery,3,2.24,45,6.7,8.0,False,0,0,0.25,2,21.0,30.4,Spring,Tuesday,False
2025-03-25,Lunch,39,False,0.691,12,Cookware,2,2.46,10,4.9,4.2,True,1,0,0.25,2,9.0,19.3,Spring,Tuesday,False
2025-03-25,Dinner,78,False,0.691,171,Plates,8,2.08,24,16.7,7.8,True,6,0,0.769,3,42.7,68.2,Spring,Tuesday,True
2025-03-25,Dinner,78,False,0.691,117,Glassware,6,2.01,20,12.1,1.3,False,0,0,0.61,3,32.3,57.9,Spring,Tuesday,True
2025-03-25,Dinner,78,False,0.691,227,Cutlery,6,2.15,45,12.9,2.5,True,2,0,0.561,3,38.7,62.2,Spring,Tuesday,True
2025-03-25,Dinner,78,False,0.691,17,Cookware,2,2.42,10,4.8,0.7,False,0,0,0.25,3,9.1,19.6,Spring,Tuesday,True
2025-03-26,Breakfast,74,False,0.72,161,Plates,7,1.73,24,12.1,4.9,True,4,0,0.479,3,41.1,72.5,Spring,Wednesday,False
2025-03-26,Breakfast,74,False,0.72,108,Glassware,6,2.26,20,13.6,0.9,True,2,1,0.503,3,30.3,51.5,Spring,Wednesday,False
2025-03-26,Breakfast,74,False,0.72,197,Cutlery,5,2.16,45,10.8,0.0,True,4,1,0.39,3,35.6,42.1,Spring,Wednesday,False
2025-03-26,Breakfast,74,False,0.72,11,Cookware,2,2.43,10,4.9,1.6,False,0,0,0.25,3,7.9,20.6,Spring,Wednesday,False
2025-03-26,Lunch,37,False,0.72,82,Plates,4,2.01,24,8.0,0.0,True,2,0,0.283,2,21.1,39.3,Spring,Wednesday,False
2025-03-26,Lunch,37,False,0.72,53,Glassware,3,2.1,20,6.3,0.0,False,0,0,0.25,2,15.8,30.8,Spring,Wednesday,False
2025-03-26,Lunch,37,False,0.72,112,Cutlery,3,2.05,45,6.2,0.0,True,1,0,0.25,2,21.7,27.2,Spring,Wednesday,False
2025-03-26,Lunch,37,False,0.72,6,Cookware,1,2.26,10,2.3,7.7,True,1,0,0.25,2,4.4,10.7,Spring,Wednesday,False
2025-03-26,Dinner,97,False,0.72,208,Plates,9,2.25,24,20.2,12.4,True,4,1,1.009,3,52.7,88.8,Spring,Wednesday,True
2025-03-26,Dinner,97,False,0.72,134,Glassware,7,2.0,20,14.0,2.5,True,4,1,0.695,3,36.9,69.4,Spring,Wednesday,True
2025-03-26,Dinner,97,False,0.72,260,Cutlery,6,2.12,45,12.7,0.0,True,5,0,0.634,3,44.0,59.7,Spring,Wednesday,True
2025-03-26,Dinner,97,False,0.72,23,Cookware,3,2.45,10,7.3,1.1,False,0,0,0.292,3,13.6,31.2,Spring,Wednesday,True
2025-03-27,Breakfast,75,True,0.717,180,Plates,8,2.09,24,16.8,16.6,True,2,0,0.647,4,42.6,73.7,Spring,Thursday,True
2025-03-27,Breakfast,75,True,0.717,95,Glassware,5,2.21,20,11.1,13.4,True,3,0,0.433,4,27.4,57.9,Spring,Thursday,True
2025-03-27,Breakfast,75,True,0.717,213,Cutlery,5,2.04,45,10.2,9.3,True,3,0,0.399,4,37.5,60.7,Spring,Thursday,True
2025-03-27,Breakfast,75,True,0.717,18,Cookware,2,2.45,10,4.9,7.0,False,0,0,0.25,4,8.9,21.1,Spring,Thursday,True
2025-03-27,Lunch,69,True,0.717,149,Plates,7,2.17,24,15.2,9.4,True,2,0,0.555,4,39.9,70.4,Spring,Thursday,True
2025-03-27,Lunch,69,True,0.717,98,Glassware,5,2.1,20,10.5,11.1,True,1,0,0.423,4,25.0,46.8,Spring,Thursday,True
2025-03-27,Lunch,69,True,0.717,204,Cutlery,5,2.04,45,10.2,13.0,True,2,1,0.38,4,34.5,51.5,Spring,Thursday,True
2025-03-27,Lunch,69,True,0.717,7,Cookware,1,2.24,10,2.2,6.7,False,0,0,0.25,4,3.9,9.4,Spring,Thursday,True
2025-03-27,Dinner,114,True,0.717,253,Plates,11,2.15,24,23.7,24.7,True,7,0,1.178,4,64.3,108.9,Spring,Thursday,True
2025-03-27,Dinner,114,True,0.717,153,Glassware,8,2.1,20,16.8,13.3,True,1,0,0.835,4,45.1,79.3,Spring,Thursday,True
2025-03-27,Dinner,114,True,0.717,322,Cutlery,8,2.05,45,16.4,13.6,True,4,0,0.76,4,57.8,79.0,Spring,Thursday,True
2025-03-27,Dinner,114,True,0.717,32,Cookware,4,2.73,10,10.9,13.7,True,1,0,0.452,4,18.7,37.6,Spring,Thursday,True
2025-03-28,Breakfast,77,False,0.829,177,Plates,8,1.92,24,15.4,0.0,True,4,0,0.584,3,44.0,79.2,Spring,Friday,False
2025-03-28,Breakfast,77,False,0.829,115,Glassware,6,1.97,20,11.8,2.1,True,3,0,0.466,3,34.0,47.4,Spring,Friday,False
2025-03-28,Breakfast,77,False,0.829,209,Cutlery,5,2.15,45,10.8,0.5,True,3,1,0.412,3,35.7,52.2,Spring,Friday,False
2025-03-28,Breakfast,77,False,0.829,19,Cookware,2,2.46,10,4.9,3.4,True,1,0,0.25,3,8.7,20.4,Spring,Friday,False
2025-03-28,Lunch,43,False,0.829,95,Plates,4,2.13,24,8.5,3.1,True,1,0,0.347,3,21.9,38.9,Spring,Friday,False
2025-03-28,Lunch,43,False,0.829,62,Glassware,4,2.17,20,8.7,1.2,True,3,0,0.277,3,20.1,32.4,Spring,Friday,False
2025-03-28,Lunch,43,False,0.829,121,Cutlery,3,2.09,45,6.3,4.2,True,2,0,0.25,3,22.1,29.3,Spring,Friday,False
2025-03-28,Lunch,43,False,0.829,6,Cookware,1,2.5,10,2.5,1.5,True,1,0,0.25,3,4.2,10.6,Spring,Friday,False
2025-03-28,Dinner,107,False,0.829,224,Plates,10,1.97,24,19.7,10.2,True,4,0,0.952,3,61.4,94.2,Spring,Friday,True
2025-03-28,Dinner,107,False,0.829,157,Glassware,8,1.99,20,16.0,6.7,True,1,0,0.812,3,43.8,85.9,Spring,Friday,True
2025-03-28,Dinner,107,False,0.829,300,Cutlery,7,2.06,45,14.4,1.2,True,7,1,0.712,3,52.2,60.7,Spring,Friday,True
2025-03-28,Dinner,107,False,0.829,19,Cookware,2,2.37,10,4.7,0.0,False,0,0,0.25,3,8.4,21.1,Spring,Friday,True
2025-03-29,Breakfast,59,False,0.682,127,Plates,6,2.34,24,14.1,8.8,True,4,0,0.511,3,32.5,58.4,Spring,Saturday,False
2025-03-29,Breakfast,59,False,0.682,75,Glassware,4,2.15,20,8.6,1.9,True,1,1,0.332,3,20.5,38.5,Spring,Saturday,False
2025-03-29,Breakfast,59,False,0.682,161,Cutlery,4,2.12,45,8.5,3.2,True,4,0,0.312,3,28.1,49.7,Spring,Saturday,False
2025-03-29,Breakfast,59,False,0.682,21,Cookware,3,2.49,10,7.5,0.0,True,2,0,0.25,3,13.0,30.6,Spring,Saturday,False
2025-03-29,Lunch,39,False,0.682,79,Plates,4,2.11,24,8.4,1.9,True,1,0,0.286,2,22.8,36.5,Spring,Saturday,False
2025-03-29,Lunch,39,False,0.682,53,Glassware,3,2.11,20,6.3,3.5,False,0,0,0.25,2,15.5,31.0,Spring,Saturday,False
2025-03-29,Lunch,39,False,0.682,107,Cutlery,3,1.71,45,5.1,0.0,False,0,0,0.25,2,20.0,27.3,Spring,Saturday,False
2025-03-29,Lunch,39,False,0.682,9,Cookware,1,2.59,10,2.6,3.2,True,1,0,0.25,2,4.4,10.6,Spring,Saturday,False
2025-03-29,Dinner,89,False,0.682,193,Plates,9,2.15,24,19.4,9.2,True,4,0,0.897,3,51.0,81.3,Spring,Saturday,True
2025-03-29,Dinner,89,False,0.682,126,Glassware,7,2.02,20,14.2,0.0,True,2,1,0.66,3,34.9,69.7,Spring,Saturday,True
2025-03-29,Dinner,89,False,0.682,255,Cutlery,6,2.25,45,13.5,3.3,True,9,1,0.661,3,41.5,53.8,Spring,Saturday,True
2025-03-29,Dinner,89,False,0.682,16,Cookware,2,2.52,10,5.0,0.0,True,1,0,0.25,3,9.2,19.0,Spring,Saturday,True
2025-03-30,Breakfast,74,False,0.769,151,Plates,7,2.15,24,15.0,2.4,True,3,1,0.557,3,37.0,73.7,Spring,Sunday,False
2025-03-30,Breakfast,74,False,0.769,109,Glassware,6,2.14,20,12.9,5.0,True,3,0,0.481,3,31.2,51.4,Spring,Sunday,False
2025-03-30,Breakfast,74,False,0.769,199,Cutlery,5,2.03,45,10.1,4.6,True,2,0,0.369,3,36.1,49.8,Spring,Sunday,False
2025-03-30,Breakfast,74,False,0.769,20,Cookware,2,2.38,10,4.8,3.9,False,0,0,0.25,3,9.4,15.3,Spring,Sunday,False
2025-03-30,Lunch,55,False,0.769,122,Plates,6,2.13,24,12.8,0.0,True,3,0,0.446,3,32.0,67.8,Spring,Sunday,False
2025-03-30,Lunch,55,False,0.769,71,Glassware,4,2.18,20,8.7,5.3,True,1,0,0.318,3,21.0,51.8,Spring,Sunday,False
2025-03-30,Lunch,55,False,0.769,151,Cutlery,4,2.07,45,8.3,0.9,True,2,0,0.286,3,26.5,39.5,Spring,Sunday,False
2025-03-30,Lunch,55,False,0.769,10,Cookware,1,2.32,10,2.3,0.0,False,0,0,0.25,3,4.6,9.0,Spring,Sunday,False
2025-03-30,Dinner,87,False,0.769,200,Plates,9,2.4,24,21.6,18.2,True,3,0,1.037,3,51.5,75.1,Spring,Sunday,True
2025-03-30,Dinner,87,False,0.769,128,Glassware,7,2.18,20,15.3,2.2,True,6,0,0.723,3,38.3,65.2,Spring,Sunday,True
2025-03-30,Dinner,87,False,0.769,237,Cutlery,6,2.05,45,12.3,2.0,True,4,0,0.559,3,41.6,52.2,Spring,Sunday,True
2025-03-30,Dinner,87,False,0.769,23,Cookware,3,2.27,10,6.8,4.3,True,2,0,0.27,3,13.7,24.8,Spring,Sunday,True
2025-03-31,Breakfast,81,False,0.692,182,Plates,8,2.07,24,16.5,1.9,True,1,0,0.646,3,47.3,85.0,Spring,Monday,False
2025-03-31,Breakfast,81,False,0.692,114,Glassware,6,2.0,20,12.0,6.4,True,1,0,0.47,3,31.8,49.5,Spring,Monday,False
2025-03-31,Breakfast,81,False,0.692,223,Cutlery,5,2.08,45,10.4,0.0,True,1,0,0.425,3,38.4,44.6,Spring,Monday,False
2025-03-31,Breakfast,81,False,0.692,26,Cookware,3,2.47,10,7.4,0.0,False,0,0,0.265,3,13.3,33.3,Spring,Monday,False
2025-03-31,Lunch,53,False,0.692,121,Plates,6,2.34,24,14.0,2.2,True,1,0,0.486,3,30.5,57.7,Spring,Monday,False
2025-03-31,Lunch,53,False,0.692,74,Glassware,4,2.36,20,9.4,1.6,True,2,1,0.359,3,22.1,40.6,Spring,Monday,False
2025-03-31,Lunch,53,False,0.692,148,Cutlery,4,2.24,45,9.0,4.4,True,2,0,0.303,3,27.3,43.9,Spring,Monday,False
2025-03-31,Lunch,53,False,0.692,11,Cookware,2,2.3,10,4.6,6.2,False,0,0,0.25,3,8.5,21.5,Spring,Monday,False
2025-03-31,Dinner,96,False,0.692,205,Plates,9,2.12,24,19.1,9.8,True,7,0,0.938,3,48.6,81.7,Spring,Monday,True
2025-03-31,Dinner,96,False,0.692,121,Glassware,7,1.91,20,13.4,6.6,True,1,0,0.6,3,36.3,61.8,Spring,Monday,True
2025-03-31,Dinner,96,False,0.692,272,Cutlery,7,2.14,45,15.0,8.2,True,10,1,0.672,3,47.2,63.8,Spring,Monday,True
2025-03-31,Dinner,96,False,0.692,7,Cookware,1,2.41,10,2.4,1.5,False,0,0,0.25,3,4.0,9.2,Spring,Monday,True
2025-04-01,Breakfast,71,False,0.697,148,Plates,7,1.9,24,13.3,0.0,True,2,1,0.483,3,39.5,66.5,Spring,Tuesday,False
2025-04-01,Breakfast,71,False,0.697,99,Glassware,5,1.93,20,9.6,1.6,True,2,1,0.393,3,26.1,58.8,Spring,Tuesday,False
2025-04-01,Breakfast,71,False,0.697,202,Cutlery,5,2.14,45,10.7,0.0,True,4,0,0.396,3,34.4,46.9,Spring,Tuesday,False
2025-04-01,Breakfast,71,False,0.697,17,Cookware,2,2.37,10,4.7,2.1,False,0,0,0.25,3,8.9,20.2,Spring,Tuesday,False
2025-04-01,Lunch,56,False,0.697,122,Plates,6,2.21,24,13.3,0.0,True,3,0,0.463,3,31.9,55.7,Spring,Tuesday,False
2025-04-01,Lunch,56,False,0.697,82,Glassware,5,2.07,20,10.3,4.5,True,1,0,0.349,3,26.4,50.6,Spring,Tuesday,False
2025-04-01,Lunch,56,False,0.697,167,Cutlery,4,2.1,45,8.4,0.0,True,3,0,0.321,3,27.9,37.8,Spring,Tuesday,False
2025-04-01,Lunch,56,False,0.697,10,Cookware,1,2.64,10,2.6,4.2,False,0,0,0.25,3,4.7,11.6,Spring,Tuesday,False
2025-04-01,Dinner,78,False,0.697,165,Plates,7,2.16,24,15.1,8.6,True,3,0,0.771,3,41.5,62.2,Spring,Tuesday,True
2025-04-01,Dinner,78,False,0.697,116,Glassware,6,1.91,20,11.5,3.3,True,3,0,0.574,3,32.1,59.7,Spring,Tuesday,True
2025-04-01,Dinner,78,False,0.697,223,Cutlery,5,2.22,45,11.1,6.4,True,1,0,0.571,3,37.8,46.8,Spring,Tuesday,True
2025-04-01,Dinner,78,False,0.697,15,Cookware,2,2.4,10,4.8,0.8,True,1,0,0.25,3,8.4,20.4,Spring,Tuesday,True
2025-04-02,Breakfast,80,False,0.687,178,Plates,8,1.83,24,14.6,4.4,False,0,0,0.558,3,47.1,74.7,Spring,Wednesday,False
2025-04-02,Breakfast,80,False,0.687,113,Glassware,6,1.98,20,11.9,1.9,True,2,0,0.461,3,31.7,61.6,Spring,Wednesday,False
2025-04-02,Breakfast,80,False,0.687,215,Cutlery,5,2.1,45,10.5,1.0,True,9,0,0.414,3,37.1,49.9,Spring,Wednesday,False
2025-04-02,Breakfast,80,False,0.687,15,Cookware,2,2.38,10,4.8,4.7,False,0,0,0.25,3,9.1,16.4,Spring,Wednesday,False
2025-04-02,Lunch,51,False,0.687,114,Plates,5,2.13,24,10.7,1.1,True,2,0,0.417,3,30.0,50.6,Spring,Wednesday,False
2025-04-02,Lunch,51,False,0.687,75,Glassware,4,2.18,20,8.7,3.5,True,2,0,0.336,3,21.0,37.2,Spring,Wednesday,False
2025-04-02,Lunch,51,False,0.687,144,Cutlery,4,2.17,45,8.7,5.2,True,2,1,0.286,3,26.7,48.4,Spring,Wednesday,False
2025-04-02,Lunch,51,False,0.687,15,Cookware,2,2.44,10,4.9,3.6,False,0,0,0.25,3,9.1,21.5,Spring,Wednesday,False
2025-04-02,Dinner,99,False,0.687,219,Plates,10,2.1,24,21.0,13.6,True,5,1,0.995,3,54.7,101.7,Spring,Wednesday,True
2025-04-02,Dinner,99,False,0.687,134,Glassware,7,1.99,20,13.9,2.1,True,7,0,0.69,3,39.0,75.9,Spring,Wednesday,True
2025-04-02,Dinner,99,False,0.687,273,Cutlery,7,2.06,45,14.4,1.6,True,3,0,0.648,3,49.7,76.5,Spring,Wednesday,True
2025-04-02,Dinner,99,False,0.687,35,Cookware,4,2.49,10,10.0,0.6,True,2,0,0.452,3,17.8,38.9,Spring,Wednesday,True
2025-04-03,Breakfast,77,False,0.769,172,Plates,8,2.33,24,18.7,2.3,True,6,0,0.689,3,42.1,82.8,Spring,Thursday,False
2025-04-03,Breakfast,77,False,0.769,101,Glassware,6,1.9,20,11.4,0.8,False,0,0,0.396,3,33.9,61.4,Spring,Thursday,False
2025-04-03,Breakfast,77,False,0.769,217,Cutlery,5,2.17,45,10.9,3.5,True,4,0,0.431,3,37.1,58.8,Spring,Thursday,False
2025-04-03,Breakfast,77,False,0.769,9,Cookware,1,2.45,10,2.4,1.5,False,0,0,0.25,3,4.5,7.6,Spring,Thursday,False
2025-04-03,Lunch,45,False,0.769,98,Plates,5,2.11,24,10.6,6.4,True,1,0,0.355,3,26.4,50.9,Spring,Thursday,False
2025-04-03,Lunch,45,False,0.769,67,Glassware,4,2.13,20,8.5,3.1,True,2,0,0.294,3,20.3,37.6,Spring,Thursday,False
2025-04-03,Lunch,45,False,0.769,119,Cutlery,3,1.94,45,5.8,1.1,False,0,0,0.25,3,22.1,28.3,Spring,Thursday,False
2025-04-03,Lunch,45,False,0.769,7,Cookware,1,2.47,10,2.5,1.9,True,1,0,0.25,3,4.5,11.1,Spring,Thursday,False
2025-04-03,Dinner,90,False,0.769,205,Plates,9,2.18,24,19.6,10.4,True,1,1,0.965,3,52.6,82.1,Spring,Thursday,True
2025-04-03,Dinner,90,False,0.769,120,Glassware,6,2.17,20,13.0,3.8,True,3,0,0.676,3,32.0,59.0,Spring,Thursday,True
2025-04-03,Dinner,90,False,0.769,264,Cutlery,6,2.24,45,13.4,6.5,True,13,1,0.681,3,45.1,61.6,Spring,Thursday,True
2025-04-03,Dinner,90,False,0.769,26,Cookware,3,2.63,10,7.9,0.0,True,1,0,0.354,3,14.0,32.0,Spring,Thursday,True
2025-04-04,Breakfast,64,False,0.704,143,Plates,6,1.9,24,11.4,0.7,True,3,0,0.467,3,35.5,56.7,Spring,Friday,False
2025-04-04,Breakfast,64,False,0.704,95,Glassware,5,2.09,20,10.4,1.6,True,3,0,0.408,3,25.8,52.6,Spring,Friday,False
2025-04-04,Breakfast,64,False,0.704,177,Cutlery,4,2.02,45,8.1,1.9,True,1,1,0.327,3,30.1,40.2,Spring,Friday,False
2025-04-04,Breakfast,64,False,0.704,9,Cookware,1,2.57,10,2.6,6.8,False,0,0,0.25,3,4.1,9.0,Spring,Friday,False
2025-04-04,Lunch,55,False,0.704,120,Plates,5,2.12,24,10.6,4.7,False,0,0,0.436,3,28.4,45.8,Spring,Friday,False
2025-04-04,Lunch,55,False,0.704,72,Glassware,4,2.13,20,8.5,1.5,True,1,0,0.316,3,20.5,38.2,Spring,Friday,False
2025-04-04,Lunch,55,False,0.704,160,Cutlery,4,1.9,45,7.6,1.2,True,2,0,0.278,3,28.4,48.6,Spring,Friday,False
2025-04-04,Lunch,55,False,0.704,20,Cookware,2,2.44,10,4.9,6.6,True,1,0,0.25,3,8.8,23.9,Spring,Friday,False
2025-04-04,Dinner,77,False,0.704,171,Plates,8,2.19,24,17.5,0.5,True,5,1,0.809,3,46.1,78.6,Spring,Friday,True
2025-04-04,Dinner,77,False,0.704,99,Glassware,5,1.99,20,10.0,6.4,True,2,0,0.512,3,26.3,55.9,Spring,Friday,True
2025-04-04,Dinner,77,False,0.704,222,Cutlery,5,2.06,45,10.3,3.2,True,2,1,0.526,3,38.7,53.2,Spring,Friday,True
2025-04-04,Dinner,77,False,0.704,14,Cookware,2,2.38,10,4.8,1.7,False,0,0,0.25,3,8.6,17.5,Spring,Friday,True
2025-04-05,Breakfast,67,False,0.632,141,Plates,6,2.13,24,12.8,0.4,True,2,1,0.516,3,33.2,58.5,Spring,Saturday,False
2025-04-05,Breakfast,67,False,0.632,96,Glassware,5,2.33,20,11.6,5.1,True,4,0,0.46,3,26.9,53.1,Spring,Saturday,False
2025-04-05,Breakfast,67,False,0.632,176,Cutlery,4,1.96,45,7.8,2.0,True,3,1,0.316,3,31.6,45.5,Spring,Saturday,False
2025-04-05,Breakfast,67,False,0.632,10,Cookware,1,2.42,10,2.4,0.0,True,1,0,0.25,3,4.3,10.1,Spring,Saturday,False
2025-04-05,Lunch,23,False,0.632,54,Plates,3,2.15,24,6.5,4.5,False,0,0,0.25,2,15.2,31.0,Spring,Saturday,False
2025-04-05,Lunch,23,False,0.632,38,Glassware,2,2.02,20,4.0,0.0,False,0,0,0.25,2,10.7,19.1,Spring,Saturday,False
2025-04-05,Lunch,23,False,0.632,68,Cutlery,2,1.92,45,3.8,7.6,True,4,0,0.25,2,12.8,22.1,Spring,Saturday,False
2025-04-05,Lunch,23,False,0.632,5,Cookware,1,2.57,10,2.6,1.9,False,0,0,0.25,2,4.2,9.6,Spring,Saturday,False
2025-04-05,Dinner,71,False,0.632,150,Plates,7,1.89,24,13.2,2.7,True,1,1,0.612,3,38.8,68.2,Spring,Saturday,True
2025-04-05,Dinner,71,False,0.632,100,Glassware,5,2.22,20,11.1,4.3,True,1,0,0.576,3,27.4,55.2,Spring,Saturday,True
2025-04-05,Dinner,71,False,0.632,201,Cutlery,5,2.05,45,10.3,0.0,True,4,0,0.476,3,34.0,56.2,Spring,Saturday,True
2025-04-05,Dinner,71,False,0.632,20,Cookware,2,2.57,10,5.1,4.4,True,1,0,0.266,3,9.5,18.7,Spring,Saturday,True
2025-04-06,Breakfast,80,False,0.758,171,Plates,8,2.44,24,19.5,6.5,True,4,0,0.716,3,43.5,77.6,Spring,Sunday,False
2025-04-06,Breakfast,80,False,0.758,109,Glassware,6,2.17,20,13.0,5.4,True,1,0,0.488,3,29.9,66.4,Spring,Sunday,False
2025-04-06,Breakfast,80,False,0.758,223,Cutlery,5,2.15,45,10.8,0.0,True,4,1,0.439,3,36.7,42.1,Spring,Sunday,False
2025-04-06,Breakfast,80,False,0.758,23,Cookware,3,2.49,10,7.5,0.0,True,2,0,0.25,3,12.9,27.4,Spring,Sunday,False
2025-04-06,Lunch,60,False,0.758,136,Plates,6,2.46,24,14.8,4.0,True,2,0,0.575,3,34.6,72.4,Spring,Sunday,False
2025-04-06,Lunch,60,False,0.758,84,Glassware,5,2.07,20,10.3,0.5,True,3,0,0.357,3,27.5,47.9,Spring,Sunday,False
2025-04-06,Lunch,60,False,0.758,176,Cutlery,4,2.2,45,8.8,0.0,True,2,0,0.354,3,29.2,36.9,Spring,Sunday,False
2025-04-06,Lunch,60,False,0.758,17,Cookware,2,2.67,10,5.3,8.5,False,0,0,0.25,3,8.4,21.0,Spring,Sunday,False
2025-04-06,Dinner,86,False,0.758,186,Plates,8,2.18,24,17.4,8.4,True,3,0,0.877,3,43.8,84.5,Spring,Sunday,True
2025-04-06,Dinner,86,False,0.758,113,Glassware,6,1.98,20,11.9,2.5,False,0,0,0.579,3,30.2,51.0,Spring,Sunday,True
2025-04-06,Dinner,86,False,0.758,249,Cutlery,6,2.31,45,13.8,4.2,False,0,1,0.661,3,45.1,56.6,Spring,Sunday,True
2025-04-06,Dinner,86,False,0.758,26,Cookware,3,2.57,10,7.7,0.0,False,0,0,0.347,3,12.7,31.8,Spring,Sunday,True
2025-04-07,Breakfast,81,False,0.781,174,Plates,8,2.14,24,17.1,6.5,True,7,1,0.638,3,45.7,81.9,Spring,Monday,False
2025-04-07,Breakfast,81,False,0.781,115,Glassware,6,1.84,20,11.0,1.5,True,4,0,0.436,3,32.8,62.0,Spring,Monday,False
2025-04-07,Breakfast,81,False,0.781,230,Cutlery,6,2.16,45,13.0,1.0,True,5,2,0.455,3,39.4,65.0,Spring,Monday,False
2025-04-07,Breakfast,81,False,0.781,22,Cookware,3,2.54,10,7.6,0.6,False,0,0,0.25,3,13.8,30.6,Spring,Monday,False
2025-04-07,Lunch,57,False,0.781,129,Plates,6,2.07,24,12.4,4.2,True,4,1,0.459,3,33.1,72.3,Spring,Monday,False
2025-04-07,Lunch,57,False,0.781,87,Glassware,5,2.3,20,11.5,6.7,True,3,0,0.411,3,27.3,48.3,Spring,Monday,False
2025-04-07,Lunch,57,False,0.781,161,Cutlery,4,2.24,45,9.0,8.1,True,2,0,0.331,3,27.3,38.3,Spring,Monday,False
2025-04-07,Lunch,57,False,0.781,22,Cookware,3,2.4,10,7.2,8.7,False,0,0,0.25,3,12.8,30.9,Spring,Monday,False
2025-04-07,Dinner,93,False,0.781,209,Plates,9,2.2,24,19.8,11.9,True,2,1,0.996,3,49.8,84.1,Spring,Monday,True
2025-04-07,Dinner,93,False,0.781,123,Glassware,7,1.94,20,13.6,3.5,True,3,0,0.619,3,36.0,73.1,Spring,Monday,True
2025-04-07,Dinner,93,False,0.781,278,Cutlery,7,2.12,45,14.8,0.0,True,3,0,0.679,3,50.6,71.7,Spring,Monday,True
2025-04-07,Dinner,93,False,0.781,21,Cookware,3,2.31,10,6.9,6.0,True,1,0,0.252,3,13.5,28.7,Spring,Monday,True
2025-04-08,Breakfast,63,False,0.76,141,Plates,6,2.08,24,12.5,3.1,True,1,0,0.504,3,33.1,51.1,Spring,Tuesday,False
2025-04-08,Breakfast,63,False,0.76,76,Glassware,4,2.25,20,9.0,5.3,True,1,0,0.352,3,19.7,45.4,Spring,Tuesday,False
2025-04-08,Breakfast,63,False,0.76,183,Cutlery,5,1.95,45,9.7,3.5,True,1,0,0.326,3,33.1,51.9,Spring,Tuesday,False
2025-04-08,Breakfast,63,False,0.76,10,Cookware,1,2.52,10,2.5,7.0,False,0,0,0.25,3,4.8,9.3,Spring,Tuesday,False
2025-04-08,Lunch,45,False,0.76,93,Plates,4,2.29,24,9.2,1.0,True,6,1,0.365,3,24.2,44.9,Spring,Tuesday,False
2025-04-08,Lunch,45,False,0.76,68,Glassware,4,2.21,20,8.8,7.0,True,1,0,0.309,3,19.1,35.2,Spring,Tuesday,False
2025-04-08,Lunch,45,False,0.76,132,Cutlery,3,1.95,45,5.9,5.6,True,3,0,0.25,3,22.5,30.3,Spring,Tuesday,False
2025-04-08,Lunch,45,False,0.76,5,Cookware,1,2.56,10,2.6,6.7,False,0,0,0.25,3,4.4,10.2,Spring,Tuesday,False
2025-04-08,Dinner,99,False,0.76,210,Plates,9,1.99,24,17.9,13.1,True,4,1,0.903,3,52.1,77.2,Spring,Tuesday,True
2025-04-08,Dinner,99,False,0.76,137,Glassware,7,1.99,20,14.0,1.6,True,2,0,0.709,3,36.6,64.3,Spring,Tuesday,True
2025-04-08,Dinner,99,False,0.76,274,Cutlery,7,2.02,45,14.2,0.5,True,3,0,0.639,3,48.7,64.7,Spring,Tuesday,True
2025-04-08,Dinner,99,False,0.76,17,Cookware,2,2.62,10,5.2,0.0,False,0,0,0.25,3,9.3,19.4,Spring,Tuesday,True
2025-04-09,Breakfast,68,False,0.72,143,Plates,6,2.0,24,12.0,5.0,True,2,0,0.491,3,35.7,59.8,Spring,Wednesday,False
2025-04-09,Breakfast,68,False,0.72,98,Glassware,5,1.94,20,9.7,0.1,False,0,0,0.391,3,25.5,48.0,Spring,Wednesday,False
2025-04-09,Breakfast,68,False,0.72,189,Cutlery,5,2.1,45,10.5,0.0,True,1,0,0.363,3,32.9,38.1,Spring,Wednesday,False
2025-04-09,Breakfast,68,False,0.72,18,Cookware,2,2.46,10,4.9,1.8,True,1,0,0.25,3,9.0,23.0,Spring,Wednesday,False
2025-04-09,Lunch,56,False,0.72,118,Plates,5,2.0,24,10.0,4.6,True,1,0,0.405,3,29.3,48.9,Spring,Wednesday,False
2025-04-09,Lunch,56,False,0.72,83,Glassware,5,1.91,20,9.5,5.3,True,1,0,0.326,3,25.5,48.7,Spring,Wednesday,False
2025-04-09,Lunch,56,False,0.72,158,Cutlery,4,2.09,45,8.4,0.0,True,2,0,0.303,3,30.2,43.3,Spring,Wednesday,False
2025-04-09,Lunch,56,False,0.72,19,Cookware,2,2.43,10,4.9,0.1,True,1,0,0.25,3,9.5,22.5,Spring,Wednesday,False
2025-04-09,Dinner,86,False,0.72,191,Plates,8,2.25,24,18.0,11.5,True,3,1,0.929,3,44.4,77.1,Spring,Wednesday,True
2025-04-09,Dinner,86,False,0.72,122,Glassware,7,2.02,20,14.2,8.0,True,2,0,0.64,3,35.9,74.2,Spring,Wednesday,True
2025-04-09,Dinner,86,False,0.72,245,Cutlery,6,2.19,45,13.1,3.4,True,3,1,0.617,3,44.1,58.1,Spring,Wednesday,True
2025-04-09,Dinner,86,False,0.72,38,Cookware,4,2.29,10,9.2,0.0,True,1,0,0.452,3,19.6,41.8,Spring,Wednesday,True
2025-04-10,Breakfast,69,False,0.684,148,Plates,7,2.06,24,14.4,0.0,True,2,0,0.522,3,39.6,72.9,Spring,Thursday,False
2025-04-10,Breakfast,69,False,0.684,102,Glassware,6,2.22,20,13.3,4.5,True,1,0,0.467,3,31.7,62.8,Spring,Thursday,False
2025-04-10,Breakfast,69,False,0.684,193,Cutlery,5,2.05,45,10.2,0.0,True,2,0,0.361,3,34.6,49.4,Spring,Thursday,False
2025-04-10,Breakfast,69,False,0.684,15,Cookware,2,2.56,10,5.1,5.9,True,3,0,0.25,3,8.4,21.6,Spring,Thursday,False
2025-04-10,Lunch,41,False,0.684,89,Plates,4,2.13,24,8.5,2.4,True,1,0,0.326,2,22.9,40.7,Spring,Thursday,False
2025-04-10,Lunch,41,False,0.684,51,Glassware,3,2.07,20,6.2,2.7,True,2,0,0.25,2,14.4,32.5,Spring,Thursday,False
2025-04-10,Lunch,41,False,0.684,110,Cutlery,3,2.2,45,6.6,1.1,False,0,1,0.25,2,19.4,30.6,Spring,Thursday,False
2025-04-10,Lunch,41,False,0.684,11,Cookware,2,2.38,10,4.8,6.3,False,0,0,0.25,2,7.9,20.8,Spring,Thursday,False
2025-04-10,Dinner,78,False,0.684,177,Plates,8,2.04,24,16.3,6.1,True,4,0,0.78,3,43.6,90.7,Spring,Thursday,True
2025-04-10,Dinner,78,False,0.684,105,Glassware,6,2.18,20,13.1,0.0,True,1,0,0.593,3,29.3,52.8,Spring,Thursday,True
2025-04-10,Dinner,78,False,0.684,230,Cutlery,6,2.19,45,13.2,3.5,True,2,0,0.581,3,40.1,67.2,Spring,Thursday,True
2025-04-10,Dinner,78,False,0.684,12,Cookware,2,2.47,10,4.9,0.4,False,0,0,0.25,3,8.8,18.3,Spring,Thursday,True
2025-04-11,Breakfast,96,False,0.766,204,Plates,9,2.18,24,19.6,1.4,True,3,0,0.762,3,47.4,97.0,Spring,Friday,False
2025-04-11,Breakfast,96,False,0.766,141,Glassware,8,2.15,20,17.2,2.6,True,4,0,0.624,3,39.8,75.3,Spring,Friday,False
2025-04-11,Breakfast,96,False,0.766,274,Cutlery,7,2.08,45,14.6,1.0,True,3,0,0.522,3,49.0,78.8,Spring,Friday,False
2025-04-11,Breakfast,96,False,0.766,32,Cookware,4,2.38,10,9.5,0.0,False,0,0,0.313,3,18.2,39.6,Spring,Friday,False
2025-04-11,Lunch,59,False,0.766,131,Plates,6,2.16,24,13.0,5.2,True,4,0,0.486,3,33.5,56.9,Spring,Friday,False
2025-04-11,Lunch,59,False,0.766,81,Glassware,5,2.14,20,10.7,0.0,True,2,0,0.356,3,25.4,60.9,Spring,Friday,False
2025-04-11,Lunch,59,False,0.766,166,Cutlery,4,2.32,45,9.3,0.0,True,5,0,0.352,3,28.2,38.9,Spring,Friday,False
2025-04-11,Lunch,59,False,0.766,10,Cookware,1,2.24,10,2.2,4.2,False,0,0,0.25,3,4.5,10.1,Spring,Friday,False
2025-04-11,Dinner,109,False,0.766,234,Plates,10,2.35,24,23.5,22.6,True,7,0,1.188,3,55.0,98.1,Spring,Friday,True
2025-04-11,Dinner,109,False,0.766,163,Glassware,9,2.16,20,19.5,10.4,True,4,0,0.914,3,47.0,82.2,Spring,Friday,True
2025-04-11,Dinner,109,False,0.766,296,Cutlery,7,2.14,45,15.0,0.0,True,6,1,0.731,3,50.1,60.0,Spring,Friday,True
2025-04-11,Dinner,109,False,0.766,24,Cookware,3,2.35,10,7.1,5.7,True,1,0,0.293,3,12.7,26.9,Spring,Friday,True
2025-04-12,Breakfast,60,False,0.669,134,Plates,6,1.82,24,10.9,3.6,True,1,0,0.419,3,31.8,58.8,Spring,Saturday,False
2025-04-12,Breakfast,60,False,0.669,85,Glassware,5,2.07,20,10.3,3.7,True,1,0,0.362,3,27.8,57.6,Spring,Saturday,False
2025-04-12,Breakfast,60,False,0.669,167,Cutlery,4,2.08,45,8.3,0.0,True,1,0,0.318,3,28.2,37.8,Spring,Saturday,False
2025-04-12,Breakfast,60,False,0.669,27,Cookware,3,2.26,10,6.8,0.4,True,2,0,0.251,3,13.2,29.3,Spring,Saturday,False
2025-04-12,Lunch,49,False,0.669,102,Plates,5,2.08,24,10.4,0.0,True,1,0,0.363,3,29.0,54.8,Spring,Saturday,False
2025-04-12,Lunch,49,False,0.669,71,Glassware,4,2.0,20,8.0,5.4,False,0,0,0.293,3,20.6,42.9,Spring,Saturday,False
2025-04-12,Lunch,49,False,0.669,136,Cutlery,4,2.24,45,9.0,1.5,True,2,0,0.279,3,26.0,29.7,Spring,Saturday,False
2025-04-12,Lunch,49,False,0.669,10,Cookware,1,2.43,10,2.4,3.1,False,0,0,0.25,3,4.5,10.1,Spring,Saturday,False
2025-04-12,Dinner,91,False,0.669,208,Plates,9,2.14,24,19.3,8.0,True,4,0,0.963,3,51.1,88.1,Spring,Saturday,True
2025-04-12,Dinner,91,False,0.669,139,Glassware,7,2.17,20,15.2,4.0,True,1,0,0.78,3,38.9,82.1,Spring,Saturday,True
2025-04-12,Dinner,91,False,0.669,258,Cutlery,6,2.09,45,12.5,2.1,True,5,0,0.621,3,43.7,59.8,Spring,Saturday,True
2025-04-12,Dinner,91,False,0.669,13,Cookware,2,2.57,10,5.1,2.7,False,0,0,0.25,3,9.3,18.5,Spring,Saturday,True
2025-04-13,Breakfast,83,False,0.703,181,Plates,8,1.91,24,15.3,1.9,True,2,2,0.593,3,45.3,78.3,Spring,Sunday,False
2025-04-13,Breakfast,83,False,0.703,117,Glassware,6,2.02,20,12.1,4.5,True,2,0,0.486,3,30.4,70.9,Spring,Sunday,False
2025-04-13,Breakfast,83,False,0.703,232,Cutlery,6,2.06,45,12.4,0.0,True,7,0,0.437,3,41.5,54.6,Spring,Sunday,False
2025-04-13,Breakfast,83,False,0.703,19,Cookware,2,2.3,10,4.6,7.7,True,5,0,0.25,3,8.5,24.8,Spring,Sunday,False
2025-04-13,Lunch,51,False,0.703,117,Plates,5,2.24,24,11.2,4.3,True,3,0,0.45,3,28.2,52.5,Spring,Sunday,False
2025-04-13,Lunch,51,False,0.703,73,Glassware,4,1.97,20,7.9,0.2,True,1,0,0.296,3,20.1,35.5,Spring,Sunday,False
2025-04-13,Lunch,51,False,0.703,142,Cutlery,4,2.19,45,8.7,1.6,True,4,1,0.284,3,26.8,37.2,Spring,Sunday,False
2025-04-13,Lunch,51,False,0.703,12,Cookware,2,2.59,10,5.2,6.3,False,0,1,0.25,3,8.4,20.6,Spring,Sunday,False
2025-04-13,Dinner,97,False,0.703,207,Plates,9,1.98,24,17.8,10.8,True,5,0,0.886,3,52.4,91.5,Spring,Sunday,True
2025-04-13,Dinner,97,False,0.703,133,Glassware,7,2.03,20,14.2,1.2,True,1,0,0.699,3,36.7,69.4,Spring,Sunday,True
2025-04-13,Dinner,97,False,0.703,280,Cutlery,7,1.94,45,13.6,1.6,True,4,3,0.625,3,47.3,72.9,Spring,Sunday,True
2025-04-13,Dinner,97,False,0.703,35,Cookware,4,2.44,10,9.8,5.7,True,1,0,0.443,3,16.2,41.0,Spring,Sunday,True
2025-04-14,Breakfast,83,False,0.725,178,Plates,8,2.08,24,16.6,7.8,True,3,0,0.635,3,43.6,65.4,Spring,Monday,False
2025-04-14,Breakfast,83,False,0.725,116,Glassware,6,1.96,20,11.8,4.1,True,2,0,0.469,3,30.4,61.0,Spring,Monday,False
2025-04-14,Breakfast,83,False,0.725,238,Cutlery,6,2.01,45,12.1,0.0,True,1,0,0.438,3,41.8,54.8,Spring,Monday,False
2025-04-14,Breakfast,83,False,0.725,14,Cookware,2,2.29,10,4.6,0.0,True,1,0,0.25,3,8.7,21.4,Spring,Monday,False
2025-04-14,Lunch,44,False,0.725,99,Plates,5,2.09,24,10.5,6.9,True,1,0,0.355,3,26.4,57.2,Spring,Monday,False
2025-04-14,Lunch,44,False,0.725,55,Glassware,3,2.0,20,6.0,6.9,True,1,0,0.25,3,15.2,25.5,Spring,Monday,False
2025-04-14,Lunch,44,False,0.725,116,Cutlery,3,2.05,45,6.1,0.0,True,7,0,0.25,3,20.5,28.6,Spring,Monday,False
2025-04-14,Lunch,44,False,0.725,5,Cookware,1,2.54,10,2.5,5.5,True,1,0,0.25,3,4.2,10.9,Spring,Monday,False
2025-04-14,Dinner,99,False,0.725,204,Plates,9,2.26,24,20.3,11.9,True,3,1,0.995,3,49.9,80.5,Spring,Monday,True
2025-04-14,Dinner,99,False,0.725,148,Glassware,8,2.18,20,17.4,9.5,True,3,0,0.835,3,44.7,64.7,Spring,Monday,True
2025-04-14,Dinner,99,False,0.725,271,Cutlery,7,2.27,45,15.9,3.2,True,6,0,0.71,3,50.8,86.2,Spring,Monday,True
2025-04-14,Dinner,99,False,0.725,24,Cookware,3,2.28,10,6.8,0.0,True,2,0,0.283,3,14.8,29.3,Spring,Monday,True
2025-04-15,Breakfast,79,False,0.713,179,Plates,8,2.11,24,16.9,10.9,True,1,0,0.647,3,45.4,66.5,Spring,Tuesday,False
2025-04-15,Breakfast,79,False,0.713,111,Glassware,6,2.17,20,13.0,6.2,True,4,0,0.495,3,30.4,59.9,Spring,Tuesday,False
2025-04-15,Breakfast,79,False,0.713,223,Cutlery,5,1.96,45,9.8,0.3,True,3,1,0.399,3,36.3,45.6,Spring,Tuesday,False
2025-04-15,Breakfast,79,False,0.713,15,Cookware,2,2.62,10,5.2,2.9,False,0,0,0.25,3,8.9,18.8,Spring,Tuesday,False
2025-04-15,Lunch,48,False,0.713,102,Plates,5,2.13,24,10.6,0.0,True,4,1,0.373,3,26.7,60.1,Spring,Tuesday,False
2025-04-15,Lunch,48,False,0.713,67,Glassware,4,2.17,20,8.7,8.2,True,1,0,0.299,3,22.2,38.7,Spring,Tuesday,False
2025-04-15,Lunch,48,False,0.713,129,Cutlery,3,2.11,45,6.3,3.3,True,1,0,0.25,3,21.1,34.3,Spring,Tuesday,False
2025-04-15,Lunch,48,False,0.713,8,Cookware,1,2.44,10,2.4,5.8,False,0,0,0.25,3,4.5,9.2,Spring,Tuesday,False
2025-04-15,Dinner,87,False,0.713,196,Plates,9,2.13,24,19.2,6.0,True,3,0,0.902,3,47.5,94.8,Spring,Tuesday,True
2025-04-15,Dinner,87,False,0.713,126,Glassware,7,1.96,20,13.7,0.0,True,2,1,0.641,3,35.1,64.3,Spring,Tuesday,True
2025-04-15,Dinner,87,False,0.713,241,Cutlery,6,1.97,45,11.8,0.0,True,2,0,0.546,3,42.1,68.5,Spring,Tuesday,True
2025-04-15,Dinner,87,False,0.713,18,Cookware,2,2.34,10,4.7,4.4,True,1,0,0.25,3,9.1,21.7,Spring,Tuesday,True
2025-04-16,Breakfast,71,False,0.767,158,Plates,7,2.16,24,15.1,1.2,True,2,0,0.586,3,37.0,58.2,Spring,Wednesday,False
2025-04-16,Breakfast,71,False,0.767,98,Glassware,5,2.0,20,10.0,6.9,True,1,0,0.403,3,28.5,46.0,Spring,Wednesday,False
2025-04-16,Breakfast,71,False,0.767,187,Cutlery,5,2.06,45,10.3,1.9,True,4,0,0.353,3,33.2,53.0,Spring,Wednesday,False
2025-04-16,Breakfast,71,False,0.767,12,Cookware,2,2.58,10,5.2,2.0,False,0,0,0.25,3,8.8,20.4,Spring,Wednesday,False
2025-04-16,Lunch,67,False,0.767,145,Plates,7,2.04,24,14.2,0.0,True,2,1,0.506,3,38.1,68.1,Spring,Wednesday,False
2025-04-16,Lunch,67,False,0.767,105,Glassware,6,2.26,20,13.6,0.0,True,3,0,0.489,3,31.1,66.4,Spring,Wednesday,False
2025-04-16,Lunch,67,False,0.767,169,Cutlery,4,2.2,45,8.8,0.0,True,4,1,0.341,3,27.9,44.5,Spring,Wednesday,False
2025-04-16,Lunch,67,False,0.767,17,Cookware,2,2.34,10,4.7,0.0,False,0,0,0.25,3,8.3,21.2,Spring,Wednesday,False
2025-04-16,Dinner,124,False,0.767,266,Plates,12,2.08,24,25.0,20.5,True,4,0,1.198,3,62.3,106.6,Spring,Wednesday,True
2025-04-16,Dinner,124,False,0.767,167,Glassware,9,2.15,20,19.3,4.7,True,4,1,0.93,3,47.4,82.6,Spring,Wednesday,True
2025-04-16,Dinner,124,False,0.767,362,Cutlery,9,1.97,45,17.8,11.3,True,3,0,0.823,3,61.3,83.7,Spring,Wednesday,True
2025-04-16,Dinner,124,False,0.767,8,Cookware,1,2.31,10,2.3,0.5,True,1,0,0.25,3,4.4,9.8,Spring,Wednesday,True
2025-04-17,Breakfast,97,False,0.857,227,Plates,10,2.17,24,21.7,3.2,True,2,1,0.845,3,56.2,109.8,Spring,Thursday,False
2025-04-17,Breakfast,97,False,0.857,148,Glassware,8,1.91,20,15.3,0.5,True,5,0,0.582,3,41.6,76.5,Spring,Thursday,False
2025-04-17,Breakfast,97,False,0.857,270,Cutlery,6,2.15,45,12.9,0.3,False,0,0,0.53,3,43.8,61.4,Spring,Thursday,False
2025-04-17,Breakfast,97,False,0.857,23,Cookware,3,2.33,10,7.0,0.0,False,0,0,0.25,3,13.8,31.7,Spring,Thursday,False
2025-04-17,Lunch,57,False,0.857,124,Plates,6,1.92,24,11.5,1.4,False,0,0,0.409,3,33.5,58.2,Spring,Thursday,False
2025-04-17,Lunch,57,False,0.857,79,Glassware,4,2.18,20,8.7,3.7,True,1,0,0.355,3,22.3,43.3,Spring,Thursday,False
2025-04-17,Lunch,57,False,0.857,158,Cutlery,4,2.32,45,9.3,6.1,True,1,0,0.335,3,26.9,43.3,Spring,Thursday,False
2025-04-17,Lunch,57,False,0.857,10,Cookware,1,2.28,10,2.3,5.8,False,0,0,0.25,3,4.4,9.2,Spring,Thursday,False
2025-04-17,Dinner,118,False,0.857,264,Plates,11,2.22,24,24.4,27.3,True,8,0,1.25,3,60.4,112.1,Spring,Thursday,True
2025-04-17,Dinner,118,False,0.857,143,Glassware,8,2.04,20,16.3,5.0,False,0,0,0.757,3,42.5,70.7,Spring,Thursday,True
2025-04-17,Dinner,118,False,0.857,329,Cutlery,8,2.13,45,17.0,5.7,True,5,1,0.807,3,57.4,74.3,Spring,Thursday,True
2025-04-17,Dinner,118,False,0.857,36,Cookware,4,2.49,10,9.9,3.0,True,4,0,0.464,3,17.9,40.1,Spring,Thursday,True
2025-04-18,Breakfast,78,False,0.783,162,Plates,7,2.05,24,14.3,2.3,True,3,1,0.569,3,42.3,55.3,Spring,Friday,False
2025-04-18,Breakfast,78,False,0.783,111,Glassware,6,2.33,20,14.0,0.0,False,0,1,0.532,3,31.7,60.3,Spring,Friday,False
2025-04-18,Breakfast,78,False,0.783,215,Cutlery,5,2.29,45,11.4,3.0,True,1,0,0.45,3,35.3,52.5,Spring,Friday,False
2025-04-18,Breakfast,78,False,0.783,15,Cookware,2,2.4,10,4.8,3.1,False,0,0,0.25,3,8.9,17.7,Spring,Friday,False
2025-04-18,Lunch,60,False,0.783,137,Plates,6,2.27,24,13.6,0.0,True,3,0,0.534,3,33.6,60.6,Spring,Friday,False
2025-04-18,Lunch,60,False,0.783,85,Glassware,5,2.12,20,10.6,7.3,True,1,0,0.371,3,25.9,51.6,Spring,Friday,False
2025-04-18,Lunch,60,False,0.783,162,Cutlery,4,2.28,45,9.1,5.2,True,1,0,0.338,3,28.4,39.0,Spring,Friday,False
2025-04-18,Lunch,60,False,0.783,21,Cookware,3,2.51,10,7.5,0.0,True,2,0,0.25,3,14.9,34.5,Spring,Friday,False
2025-04-18,Dinner,98,False,0.783,215,Plates,9,2.41,24,21.7,15.6,True,10,0,1.119,3,49.3,99.9,Spring,Friday,True
2025-04-18,Dinner,98,False,0.783,123,Glassware,7,2.26,20,15.8,5.5,True,3,0,0.72,3,34.8,57.3,Spring,Friday,True
2025-04-18,Dinner,98,False,0.783,270,Cutlery,6,2.29,45,13.8,0.0,True,1,0,0.713,3,45.2,56.8,Spring,Friday,True
2025-04-18,Dinner,98,False,0.783,16,Cookware,2,2.44,10,4.9,0.8,False,0,0,0.25,3,9.2,18.8,Spring,Friday,True
2025-04-19,Breakfast,82,False,0.697,189,Plates,8,1.94,24,15.5,4.1,True,1,0,0.628,3,44.8,84.3,Spring,Saturday,False
2025-04-19,Breakfast,82,False,0.697,128,Glassware,7,2.13,20,14.9,5.6,True,4,0,0.562,3,37.7,76.3,Spring,Saturday,False
2025-04-19,Breakfast,82,False,0.697,226,Cutlery,6,2.07,45,12.4,0.0,True,7,0,0.428,3,41.1,61.2,Spring,Saturday,False
2025-04-19,Breakfast,82,False,0.697,28,Cookware,3,2.56,10,7.7,2.3,False,0,0,0.295,3,13.9,31.7,Spring,Saturday,False
2025-04-19,Lunch,61,False,0.697,137,Plates,6,2.14,24,12.8,1.9,True,3,0,0.503,3,36.0,66.3,Spring,Saturday,False
2025-04-19,Lunch,61,False,0.697,84,Glassware,5,2.22,20,11.1,3.6,False,0,0,0.384,3,26.0,59.4,Spring,Saturday,False
2025-04-19,Lunch,61,False,0.697,166,Cutlery,4,1.92,45,7.7,0.0,True,3,1,0.292,3,30.1,38.2,Spring,Saturday,False
2025-04-19,Lunch,61,False,0.697,5,Cookware,1,2.71,10,2.7,0.7,True,1,0,0.25,3,4.1,10.1,Spring,Saturday,False
2025-04-19,Dinner,102,False,0.697,232,Plates,10,2.1,24,21.0,18.1,True,6,0,1.053,3,53.7,103.7,Spring,Saturday,True
2025-04-19,Dinner,102,False,0.697,134,Glassware,7,2.07,20,14.5,3.8,False,0,1,0.719,3,37.3,70.4,Spring,Saturday,True
2025-04-19,Dinner,102,False,0.697,274,Cutlery,7,1.81,45,12.6,1.5,True,4,0,0.57,3,49.7,62.3,Spring,Saturday,True
2025-04-19,Dinner,102,False,0.697,21,Cookware,3,2.42,10,7.2,0.5,True,3,0,0.263,3,12.8,29.1,Spring,Saturday,True
2025-04-20,Breakfast,89,False,0.756,193,Plates,9,2.1,24,18.9,3.2,True,3,0,0.696,3,48.7,84.6,Spring,Sunday,False
2025-04-20,Breakfast,89,False,0.756,132,Glassware,7,2.24,20,15.7,1.6,True,1,1,0.61,3,37.3,78.3,Spring,Sunday,False
2025-04-20,Breakfast,89,False,0.756,255,Cutlery,6,1.96,45,11.8,0.0,True,5,0,0.458,3,41.7,64.8,Spring,Sunday,False
2025-04-20,Breakfast,89,False,0.756,11,Cookware,2,2.43,10,4.9,6.5,False,0,0,0.25,3,8.2,18.9,Spring,Sunday,False
2025-04-20,Lunch,64,False,0.756,144,Plates,6,2.26,24,13.5,2.7,True,1,1,0.557,3,36.0,59.5,Spring,Sunday,False
2025-04-20,Lunch,64,False,0.756,98,Glassware,5,2.13,20,10.7,2.1,True,2,1,0.43,3,25.3,44.0,Spring,Sunday,False
2025-04-20,Lunch,64,False,0.756,187,Cutlery,5,1.98,45,9.9,3.9,True,3,0,0.339,3,34.8,54.8,Spring,Sunday,False
2025-04-20,Lunch,64,False,0.756,5,Cookware,1,2.36,10,2.4,3.7,False,0,0,0.25,3,3.7,11.0,Spring,Sunday,False
2025-04-20,Dinner,101,False,0.756,222,Plates,10,2.18,24,21.8,20.1,True,9,0,1.044,3,57.4,98.7,Spring,Sunday,True
2025-04-20,Dinner,101,False,0.756,135,Glassware,7,2.14,20,14.9,0.0,True,2,0,0.747,3,36.9,75.8,Spring,Sunday,True
2025-04-20,Dinner,101,False,0.756,285,Cutlery,7,2.2,45,15.4,2.8,True,3,0,0.721,3,47.1,69.1,Spring,Sunday,True
2025-04-20,Dinner,101,False,0.756,26,Cookware,3,2.49,10,7.5,5.8,False,0,0,0.336,3,14.2,30.4,Spring,Sunday,True
2025-04-21,Breakfast,69,False,0.683,152,Plates,7,2.05,24,14.3,8.1,True,4,0,0.534,3,41.8,57.5,Spring,Monday,False
2025-04-21,Breakfast,69,False,0.683,95,Glassware,5,2.32,20,11.6,6.0,True,1,0,0.455,3,26.0,46.3,Spring,Monday,False
2025-04-21,Breakfast,69,False,0.683,197,Cutlery,5,2.06,45,10.3,6.3,True,3,1,0.372,3,33.9,42.6,Spring,Monday,False
2025-04-21,Breakfast,69,False,0.683,10,Cookware,1,2.47,10,2.5,2.6,True,2,0,0.25,3,4.5,10.6,Spring,Monday,False
2025-04-21,Lunch,58,False,0.683,136,Plates,6,2.12,24,12.7,4.1,True,1,1,0.495,3,32.9,62.7,Spring,Monday,False
2025-04-21,Lunch,58,False,0.683,77,Glassware,4,2.06,20,8.2,6.8,False,0,0,0.326,3,20.6,39.8,Spring,Monday,False
2025-04-21,Lunch,58,False,0.683,159,Cutlery,4,1.97,45,7.9,5.2,True,2,1,0.286,3,27.6,38.9,Spring,Monday,False
2025-04-21,Lunch,58,False,0.683,20,Cookware,2,2.55,10,5.1,1.4,False,0,0,0.25,3,9.3,19.8,Spring,Monday,False
2025-04-21,Dinner,81,False,0.683,186,Plates,8,2.36,24,18.9,14.6,True,3,0,0.948,3,45.9,85.4,Spring,Monday,True
2025-04-21,Dinner,81,False,0.683,97,Glassware,5,2.08,20,10.4,1.7,True,1,0,0.523,3,27.1,49.2,Spring,Monday,True
2025-04-21,Dinner,81,False,0.683,233,Cutlery,6,2.28,45,13.7,7.8,True,5,1,0.613,3,42.0,51.7,Spring,Monday,True
2025-04-21,Dinner,81,False,0.683,12,Cookware,2,2.45,10,4.9,5.4,True,1,0,0.25,3,8.6,20.7,Spring,Monday,True
2025-04-22,Breakfast,73,False,0.681,155,Plates,7,2.1,24,14.7,0.0,True,1,0,0.558,3,39.9,61.6,Spring,Tuesday,False
2025-04-22,Breakfast,73,False,0.681,92,Glassware,5,2.14,20,10.7,7.3,True,2,0,0.406,3,26.1,44.2,Spring,Tuesday,False
2025-04-22,Breakfast,73,False,0.681,200,Cutlery,5,2.05,45,10.3,2.4,True,3,0,0.376,3,34.7,44.4,Spring,Tuesday,False
2025-04-22,Breakfast,73,False,0.681,22,Cookware,3,2.5,10,7.5,6.1,True,2,0,0.25,3,13.7,29.9,Spring,Tuesday,False
2025-04-22,Lunch,56,False,0.681,125,Plates,6,2.03,24,12.2,3.1,True,2,1,0.435,3,34.7,69.8,Spring,Tuesday,False
2025-04-22,Lunch,56,False,0.681,82,Glassware,5,2.07,20,10.4,1.1,True,1,0,0.35,3,26.9,44.5,Spring,Tuesday,False
2025-04-22,Lunch,56,False,0.681,154,Cutlery,4,2.22,45,8.9,1.6,True,5,1,0.313,3,28.0,36.1,Spring,Tuesday,False
2025-04-22,Lunch,56,False,0.681,9,Cookware,1,2.6,10,2.6,2.5,False,0,0,0.25,3,4.2,9.2,Spring,Tuesday,False
2025-04-22,Dinner,77,False,0.681,177,Plates,8,2.09,24,16.7,4.2,True,1,1,0.797,3,46.7,93.1,Spring,Tuesday,True
2025-04-22,Dinner,77,False,0.681,107,Glassware,6,1.92,20,11.5,0.0,True,3,0,0.532,3,31.8,58.7,Spring,Tuesday,True
2025-04-22,Dinner,77,False,0.681,218,Cutlery,5,2.06,45,10.3,2.0,True,6,0,0.518,3,35.1,52.3,Spring,Tuesday,True
2025-04-22,Dinner,77,False,0.681,8,Cookware,1,2.37,10,2.4,2.0,False,0,0,0.25,3,4.5,7.6,Spring,Tuesday,True
2025-04-23,Breakfast,94,False,0.734,193,Plates,9,2.25,24,20.3,7.6,True,1,0,0.746,3,51.7,97.3,Spring,Wednesday,False
2025-04-23,Breakfast,94,False,0.734,146,Glassware,8,1.99,20,15.9,0.0,True,3,0,0.598,3,41.9,64.2,Spring,Wednesday,False
2025-04-23,Breakfast,94,False,0.734,261,Cutlery,6,2.3,45,13.8,0.0,True,9,1,0.549,3,44.1,63.3,Spring,Wednesday,False
2025-04-23,Breakfast,94,False,0.734,17,Cookware,2,2.47,10,4.9,0.5,True,1,0,0.25,3,8.5,19.6,Spring,Wednesday,False
2025-04-23,Lunch,54,False,0.734,123,Plates,6,2.13,24,12.8,2.7,False,0,0,0.449,3,31.4,67.2,Spring,Wednesday,False
2025-04-23,Lunch,54,False,0.734,73,Glassware,4,2.24,20,9.0,5.5,True,2,0,0.336,3,21.8,41.0,Spring,Wednesday,False
2025-04-23,Lunch,54,False,0.734,161,Cutlery,4,2.16,45,8.7,2.1,True,2,0,0.319,3,28.9,40.7,Spring,Wednesday,False
2025-04-23,Lunch,54,False,0.734,14,Cookware,2,2.48,10,5.0,0.0,True,1,0,0.25,3,8.3,21.9,Spring,Wednesday,False
2025-04-23,Dinner,96,False,0.734,211,Plates,9,2.12,24,19.1,10.6,True,6,1,0.967,3,51.1,82.6,Spring,Wednesday,True
2025-04-23,Dinner,96,False,0.734,140,Glassware,7,1.99,20,13.9,1.5,True,1,1,0.722,3,37.7,66.2,Spring,Wednesday,True
2025-04-23,Dinner,96,False,0.734,262,Cutlery,6,2.14,45,12.8,0.0,True,3,0,0.646,3,45.0,62.0,Spring,Wednesday,True
2025-04-23,Dinner,96,False,0.734,24,Cookware,3,2.27,10,6.8,3.9,True,2,0,0.282,3,13.3,32.5,Spring,Wednesday,True
2025-04-24,Breakfast,63,False,0.698,136,Plates,6,2.04,24,12.2,5.3,True,1,0,0.476,3,33.2,57.0,Spring,Thursday,False
2025-04-24,Breakfast,63,False,0.698,92,Glassware,5,2.01,20,10.1,0.3,True,1,0,0.381,3,27.3,46.3,Spring,Thursday,False
2025-04-24,Breakfast,63,False,0.698,174,Cutlery,4,1.94,45,7.8,4.3,True,5,0,0.309,3,30.0,39.3,Spring,Thursday,False
2025-04-24,Breakfast,63,False,0.698,16,Cookware,2,2.44,10,4.9,3.2,False,0,0,0.25,3,8.2,21.2,Spring,Thursday,False
2025-04-24,Lunch,32,False,0.698,73,Plates,4,2.17,24,8.7,0.0,False,0,0,0.272,2,20.8,38.8,Spring,Thursday,False
2025-04-24,Lunch,32,False,0.698,49,Glassware,3,2.2,20,6.6,0.0,False,0,0,0.25,2,15.1,29.5,Spring,Thursday,False
2025-04-24,Lunch,32,False,0.698,84,Cutlery,2,1.83,45,3.7,3.0,True,2,0,0.25,2,14.2,17.0,Spring,Thursday,False
2025-04-24,Lunch,32,False,0.698,5,Cookware,1,2.39,10,2.4,5.7,False,0,0,0.25,2,4.4,9.5,Spring,Thursday,False
2025-04-24,Dinner,92,False,0.698,200,Plates,9,1.83,24,16.5,5.6,True,6,0,0.791,3,49.5,83.8,Spring,Thursday,True
2025-04-24,Dinner,92,False,0.698,138,Glassware,7,2.07,20,14.5,1.1,True,1,0,0.74,3,39.3,62.5,Spring,Thursday,True
2025-04-24,Dinner,92,False,0.698,260,Cutlery,6,2.08,45,12.5,1.2,True,4,0,0.624,3,42.0,60.7,Spring,Thursday,True
2025-04-24,Dinner,92,False,0.698,27,Cookware,3,2.39,10,7.2,4.3,True,3,0,0.335,3,13.2,28.3,Spring,Thursday,True
2025-04-25,Breakfast,87,False,0.721,191,Plates,8,2.03,24,16.2,1.3,True,2,1,0.664,3,47.2,78.5,Spring,Friday,False
2025-04-25,Breakfast,87,False,0.721,119,Glassware,6,2.12,20,12.7,0.0,False,0,0,0.52,3,32.4,59.2,Spring,Friday,False
2025-04-25,Breakfast,87,False,0.721,249,Cutlery,6,2.11,45,12.6,2.5,True,8,0,0.48,3,44.2,61.7,Spring,Friday,False
2025-04-25,Breakfast,87,False,0.721,18,Cookware,2,2.48,10,5.0,1.7,True,1,1,0.25,3,8.5,17.5,Spring,Friday,False
2025-04-25,Lunch,52,False,0.721,110,Plates,5,2.21,24,11.0,9.8,True,4,0,0.417,3,27.4,53.1,Spring,Friday,False
2025-04-25,Lunch,52,False,0.721,73,Glassware,4,1.94,20,7.8,2.5,True,3,0,0.291,3,22.1,28.3,Spring,Friday,False
2025-04-25,Lunch,52,False,0.721,148,Cutlery,4,1.98,45,7.9,9.0,True,5,0,0.268,3,28.1,41.1,Spring,Friday,False
2025-04-25,Lunch,52,False,0.721,14,Cookware,2,2.44,10,4.9,7.6,False,0,0,0.25,3,9.2,21.0,Spring,Friday,False
2025-04-25,Dinner,106,False,0.721,238,Plates,10,1.82,24,18.2,12.9,True,7,0,0.934,3,57.6,107.3,Spring,Friday,True
2025-04-25,Dinner,106,False,0.721,144,Glassware,8,2.07,20,16.6,8.2,True,2,0,0.774,3,40.8,68.5,Spring,Friday,True
2025-04-25,Dinner,106,False,0.721,302,Cutlery,7,2.15,45,15.0,5.2,True,3,0,0.748,3,49.1,68.2,Spring,Friday,True
2025-04-25,Dinner,106,False,0.721,16,Cookware,2,2.44,10,4.9,0.0,True,1,0,0.25,3,8.7,20.8,Spring,Friday,True
2025-04-26,Breakfast,69,False,0.805,155,Plates,7,2.25,24,15.8,0.0,True,1,0,0.599,3,37.8,63.9,Spring,Saturday,False
2025-04-26,Breakfast,69,False,0.805,88,Glassware,5,2.4,20,12.0,3.4,True,4,0,0.434,3,27.5,49.7,Spring,Saturday,False
2025-04-26,Breakfast,69,False,0.805,202,Cutlery,5,1.97,45,9.9,7.9,True,3,0,0.365,3,34.7,45.6,Spring,Saturday,False
2025-04-26,Breakfast,69,False,0.805,13,Cookware,2,2.55,10,5.1,1.1,True,1,0,0.25,3,8.4,21.8,Spring,Saturday,False
2025-04-26,Lunch,68,False,0.805,152,Plates,7,1.89,24,13.2,2.6,True,2,1,0.493,3,38.1,71.7,Spring,Saturday,False
2025-04-26,Lunch,68,False,0.805,96,Glassware,5,2.23,20,11.2,13.5,True,1,0,0.442,3,25.4,47.9,Spring,Saturday,False
2025-04-26,Lunch,68,False,0.805,191,Cutlery,5,2.21,45,11.0,9.1,True,5,0,0.386,3,35.8,45.1,Spring,Saturday,False
2025-04-26,Lunch,68,False,0.805,12,Cookware,2,2.45,10,4.9,0.0,True,1,0,0.25,3,8.1,18.8,Spring,Saturday,False
2025-04-26,Dinner,97,False,0.805,207,Plates,9,2.24,24,20.2,9.9,True,6,0,1.002,3,51.6,95.1,Spring,Saturday,True
2025-04-26,Dinner,97,False,0.805,133,Glassware,7,1.96,20,13.7,5.4,True,4,0,0.676,3,37.2,65.9,Spring,Saturday,True
2025-04-26,Dinner,97,False,0.805,272,Cutlery,7,2.11,45,14.8,0.0,True,5,0,0.661,3,49.2,81.0,Spring,Saturday,True
2025-04-26,Dinner,97,False,0.805,23,Cookware,3,2.45,10,7.3,3.3,False,0,0,0.292,3,14.3,30.8,Spring,Saturday,True
2025-04-27,Breakfast,74,False,0.735,157,Plates,7,1.93,24,13.5,4.8,True,5,0,0.52,3,41.9,67.0,Spring,Sunday,False
2025-04-27,Breakfast,74,False,0.735,101,Glassware,6,1.92,20,11.5,3.5,False,0,0,0.399,3,29.8,59.5,Spring,Sunday,False
2025-04-27,Breakfast,74,False,0.735,202,Cutlery,5,2.27,45,11.4,4.3,True,9,1,0.42,3,36.5,63.6,Spring,Sunday,False
2025-04-27,Breakfast,74,False,0.735,24,Cookware,3,2.52,10,7.6,6.8,True,2,0,0.25,3,13.3,27.6,Spring,Sunday,False
2025-04-27,Lunch,74,False,0.735,156,Plates,7,2.18,24,15.3,4.5,True,2,1,0.584,3,36.7,66.4,Spring,Sunday,False
2025-04-27,Lunch,74,False,0.735,109,Glassware,6,2.05,20,12.3,3.7,True,3,0,0.461,3,31.4,57.3,Spring,Sunday,False
2025-04-27,Lunch,74,False,0.735,203,Cutlery,5,2.08,45,10.4,1.4,True,3,0,0.386,3,36.2,45.3,Spring,Sunday,False
2025-04-27,Lunch,74,False,0.735,11,Cookware,2,2.27,10,4.5,5.3,True,1,0,0.25,3,9.4,17.5,Spring,Sunday,False
2025-04-27,Dinner,99,False,0.735,221,Plates,10,2.29,24,22.9,17.2,True,4,1,1.093,3,54.9,97.4,Spring,Sunday,True
2025-04-27,Dinner,99,False,0.735,121,Glassware,7,2.17,20,15.2,0.9,True,2,0,0.68,3,35.7,65.5,Spring,Sunday,True
2025-04-27,Dinner,99,False,0.735,276,Cutlery,7,2.09,45,14.6,2.2,True,6,0,0.663,3,49.9,72.4,Spring,Sunday,True
2025-04-27,Dinner,99,False,0.735,12,Cookware,2,2.53,10,5.1,9.0,True,1,0,0.25,3,7.6,22.9,Spring,Sunday,True
2025-04-28,Breakfast,72,False,0.73,158,Plates,7,2.22,24,15.6,2.3,True,2,0,0.603,3,38.5,72.9,Spring,Monday,False
2025-04-28,Breakfast,72,False,0.73,106,Glassware,6,2.15,20,12.9,1.9,True,2,0,0.47,3,33.6,65.9,Spring,Monday,False
2025-04-28,Breakfast,72,False,0.73,198,Cutlery,5,2.02,45,10.1,5.4,True,1,0,0.366,3,34.9,49.5,Spring,Monday,False
2025-04-28,Breakfast,72,False,0.73,13,Cookware,2,2.55,10,5.1,0.0,False,0,0,0.25,3,8.3,18.1,Spring,Monday,False
2025-04-28,Lunch,58,False,0.73,135,Plates,6,2.08,24,12.5,0.0,True,2,0,0.481,3,32.7,54.9,Spring,Monday,False
2025-04-28,Lunch,58,False,0.73,82,Glassware,5,2.48,20,12.4,4.8,False,0,1,0.418,3,27.1,52.8,Spring,Monday,False
2025-04-28,Lunch,58,False,0.73,160,Cutlery,4,2.13,45,8.5,11.2,True,8,0,0.313,3,27.1,43.3,Spring,Monday,False
2025-04-28,Lunch,58,False,0.73,15,Cookware,2,2.59,10,5.2,10.2,True,1,1,0.25,3,9.0,17.6,Spring,Monday,False
2025-04-28,Dinner,82,False,0.73,178,Plates,8,1.97,24,15.8,12.0,True,1,0,0.758,3,44.1,77.2,Spring,Monday,True
2025-04-28,Dinner,82,False,0.73,113,Glassware,6,2.15,20,12.9,9.2,True,2,0,0.629,3,32.0,60.6,Spring,Monday,True
2025-04-28,Dinner,82,False,0.73,240,Cutlery,6,1.84,45,11.0,4.6,True,4,1,0.508,3,41.5,64.8,Spring,Monday,True
2025-04-28,Dinner,82,False,0.73,23,Cookware,3,2.35,10,7.0,6.7,False,0,0,0.28,3,13.6,29.9,Spring,Monday,True
2025-04-29,Breakfast,77,False,0.704,169,Plates,8,1.92,24,15.3,4.3,True,3,0,0.556,3,41.7,66.8,Spring,Tuesday,False
2025-04-29,Breakfast,77,False,0.704,105,Glassware,6,2.06,20,12.3,2.2,True,1,0,0.445,3,30.0,42.9,Spring,Tuesday,False
2025-04-29,Breakfast,77,False,0.704,221,Cutlery,5,2.15,45,10.7,3.6,True,4,2,0.435,3,37.4,48.9,Spring,Tuesday,False
2025-04-29,Breakfast,77,False,0.704,22,Cookware,3,2.52,10,7.6,3.5,False,0,0,0.25,3,13.2,26.4,Spring,Tuesday,False
2025-04-29,Lunch,42,False,0.704,94,Plates,4,2.15,24,8.6,0.0,True,1,0,0.347,2,24.3,39.5,Spring,Tuesday,False
2025-04-29,Lunch,42,False,0.704,64,Glassware,4,2.05,20,8.2,0.6,False,0,0,0.271,2,20.6,36.2,Spring,Tuesday,False
2025-04-29,Lunch,42,False,0.704,126,Cutlery,3,2.32,45,7.0,5.2,True,2,0,0.267,2,21.9,31.1,Spring,Tuesday,False
2025-04-29,Lunch,42,False,0.704,5,Cookware,1,2.64,10,2.6,0.0,False,0,0,0.25,2,4.3,10.1,Spring,Tuesday,False
2025-04-29,Dinner,87,False,0.704,186,Plates,8,2.22,24,17.8,14.4,True,2,0,0.894,3,45.5,61.9,Spring,Tuesday,True
2025-04-29,Dinner,87,False,0.704,122,Glassware,7,1.92,20,13.5,4.0,True,3,1,0.608,3,39.1,65.5,Spring,Tuesday,True
2025-04-29,Dinner,87,False,0.704,235,Cutlery,6,2.2,45,13.2,1.7,True,2,0,0.597,3,42.9,54.4,Spring,Tuesday,True
2025-04-29,Dinner,87,False,0.704,27,Cookware,3,2.63,10,7.9,4.1,True,2,0,0.368,3,13.5,27.5,Spring,Tuesday,True
2025-04-30,Breakfast,92,False,0.777,182,Plates,8,2.11,24,16.9,6.9,True,1,2,0.659,3,44.7,73.7,Spring,Wednesday,False
2025-04-30,Breakfast,92,False,0.777,123,Glassware,7,1.97,20,13.8,8.2,True,3,0,0.499,3,33.7,78.1,Spring,Wednesday,False
2025-04-30,Breakfast,92,False,0.777,266,Cutlery,6,2.05,45,12.3,3.8,True,4,1,0.499,3,45.8,71.6,Spring,Wednesday,False
2025-04-30,Breakfast,92,False,0.777,25,Cookware,3,2.2,10,6.6,1.7,True,1,0,0.25,3,14.1,33.0,Spring,Wednesday,False
2025-04-30,Lunch,50,False,0.777,113,Plates,5,2.09,24,10.4,6.1,False,0,0,0.405,3,28.8,60.5,Spring,Wednesday,False
2025-04-30,Lunch,50,False,0.777,72,Glassware,4,2.2,20,8.8,7.6,True,2,0,0.326,3,21.6,42.4,Spring,Wednesday,False
2025-04-30,Lunch,50,False,0.777,142,Cutlery,4,2.09,45,8.4,0.0,True,2,0,0.271,3,25.9,34.5,Spring,Wednesday,False
2025-04-30,Lunch,50,False,0.777,16,Cookware,2,2.27,10,4.5,3.4,False,0,0,0.25,3,8.6,17.2,Spring,Wednesday,False
2025-04-30,Dinner,97,False,0.777,211,Plates,9,2.06,24,18.5,12.7,True,9,0,0.939,3,53.1,94.6,Spring,Wednesday,True
2025-04-30,Dinner,97,False,0.777,145,Glassware,8,2.2,20,17.6,12.6,False,0,1,0.828,3,42.6,84.4,Spring,Wednesday,True
2025-04-30,Dinner,97,False,0.777,255,Cutlery,6,2.08,45,12.5,6.0,True,4,0,0.612,3,43.9,62.5,Spring,Wednesday,True
2025-04-30,Dinner,97,False,0.777,11,Cookware,2,2.23,10,4.5,6.6,False,0,0,0.25,3,8.1,17.2,Spring,Wednesday,True
2025-05-01,Breakfast,76,False,0.76,167,Plates,7,2.2,24,15.4,2.9,True,3,0,0.63,3,39.6,73.8,Spring,Thursday,False
2025-05-01,Breakfast,76,False,0.76,100,Glassware,5,1.98,20,9.9,10.9,True,4,0,0.407,3,27.0,52.3,Spring,Thursday,False
2025-05-01,Breakfast,76,False,0.76,218,Cutlery,5,2.02,45,10.1,3.3,True,5,0,0.402,3,36.5,51.5,Spring,Thursday,False
2025-05-01,Breakfast,76,False,0.76,22,Cookware,3,2.48,10,7.4,2.7,False,0,0,0.25,3,12.9,31.5,Spring,Thursday,False
2025-05-01,Lunch,49,False,0.76,108,Plates,5,2.16,24,10.8,6.4,False,0,0,0.399,3,29.6,52.6,Spring,Thursday,False
2025-05-01,Lunch,49,False,0.76,71,Glassware,4,2.04,20,8.2,2.1,False,0,0,0.299,3,19.5,39.7,Spring,Thursday,False
2025-05-01,Lunch,49,False,0.76,127,Cutlery,3,2.09,45,6.3,6.3,True,5,0,0.25,3,21.4,26.9,Spring,Thursday,False
2025-05-01,Lunch,49,False,0.76,5,Cookware,1,2.39,10,2.4,8.3,False,0,0,0.25,3,4.1,11.0,Spring,Thursday,False
2025-05-01,Dinner,86,False,0.76,183,Plates,8,2.19,24,17.5,11.5,True,3,0,0.864,3,44.8,87.5,Spring,Thursday,True
2025-05-01,Dinner,86,False,0.76,130,Glassware,7,2.02,20,14.2,1.5,True,1,0,0.682,3,35.9,68.9,Spring,Thursday,True
2025-05-01,Dinner,86,False,0.76,240,Cutlery,6,2.06,45,12.4,0.0,True,2,1,0.57,3,41.4,64.1,Spring,Thursday,True
2025-05-01,Dinner,86,False,0.76,11,Cookware,2,2.39,10,4.8,3.2,False,0,0,0.25,3,7.4,24.4,Spring,Thursday,True
2025-05-02,Breakfast,58,False,0.73,131,Plates,6,2.1,24,12.6,8.6,True,5,0,0.472,3,32.9,60.7,Spring,Friday,False
2025-05-02,Breakfast,58,False,0.73,83,Glassware,5,2.05,20,10.3,4.8,True,2,0,0.351,3,24.4,49.2,Spring,Friday,False
2025-05-02,Breakfast,58,False,0.73,158,Cutlery,4,2.01,45,8.0,2.1,True,2,0,0.29,3,27.4,41.1,Spring,Friday,False
2025-05-02,Breakfast,58,False,0.73,14,Cookware,2,2.41,10,4.8,2.9,False,0,1,0.25,3,8.7,20.8,Spring,Friday,False
2025-05-02,Lunch,52,False,0.73,112,Plates,5,2.19,24,11.0,5.5,True,2,0,0.421,3,29.2,42.1,Spring,Friday,False
2025-05-02,Lunch,52,False,0.73,78,Glassware,4,2.35,20,9.4,6.7,True,1,0,0.378,3,22.5,27.8,Spring,Friday,False
2025-05-02,Lunch,52,False,0.73,145,Cutlery,4,2.18,45,8.7,5.2,True,6,0,0.289,3,26.2,39.9,Spring,Friday,False
2025-05-02,Lunch,52,False,0.73,13,Cookware,2,2.56,10,5.1,0.0,True,1,0,0.25,3,9.0,18.9,Spring,Friday,False
2025-05-02,Dinner,110,False,0.73,230,Plates,10,2.21,24,22.1,22.1,True,1,0,1.101,3,54.3,90.1,Spring,Friday,True
2025-05-02,Dinner,110,False,0.73,140,Glassware,7,2.12,20,14.8,11.5,True,1,0,0.769,3,38.1,79.9,Spring,Friday,True
2025-05-02,Dinner,110,False,0.73,298,Cutlery,7,2.33,45,16.3,8.6,True,3,0,0.802,3,49.5,73.7,Spring,Friday,True
2025-05-02,Dinner,110,False,0.73,29,Cookware,3,2.43,10,7.3,1.8,True,1,0,0.365,3,13.6,30.3,Spring,Friday,True
2025-05-03,Breakfast,79,True,0.71,172,Plates,8,2.19,24,17.5,12.4,True,3,1,0.647,4,44.0,84.1,Spring,Saturday,True
2025-05-03,Breakfast,79,True,0.71,125,Glassware,7,1.99,20,13.9,15.6,True,2,1,0.512,4,37.3,61.1,Spring,Saturday,True
2025-05-03,Breakfast,79,True,0.71,221,Cutlery,5,1.78,45,8.9,16.0,True,5,0,0.361,4,40.1,33.3,Spring,Saturday,True
2025-05-03,Breakfast,79,True,0.71,23,Cookware,3,2.53,10,7.6,12.0,True,1,0,0.25,4,13.4,33.2,Spring,Saturday,True
2025-05-03,Lunch,40,True,0.71,85,Plates,4,2.21,24,8.8,10.8,True,2,1,0.322,3,21.4,41.8,Spring,Saturday,True
2025-05-03,Lunch,40,True,0.71,62,Glassware,4,2.01,20,8.0,5.4,True,1,0,0.256,3,20.2,41.6,Spring,Saturday,True
2025-05-03,Lunch,40,True,0.71,111,Cutlery,3,2.38,45,7.1,13.1,True,1,0,0.25,3,21.2,32.3,Spring,Saturday,True
2025-05-03,Lunch,40,True,0.71,9,Cookware,1,2.46,10,2.5,9.9,False,0,0,0.25,3,4.7,10.6,Spring,Saturday,True
2025-05-03,Dinner,125,True,0.71,262,Plates,11,2.18,24,24.0,30.3,True,10,1,1.234,4,64.1,108.8,Spring,Saturday,True
2025-05-03,Dinner,125,True,0.71,180,Glassware,9,2.07,20,18.6,22.9,True,5,1,0.966,4,46.2,74.3,Spring,Saturday,True
2025-05-03,Dinner,125,True,0.71,344,Cutlery,8,2.41,45,19.3,22.5,True,11,0,0.955,4,53.6,80.8,Spring,Saturday,True
2025-05-03,Dinner,125,True,0.71,23,Cookware,3,2.44,10,7.3,16.3,True,1,0,0.291,4,14.2,31.9,Spring,Saturday,True
2025-05-04,Breakfast,66,True,0.733,153,Plates,7,2.04,24,14.3,11.6,True,3,0,0.535,4,38.3,72.0,Spring,Sunday,True
2025-05-04,Breakfast,66,True,0.733,94,Glassware,5,2.09,20,10.4,9.3,True,2,1,0.404,4,25.1,54.7,Spring,Sunday,True
2025-05-04,Breakfast,66,True,0.733,193,Cutlery,5,2.06,45,10.3,7.5,True,6,0,0.363,4,34.6,52.1,Spring,Sunday,True
2025-05-04,Breakfast,66,True,0.733,22,Cookware,3,2.34,10,7.0,8.7,False,0,0,0.25,4,12.8,31.4,Spring,Sunday,True
2025-05-04,Lunch,37,True,0.733,77,Plates,4,2.29,24,9.2,13.8,True,1,0,0.303,3,20.7,40.1,Spring,Sunday,True
2025-05-04,Lunch,37,True,0.733,52,Glassware,3,2.03,20,6.1,9.6,False,0,0,0.25,3,16.1,31.9,Spring,Sunday,True
2025-05-04,Lunch,37,True,0.733,105,Cutlery,3,2.06,45,6.2,10.2,True,3,1,0.25,3,19.5,27.2,Spring,Sunday,True
2025-05-04,Lunch,37,True,0.733,12,Cookware,2,2.45,10,4.9,11.4,False,0,0,0.25,3,8.8,18.6,Spring,Sunday,True
2025-05-04,Dinner,121,True,0.733,266,Plates,12,2.01,24,24.1,25.3,True,12,1,1.156,4,67.4,133.1,Spring,Sunday,True
2025-05-04,Dinner,121,True,0.733,164,Glassware,9,2.05,20,18.4,18.4,True,6,1,0.87,4,46.3,78.6,Spring,Sunday,True
2025-05-04,Dinner,121,True,0.733,331,Cutlery,8,2.13,45,17.0,17.6,True,6,0,0.813,4,58.5,81.2,Spring,Sunday,True
2025-05-04,Dinner,121,True,0.733,28,Cookware,3,2.29,10,6.9,11.5,True,2,0,0.333,4,14.6,28.6,Spring,Sunday,True
2025-05-05,Breakfast,77,False,0.696,173,Plates,8,1.88,24,15.1,0.0,True,4,0,0.559,3,44.6,81.2,Spring,Monday,False
2025-05-05,Breakfast,77,False,0.696,112,Glassware,6,2.13,20,12.8,0.0,True,2,0,0.492,3,29.4,59.3,Spring,Monday,False
2025-05-05,Breakfast,77,False,0.696,211,Cutlery,5,2.1,45,10.5,2.3,True,6,0,0.406,3,38.0,45.3,Spring,Monday,False
2025-05-05,Breakfast,77,False,0.696,13,Cookware,2,2.4,10,4.8,5.8,True,1,0,0.25,3,8.8,16.5,Spring,Monday,False
2025-05-05,Lunch,57,False,0.696,128,Plates,6,1.94,24,11.6,4.2,True,3,0,0.426,3,32.8,58.1,Spring,Monday,False
2025-05-05,Lunch,57,False,0.696,73,Glassware,4,2.28,20,9.1,6.2,True,2,0,0.342,3,21.0,33.3,Spring,Monday,False
2025-05-05,Lunch,57,False,0.696,161,Cutlery,4,1.98,45,7.9,3.0,True,3,0,0.292,3,29.4,39.0,Spring,Monday,False
2025-05-05,Lunch,57,False,0.696,24,Cookware,3,2.32,10,7.0,4.6,True,2,0,0.25,3,12.5,28.2,Spring,Monday,False
2025-05-05,Dinner,84,False,0.696,177,Plates,8,2.18,24,17.4,10.8,True,4,0,0.833,3,42.7,76.2,Spring,Monday,True
2025-05-05,Dinner,84,False,0.696,123,Glassware,7,2.15,20,15.1,1.1,True,2,0,0.686,3,38.6,72.5,Spring,Monday,True
2025-05-05,Dinner,84,False,0.696,225,Cutlery,5,1.86,45,9.3,1.6,True,3,0,0.483,3,37.6,48.3,Spring,Monday,True
2025-05-05,Dinner,84,False,0.696,23,Cookware,3,2.6,10,7.8,3.2,False,0,0,0.31,3,13.4,28.9,Spring,Monday,True
2025-05-06,Breakfast,82,False,0.857,183,Plates,8,2.02,24,16.2,2.4,True,5,0,0.636,3,43.4,73.8,Spring,Tuesday,False
2025-05-06,Breakfast,82,False,0.857,110,Glassware,6,2.43,20,14.6,0.0,True,2,0,0.55,3,32.2,66.0,Spring,Tuesday,False
2025-05-06,Breakfast,82,False,0.857,234,Cutlery,6,1.96,45,11.8,6.2,True,5,1,0.42,3,40.1,69.8,Spring,Tuesday,False
2025-05-06,Breakfast,82,False,0.857,22,Cookware,3,2.4,10,7.2,5.6,True,3,0,0.25,3,14.1,34.0,Spring,Tuesday,False
2025-05-06,Lunch,70,False,0.857,155,Plates,7,1.83,24,12.8,5.5,True,6,1,0.488,3,37.1,54.7,Spring,Tuesday,False
2025-05-06,Lunch,70,False,0.857,93,Glassware,5,2.11,20,10.5,1.3,True,1,0,0.403,3,27.8,49.2,Spring,Tuesday,False
2025-05-06,Lunch,70,False,0.857,191,Cutlery,5,2.2,45,11.0,2.5,True,1,0,0.384,3,34.2,53.3,Spring,Tuesday,False
2025-05-06,Lunch,70,False,0.857,25,Cookware,3,2.33,10,7.0,7.0,True,1,0,0.25,3,14.1,28.9,Spring,Tuesday,False
2025-05-06,Dinner,108,False,0.857,249,Plates,11,2.06,24,22.7,16.2,True,8,2,1.11,3,62.0,119.9,Spring,Tuesday,True
2025-05-06,Dinner,108,False,0.857,168,Glassware,9,2.17,20,19.5,11.6,True,7,0,0.945,3,48.9,96.2,Spring,Tuesday,True
2025-05-06,Dinner,108,False,0.857,289,Cutlery,7,2.09,45,14.7,0.0,True,2,0,0.697,3,50.6,67.5,Spring,Tuesday,True
2025-05-06,Dinner,108,False,0.857,28,Cookware,3,2.6,10,7.8,10.1,False,0,0,0.378,3,14.0,30.6,Spring,Tuesday,True
2025-05-07,Breakfast,61,False,0.809,135,Plates,6,2.07,24,12.4,1.4,True,2,0,0.479,3,33.6,43.2,Spring,Wednesday,False
2025-05-07,Breakfast,61,False,0.809,83,Glassware,5,2.16,20,10.8,2.4,True,3,1,0.37,3,27.3,47.9,Spring,Wednesday,False
2025-05-07,Breakfast,61,False,0.809,171,Cutlery,4,2.04,45,8.2,2.0,True,3,0,0.319,3,28.6,42.7,Spring,Wednesday,False
2025-05-07,Breakfast,61,False,0.809,17,Cookware,2,2.41,10,4.8,5.7,True,1,0,0.25,3,9.4,21.0,Spring,Wednesday,False
2025-05-07,Lunch,56,False,0.809,116,Plates,5,1.99,24,10.0,2.3,True,1,0,0.396,3,26.5,52.6,Spring,Wednesday,False
2025-05-07,Lunch,56,False,0.809,84,Glassware,5,2.1,20,10.5,0.0,False,0,0,0.364,3,25.0,50.0,Spring,Wednesday,False
2025-05-07,Lunch,56,False,0.809,160,Cutlery,4,2.07,45,8.3,8.8,True,3,0,0.303,3,27.6,41.7,Spring,Wednesday,False
2025-05-07,Lunch,56,False,0.809,5,Cookware,1,2.37,10,2.4,1.6,False,0,0,0.25,3,4.2,9.4,Spring,Wednesday,False
2025-05-07,Dinner,107,False,0.809,226,Plates,10,2.09,24,20.9,4.8,True,5,0,1.023,3,57.6,97.7,Spring,Wednesday,True
2025-05-07,Dinner,107,False,0.809,155,Glassware,8,2.11,20,16.9,4.6,True,5,0,0.848,3,44.0,81.8,Spring,Wednesday,True
2025-05-07,Dinner,107,False,0.809,294,Cutlery,7,2.29,45,16.0,8.7,True,3,0,0.775,3,50.2,58.4,Spring,Wednesday,True
2025-05-07,Dinner,107,False,0.809,14,Cookware,2,2.6,10,5.2,5.2,False,0,0,0.25,3,8.0,20.1,Spring,Wednesday,True
2025-05-08,Breakfast,84,False,0.704,173,Plates,8,2.35,24,18.8,8.1,True,2,0,0.697,3,44.8,84.6,Spring,Thursday,False
2025-05-08,Breakfast,84,False,0.704,117,Glassware,6,2.32,20,13.9,4.5,True,3,1,0.559,3,32.2,59.3,Spring,Thursday,False
2025-05-08,Breakfast,84,False,0.704,228,Cutlery,6,1.92,45,11.5,5.3,True,7,0,0.401,3,42.0,66.2,Spring,Thursday,False
2025-05-08,Breakfast,84,False,0.704,13,Cookware,2,2.5,10,5.0,5.1,True,3,0,0.25,3,8.3,20.0,Spring,Thursday,False
2025-05-08,Lunch,43,False,0.704,93,Plates,4,2.29,24,9.2,6.0,True,5,0,0.365,3,23.7,42.5,Spring,Thursday,False
2025-05-08,Lunch,43,False,0.704,54,Glassware,3,1.96,20,5.9,2.8,False,0,0,0.25,3,16.1,28.5,Spring,Thursday,False
2025-05-08,Lunch,43,False,0.704,118,Cutlery,3,2.34,45,7.0,3.4,True,2,0,0.253,3,21.7,27.4,Spring,Thursday,False
2025-05-08,Lunch,43,False,0.704,10,Cookware,1,2.54,10,2.5,6.7,True,2,0,0.25,3,4.1,12.6,Spring,Thursday,False
2025-05-08,Dinner,82,False,0.704,179,Plates,8,2.37,24,19.0,17.4,True,4,1,0.918,3,42.3,83.1,Spring,Thursday,True
2025-05-08,Dinner,82,False,0.704,119,Glassware,6,1.92,20,11.5,4.4,True,4,0,0.591,3,33.3,49.9,Spring,Thursday,True
2025-05-08,Dinner,82,False,0.704,226,Cutlery,6,2.0,45,12.0,7.9,True,4,1,0.522,3,40.8,66.3,Spring,Thursday,True
2025-05-08,Dinner,82,False,0.704,22,Cookware,3,2.35,10,7.1,5.2,True,1,1,0.268,3,13.4,28.4,Spring,Thursday,True
2025-05-09,Breakfast,75,True,0.716,165,Plates,7,2.31,24,16.2,11.8,True,2,0,0.654,4,39.5,74.1,Spring,Friday,True
2025-05-09,Breakfast,75,True,0.716,100,Glassware,5,2.17,20,10.8,7.4,True,1,0,0.446,4,27.2,51.6,Spring,Friday,True
2025-05-09,Breakfast,75,True,0.716,201,Cutlery,5,2.27,45,11.3,16.0,True,3,0,0.417,4,34.8,52.3,Spring,Friday,True
2025-05-09,Breakfast,75,True,0.716,12,Cookware,2,2.72,10,5.4,10.9,False,0,0,0.25,4,8.3,21.1,Spring,Friday,True
2025-05-09,Lunch,63,True,0.716,136,Plates,6,2.03,24,12.2,11.8,True,3,1,0.474,4,35.4,66.4,Spring,Friday,True
2025-05-09,Lunch,63,True,0.716,85,Glassware,5,2.09,20,10.4,9.5,True,1,0,0.365,4,26.3,43.3,Spring,Friday,True
2025-05-09,Lunch,63,True,0.716,181,Cutlery,5,2.06,45,10.3,12.8,True,2,0,0.342,4,31.6,57.7,Spring,Friday,True
2025-05-09,Lunch,63,True,0.716,10,Cookware,1,2.29,10,2.3,10.5,True,1,0,0.25,4,5.1,9.6,Spring,Friday,True
2025-05-09,Dinner,121,True,0.716,267,Plates,12,2.17,24,26.1,27.3,True,7,0,1.25,4,59.5,125.1,Spring,Friday,True
2025-05-09,Dinner,121,True,0.716,175,Glassware,9,2.04,20,18.3,19.0,True,3,0,0.925,4,48.4,102.2,Spring,Friday,True
2025-05-09,Dinner,121,True,0.716,347,Cutlery,8,2.45,45,19.6,18.8,True,5,1,0.98,4,59.0,70.8,Spring,Friday,True
2025-05-09,Dinner,121,True,0.716,23,Cookware,3,2.72,10,8.2,7.5,True,2,0,0.324,4,13.4,34.0,Spring,Friday,True
2025-05-10,Breakfast,87,False,0.799,182,Plates,8,2.2,24,17.6,0.0,True,6,1,0.687,3,46.2,89.5,Spring,Saturday,False
2025-05-10,Breakfast,87,False,0.799,120,Glassware,6,1.82,20,10.9,4.9,True,2,0,0.45,3,33.3,50.2,Spring,Saturday,False
2025-05-10,Breakfast,87,False,0.799,250,Cutlery,6,2.17,45,13.0,2.6,True,7,0,0.496,3,41.4,61.2,Spring,Saturday,False
2025-05-10,Breakfast,87,False,0.799,31,Cookware,4,2.53,10,10.1,2.7,True,1,1,0.323,3,16.8,35.4,Spring,Saturday,False
2025-05-10,Lunch,54,False,0.799,117,Plates,5,2.05,24,10.3,1.1,True,3,0,0.412,3,28.8,56.7,Spring,Saturday,False
2025-05-10,Lunch,54,False,0.799,80,Glassware,4,2.02,20,8.1,8.5,False,0,0,0.333,3,22.9,41.1,Spring,Saturday,False
2025-05-10,Lunch,54,False,0.799,154,Cutlery,4,1.99,45,8.0,5.6,True,2,0,0.281,3,26.8,37.7,Spring,Saturday,False
2025-05-10,Lunch,54,False,0.799,16,Cookware,2,2.35,10,4.7,0.0,False,0,0,0.25,3,8.5,15.1,Spring,Saturday,False
2025-05-10,Dinner,104,False,0.799,226,Plates,10,2.2,24,22.0,15.5,True,6,0,1.074,3,58.9,103.3,Spring,Saturday,True
2025-05-10,Dinner,104,False,0.799,150,Glassware,8,2.16,20,17.3,10.1,True,6,0,0.84,3,42.1,78.6,Spring,Saturday,True
2025-05-10,Dinner,104,False,0.799,291,Cutlery,7,2.23,45,15.6,2.4,True,8,1,0.748,3,50.1,72.9,Spring,Saturday,True
2025-05-10,Dinner,104,False,0.799,23,Cookware,3,2.23,10,6.7,3.0,True,1,0,0.266,3,13.5,30.4,Spring,Saturday,True
2025-05-11,Breakfast,34,False,0.621,73,Plates,4,2.14,24,8.6,0.7,False,0,0,0.268,2,20.5,36.3,Spring,Sunday,False
2025-05-11,Breakfast,34,False,0.621,49,Glassware,3,2.23,20,6.7,0.6,True,1,0,0.25,2,15.3,26.0,Spring,Sunday,False
2025-05-11,Breakfast,34,False,0.621,94,Cutlery,3,2.03,45,6.1,5.3,False,0,0,0.25,2,19.0,32.2,Spring,Sunday,False
2025-05-11,Breakfast,34,False,0.621,5,Cookware,1,2.38,10,2.4,3.5,False,0,0,0.25,2,4.4,9.0,Spring,Sunday,False
2025-05-11,Lunch,28,False,0.621,60,Plates,3,2.11,24,6.3,1.7,True,3,0,0.25,2,16.9,27.0,Spring,Sunday,False
2025-05-11,Lunch,28,False,0.621,42,Glassware,3,2.08,20,6.2,9.2,False,0,0,0.25,2,14.6,35.1,Spring,Sunday,False
2025-05-11,Lunch,28,False,0.621,81,Cutlery,2,1.96,45,3.9,1.8,True,2,0,0.25,2,14.3,21.8,Spring,Sunday,False
2025-05-11,Lunch,28,False,0.621,5,Cookware,1,2.56,10,2.6,6.5,False,0,0,0.25,2,4.2,8.4,Spring,Sunday,False
2025-05-11,Dinner,86,False,0.621,191,Plates,8,2.08,24,16.6,6.9,True,3,1,0.857,3,47.0,66.9,Spring,Sunday,True
2025-05-11,Dinner,86,False,0.621,111,Glassware,6,2.04,20,12.3,0.4,True,3,0,0.588,3,31.2,66.4,Spring,Sunday,True
2025-05-11,Dinner,86,False,0.621,259,Cutlery,6,2.24,45,13.5,1.4,True,4,1,0.669,3,44.2,67.8,Spring,Sunday,True
2025-05-11,Dinner,86,False,0.621,16,Cookware,2,2.53,10,5.1,1.7,False,0,0,0.25,3,8.6,17.9,Spring,Sunday,True
2025-05-12,Breakfast,84,False,0.788,182,Plates,8,2.18,24,17.4,2.2,True,3,0,0.681,3,46.3,90.5,Spring,Monday,False
2025-05-12,Breakfast,84,False,0.788,117,Glassware,6,1.92,20,11.5,2.4,True,3,0,0.463,3,32.5,63.7,Spring,Monday,False
2025-05-12,Breakfast,84,False,0.788,236,Cutlery,6,2.1,45,12.6,4.5,True,1,0,0.453,3,42.4,62.7,Spring,Monday,False
2025-05-12,Breakfast,84,False,0.788,21,Cookware,3,2.4,10,7.2,0.0,True,3,0,0.25,3,13.0,27.7,Spring,Monday,False
2025-05-12,Lunch,41,False,0.788,90,Plates,4,1.97,24,7.9,4.3,False,0,0,0.304,2,21.1,39.1,Spring,Monday,False
2025-05-12,Lunch,41,False,0.788,57,Glassware,3,2.22,20,6.7,2.1,False,0,1,0.261,2,16.4,28.3,Spring,Monday,False
2025-05-12,Lunch,41,False,0.788,114,Cutlery,3,2.05,45,6.2,0.5,True,1,0,0.25,2,21.3,27.5,Spring,Monday,False
2025-05-12,Lunch,41,False,0.788,5,Cookware,1,2.51,10,2.5,0.0,False,0,0,0.25,2,4.0,10.4,Spring,Monday,False
2025-05-12,Dinner,102,False,0.788,224,Plates,10,1.77,24,17.7,7.7,True,4,0,0.858,3,59.0,98.5,Spring,Monday,True
2025-05-12,Dinner,102,False,0.788,143,Glassware,8,2.16,20,17.3,7.6,True,1,0,0.802,3,41.4,95.6,Spring,Monday,True
2025-05-12,Dinner,102,False,0.788,267,Cutlery,6,1.93,45,11.6,2.9,True,6,1,0.592,3,42.6,60.9,Spring,Monday,True
2025-05-12,Dinner,102,False,0.788,30,Cookware,3,2.56,10,7.7,8.5,True,1,0,0.398,3,13.3,33.5,Spring,Monday,True
2025-05-13,Breakfast,82,False,0.678,173,Plates,8,2.06,24,16.5,2.3,True,4,0,0.613,3,43.6,76.3,Spring,Tuesday,False
2025-05-13,Breakfast,82,False,0.678,115,Glassware,6,2.1,20,12.6,6.1,True,3,0,0.497,3,29.9,67.9,Spring,Tuesday,False
2025-05-13,Breakfast,82,False,0.678,234,Cutlery,6,1.91,45,11.4,3.3,True,1,0,0.408,3,42.0,65.5,Spring,Tuesday,False
2025-05-13,Breakfast,82,False,0.678,18,Cookware,2,2.34,10,4.7,3.0,True,1,0,0.25,3,9.1,20.4,Spring,Tuesday,False
2025-05-13,Lunch,37,False,0.678,78,Plates,4,2.12,24,8.5,0.0,True,1,0,0.284,2,21.7,39.5,Spring,Tuesday,False
2025-05-13,Lunch,37,False,0.678,47,Glassware,3,2.28,20,6.9,2.1,True,1,0,0.25,2,15.1,33.3,Spring,Tuesday,False
2025-05-13,Lunch,37,False,0.678,100,Cutlery,3,2.11,45,6.3,6.2,True,1,0,0.25,2,19.0,28.9,Spring,Tuesday,False
2025-05-13,Lunch,37,False,0.678,5,Cookware,1,2.63,10,2.6,2.5,False,0,0,0.25,2,4.1,10.0,Spring,Tuesday,False
2025-05-13,Dinner,68,False,0.678,151,Plates,7,1.96,24,13.7,6.4,True,3,1,0.639,3,39.5,67.5,Spring,Tuesday,True
2025-05-13,Dinner,68,False,0.678,88,Glassware,5,2.01,20,10.1,3.4,True,2,0,0.459,3,27.7,48.1,Spring,Tuesday,True
2025-05-13,Dinner,68,False,0.678,187,Cutlery,5,2.19,45,10.9,9.4,True,2,0,0.472,3,34.1,52.6,Spring,Tuesday,True
2025-05-13,Dinner,68,False,0.678,18,Cookware,2,2.32,10,4.6,0.4,True,1,0,0.25,3,9.1,22.0,Spring,Tuesday,True
2025-05-14,Breakfast,72,False,0.739,160,Plates,7,2.01,24,14.0,8.2,True,5,0,0.551,3,41.7,71.9,Spring,Wednesday,False
2025-05-14,Breakfast,72,False,0.739,97,Glassware,5,1.72,20,8.6,0.0,True,3,0,0.344,3,25.7,47.1,Spring,Wednesday,False
2025-05-14,Breakfast,72,False,0.739,209,Cutlery,5,2.25,45,11.3,2.5,True,2,0,0.431,3,37.6,49.5,Spring,Wednesday,False
2025-05-14,Breakfast,72,False,0.739,15,Cookware,2,2.52,10,5.0,6.1,False,0,0,0.25,3,8.0,17.0,Spring,Wednesday,False
2025-05-14,Lunch,39,False,0.739,83,Plates,4,2.25,24,9.0,3.4,True,2,0,0.32,2,23.2,35.4,Spring,Wednesday,False
2025-05-14,Lunch,39,False,0.739,51,Glassware,3,2.08,20,6.2,1.5,True,2,0,0.25,2,16.8,30.6,Spring,Wednesday,False
2025-05-14,Lunch,39,False,0.739,108,Cutlery,3,2.22,45,6.7,0.3,True,1,0,0.25,2,19.7,24.0,Spring,Wednesday,False
2025-05-14,Lunch,39,False,0.739,5,Cookware,1,2.51,10,2.5,4.5,False,0,0,0.25,2,4.0,9.2,Spring,Wednesday,False
2025-05-14,Dinner,82,False,0.739,185,Plates,8,2.16,24,17.3,10.9,True,4,0,0.864,3,45.1,75.9,Spring,Wednesday,True
2025-05-14,Dinner,82,False,0.739,118,Glassware,6,2.03,20,12.2,2.2,True,3,0,0.621,3,32.1,55.5,Spring,Wednesday,True
2025-05-14,Dinner,82,False,0.739,238,Cutlery,6,2.33,45,14.0,2.3,True,5,1,0.639,3,40.1,52.4,Spring,Wednesday,True
2025-05-14,Dinner,82,False,0.739,18,Cookware,2,2.29,10,4.6,1.2,False,0,0,0.25,3,8.8,18.1,Spring,Wednesday,True
2025-05-15,Breakfast,76,False,0.718,161,Plates,7,2.07,24,14.5,4.8,True,3,0,0.572,3,38.6,64.0,Spring,Thursday,False
2025-05-15,Breakfast,76,False,0.718,103,Glassware,6,1.92,20,11.5,0.5,False,0,0,0.406,3,32.3,54.3,Spring,Thursday,False
2025-05-15,Breakfast,76,False,0.718,210,Cutlery,5,1.94,45,9.7,3.5,True,7,1,0.372,3,36.3,42.5,Spring,Thursday,False
2025-05-15,Breakfast,76,False,0.718,13,Cookware,2,2.47,10,4.9,1.2,True,1,0,0.25,3,9.2,24.6,Spring,Thursday,False
2025-05-15,Lunch,42,False,0.718,95,Plates,4,2.04,24,8.1,0.0,True,3,1,0.332,2,22.0,39.7,Spring,Thursday,False
2025-05-15,Lunch,42,False,0.718,53,Glassware,3,1.96,20,5.9,1.3,True,1,0,0.25,2,15.3,24.8,Spring,Thursday,False
2025-05-15,Lunch,42,False,0.718,120,Cutlery,3,2.04,45,6.1,2.8,True,4,0,0.25,2,20.0,31.9,Spring,Thursday,False
2025-05-15,Lunch,42,False,0.718,5,Cookware,1,2.53,10,2.5,3.7,False,0,0,0.25,2,3.9,9.5,Spring,Thursday,False
2025-05-15,Dinner,103,False,0.718,222,Plates,10,2.2,24,22.0,16.0,True,8,0,1.053,3,54.9,97.6,Spring,Thursday,True
2025-05-15,Dinner,103,False,0.718,154,Glassware,8,2.15,20,17.2,5.4,True,3,0,0.857,3,41.4,87.8,Spring,Thursday,True
2025-05-15,Dinner,103,False,0.718,283,Cutlery,7,1.93,45,13.5,0.0,True,7,0,0.628,3,49.5,70.0,Spring,Thursday,True
2025-05-15,Dinner,103,False,0.718,30,Cookware,3,2.38,10,7.1,8.5,True,1,1,0.371,3,13.6,25.7,Spring,Thursday,True
2025-05-16,Breakfast,72,False,0.687,165,Plates,7,2.04,24,14.3,0.9,True,1,2,0.578,3,40.7,80.7,Spring,Friday,False
2025-05-16,Breakfast,72,False,0.687,98,Glassware,5,2.29,20,11.5,5.8,True,4,0,0.463,3,27.4,48.5,Spring,Friday,False
2025-05-16,Breakfast,72,False,0.687,204,Cutlery,5,2.19,45,11.0,0.0,False,0,0,0.409,3,34.8,58.0,Spring,Friday,False
2025-05-16,Breakfast,72,False,0.687,19,Cookware,2,2.36,10,4.7,1.4,True,1,0,0.25,3,9.1,22.1,Spring,Friday,False
2025-05-16,Lunch,40,False,0.687,90,Plates,4,1.93,24,7.7,5.2,True,3,0,0.298,2,24.2,37.6,Spring,Friday,False
2025-05-16,Lunch,40,False,0.687,59,Glassware,3,2.07,20,6.2,7.6,False,0,0,0.252,2,15.7,27.9,Spring,Friday,False
2025-05-16,Lunch,40,False,0.687,116,Cutlery,3,2.13,45,6.4,3.6,False,0,0,0.25,2,21.8,37.6,Spring,Friday,False
2025-05-16,Lunch,40,False,0.687,8,Cookware,1,2.41,10,2.4,0.0,False,0,0,0.25,2,4.4,8.8,Spring,Friday,False
2025-05-16,Dinner,73,False,0.687,160,Plates,7,2.18,24,15.2,2.9,True,7,0,0.753,3,39.0,66.3,Spring,Friday,True
2025-05-16,Dinner,73,False,0.687,109,Glassware,6,2.28,20,13.7,1.4,True,1,1,0.644,3,32.4,58.3,Spring,Friday,True
2025-05-16,Dinner,73,False,0.687,205,Cutlery,5,2.3,45,11.5,3.0,True,5,1,0.543,3,36.1,41.6,Spring,Friday,True
2025-05-16,Dinner,73,False,0.687,25,Cookware,3,2.22,10,6.7,1.7,True,2,1,0.288,3,13.8,31.8,Spring,Friday,True
2025-05-17,Breakfast,68,False,0.72,152,Plates,7,2.19,24,15.3,8.8,True,5,0,0.571,3,38.7,68.0,Spring,Saturday,False
2025-05-17,Breakfast,68,False,0.72,91,Glassware,5,1.74,20,8.7,6.1,True,2,0,0.327,3,27.0,49.9,Spring,Saturday,False
2025-05-17,Breakfast,68,False,0.72,180,Cutlery,4,1.93,45,7.7,8.4,True,3,0,0.318,3,29.7,40.0,Spring,Saturday,False
2025-05-17,Breakfast,68,False,0.72,11,Cookware,2,2.52,10,5.0,1.1,False,0,0,0.25,3,9.0,21.3,Spring,Saturday,False
2025-05-17,Lunch,40,False,0.72,89,Plates,4,2.0,24,8.0,0.2,False,0,1,0.306,2,22.7,44.4,Spring,Saturday,False
2025-05-17,Lunch,40,False,0.72,58,Glassware,3,1.95,20,5.8,5.8,True,2,0,0.25,2,16.6,34.9,Spring,Saturday,False
2025-05-17,Lunch,40,False,0.72,114,Cutlery,3,2.09,45,6.3,6.2,True,1,0,0.25,2,19.7,30.4,Spring,Saturday,False
2025-05-17,Lunch,40,False,0.72,9,Cookware,1,2.28,10,2.3,5.3,False,0,0,0.25,2,4.3,8.3,Spring,Saturday,False
2025-05-17,Dinner,82,False,0.72,179,Plates,8,2.25,24,18.0,15.8,True,3,0,0.87,3,48.9,77.8,Spring,Saturday,True
2025-05-17,Dinner,82,False,0.72,118,Glassware,6,1.95,20,11.7,4.8,True,4,0,0.598,3,31.4,48.4,Spring,Saturday,True
2025-05-17,Dinner,82,False,0.72,220,Cutlery,5,2.04,45,10.2,8.6,True,4,0,0.517,3,34.7,52.4,Spring,Saturday,True
2025-05-17,Dinner,82,False,0.72,13,Cookware,2,2.45,10,4.9,1.6,False,0,0,0.25,3,8.0,21.7,Spring,Saturday,True
2025-05-18,Breakfast,83,False,0.768,183,Plates,8,1.98,24,15.9,0.0,True,2,1,0.622,3,47.9,60.8,Spring,Sunday,False
2025-05-18,Breakfast,83,False,0.768,114,Glassware,6,2.09,20,12.5,2.5,True,3,0,0.49,3,31.4,61.7,Spring,Sunday,False
2025-05-18,Breakfast,83,False,0.768,223,Cutlery,5,2.19,45,10.9,1.7,True,3,0,0.447,3,37.3,52.8,Spring,Sunday,False
2025-05-18,Breakfast,83,False,0.768,29,Cookware,3,2.61,10,7.8,1.8,True,1,0,0.311,3,15.5,32.9,Spring,Sunday,False
2025-05-18,Lunch,52,False,0.768,119,Plates,5,1.89,24,9.5,2.0,True,2,0,0.386,3,30.4,45.4,Spring,Sunday,False
2025-05-18,Lunch,52,False,0.768,69,Glassware,4,2.08,20,8.3,0.3,True,1,0,0.295,3,20.4,37.4,Spring,Sunday,False
2025-05-18,Lunch,52,False,0.768,146,Cutlery,4,2.29,45,9.2,0.8,True,3,0,0.306,3,26.6,34.0,Spring,Sunday,False
2025-05-18,Lunch,52,False,0.768,5,Cookware,1,2.42,10,2.4,0.1,False,0,0,0.25,3,4.1,9.9,Spring,Sunday,False
2025-05-18,Dinner,89,False,0.768,189,Plates,8,2.1,24,16.8,14.4,True,5,0,0.859,3,45.1,84.3,Spring,Sunday,True
2025-05-18,Dinner,89,False,0.768,120,Glassware,6,1.91,20,11.5,4.0,True,2,0,0.594,3,33.5,54.2,Spring,Sunday,True
2025-05-18,Dinner,89,False,0.768,247,Cutlery,6,2.5,45,15.0,3.5,True,2,0,0.71,3,42.0,68.2,Spring,Sunday,True
2025-05-18,Dinner,89,False,0.768,14,Cookware,2,2.42,10,4.8,4.0,True,1,0,0.25,3,9.0,20.2,Spring,Sunday,True
2025-05-19,Breakfast,85,False,0.827,178,Plates,8,2.2,24,17.6,3.2,True,1,0,0.671,3,45.6,89.4,Spring,Monday,False
2025-05-19,Breakfast,85,False,0.827,108,Glassware,6,1.99,20,11.9,0.0,True,2,1,0.442,3,30.7,57.6,Spring,Monday,False
2025-05-19,Breakfast,85,False,0.827,236,Cutlery,6,2.08,45,12.5,0.5,True,6,0,0.45,3,40.8,50.0,Spring,Monday,False
2025-05-19,Breakfast,85,False,0.827,20,Cookware,2,2.6,10,5.2,3.2,False,0,0,0.25,3,9.7,19.3,Spring,Monday,False
2025-05-19,Lunch,49,False,0.827,114,Plates,5,2.0,24,10.0,7.1,True,3,0,0.391,3,28.0,53.1,Spring,Monday,False
2025-05-19,Lunch,49,False,0.827,71,Glassware,4,2.12,20,8.5,2.9,True,3,0,0.31,3,22.1,47.8,Spring,Monday,False
2025-05-19,Lunch,49,False,0.827,132,Cutlery,3,2.18,45,6.5,3.5,True,3,1,0.263,3,21.5,33.7,Spring,Monday,False
2025-05-19,Lunch,49,False,0.827,5,Cookware,1,2.59,10,2.6,6.7,True,1,0,0.25,3,3.9,8.7,Spring,Monday,False
2025-05-19,Dinner,93,False,0.827,202,Plates,9,2.09,24,18.8,14.2,True,5,0,0.912,3,50.6,78.2,Spring,Monday,True
2025-05-19,Dinner,93,False,0.827,116,Glassware,6,2.17,20,13.0,6.4,False,0,0,0.652,3,33.4,61.8,Spring,Monday,True
2025-05-19,Dinner,93,False,0.827,246,Cutlery,6,1.93,45,11.6,4.3,True,5,0,0.548,3,41.9,61.4,Spring,Monday,True
2025-05-19,Dinner,93,False,0.827,17,Cookware,2,2.24,10,4.5,7.0,True,2,0,0.25,3,8.7,19.7,Spring,Monday,True
2025-05-20,Breakfast,75,False,0.734,168,Plates,7,2.08,24,14.5,3.0,True,4,1,0.599,3,38.0,72.6,Spring,Tuesday,False
2025-05-20,Breakfast,75,False,0.734,106,Glassware,6,2.11,20,12.6,4.2,True,1,0,0.46,3,32.2,62.3,Spring,Tuesday,False
2025-05-20,Breakfast,75,False,0.734,210,Cutlery,5,1.99,45,9.9,1.3,True,3,0,0.382,3,37.4,49.7,Spring,Tuesday,False
2025-05-20,Breakfast,75,False,0.734,8,Cookware,1,2.77,10,2.8,5.4,False,0,0,0.25,3,4.4,11.6,Spring,Tuesday,False
2025-05-20,Lunch,39,False,0.734,84,Plates,4,2.06,24,8.3,6.0,True,1,0,0.297,2,21.6,41.0,Spring,Tuesday,False
2025-05-20,Lunch,39,False,0.734,52,Glassware,3,2.02,20,6.1,6.9,True,2,0,0.25,2,15.8,26.1,Spring,Tuesday,False
2025-05-20,Lunch,39,False,0.734,104,Cutlery,3,2.13,45,6.4,4.8,True,2,0,0.25,2,19.1,29.5,Spring,Tuesday,False
2025-05-20,Lunch,39,False,0.734,9,Cookware,1,2.46,10,2.5,3.9,True,1,0,0.25,2,4.9,10.8,Spring,Tuesday,False
2025-05-20,Dinner,76,False,0.734,167,Plates,7,2.15,24,15.0,1.1,True,5,0,0.774,3,40.2,73.3,Spring,Tuesday,True
2025-05-20,Dinner,76,False,0.734,113,Glassware,6,1.82,20,10.9,2.8,True,1,0,0.533,3,32.8,65.8,Spring,Tuesday,True
2025-05-20,Dinner,76,False,0.734,217,Cutlery,5,1.98,45,9.9,6.0,True,3,1,0.495,3,35.0,50.4,Spring,Tuesday,True
2025-05-20,Dinner,76,False,0.734,22,Cookware,3,2.64,10,7.9,0.0,False,0,0,0.301,3,12.8,25.4,Spring,Tuesday,True
2025-05-21,Breakfast,83,False,0.741,178,Plates,8,2.27,24,18.2,1.8,True,5,1,0.693,3,43.7,79.7,Spring,Wednesday,False
2025-05-21,Breakfast,83,False,0.741,119,Glassware,6,2.31,20,13.9,5.0,True,2,0,0.567,3,29.9,57.4,Spring,Wednesday,False
2025-05-21,Breakfast,83,False,0.741,225,Cutlery,5,2.03,45,10.2,7.2,True,7,0,0.419,3,36.3,61.7,Spring,Wednesday,False
2025-05-21,Breakfast,83,False,0.741,11,Cookware,2,2.48,10,5.0,1.2,False,0,0,0.25,3,8.8,20.8,Spring,Wednesday,False
2025-05-21,Lunch,55,False,0.741,113,Plates,5,2.02,24,10.1,0.0,True,1,1,0.391,3,26.6,48.6,Spring,Wednesday,False
2025-05-21,Lunch,55,False,0.741,79,Glassware,4,2.12,20,8.5,2.3,True,2,0,0.344,3,21.5,40.1,Spring,Wednesday,False
2025-05-21,Lunch,55,False,0.741,153,Cutlery,4,2.18,45,8.7,7.5,True,4,1,0.306,3,28.5,43.3,Spring,Wednesday,False
2025-05-21,Lunch,55,False,0.741,11,Cookware,2,2.55,10,5.1,0.5,False,0,0,0.25,3,8.9,19.2,Spring,Wednesday,False
2025-05-21,Dinner,84,False,0.741,172,Plates,8,2.13,24,17.0,2.5,True,5,0,0.791,3,44.4,79.6,Spring,Wednesday,True
2025-05-21,Dinner,84,False,0.741,125,Glassware,7,2.08,20,14.6,3.3,True,5,0,0.674,3,36.3,77.6,Spring,Wednesday,True
2025-05-21,Dinner,84,False,0.741,233,Cutlery,6,1.99,45,11.9,0.0,True,6,0,0.534,3,42.4,54.6,Spring,Wednesday,True
2025-05-21,Dinner,84,False,0.741,9,Cookware,1,2.51,10,2.5,0.0,False,0,0,0.25,3,4.5,10.8,Spring,Wednesday,True
2025-05-22,Breakfast,90,False,0.717,197,Plates,9,2.05,24,18.5,4.3,True,3,0,0.693,3,48.5,81.6,Spring,Thursday,False
2025-05-22,Breakfast,90,False,0.717,136,Glassware,7,1.96,20,13.7,0.0,True,2,0,0.549,3,36.2,68.9,Spring,Thursday,False
2025-05-22,Breakfast,90,False,0.717,248,Cutlery,6,2.11,45,12.7,5.8,True,3,0,0.478,3,42.2,61.7,Spring,Thursday,False
2025-05-22,Breakfast,90,False,0.717,7,Cookware,1,2.36,10,2.4,0.3,False,0,0,0.25,3,4.0,10.3,Spring,Thursday,False
2025-05-22,Lunch,45,False,0.717,101,Plates,5,2.0,24,10.0,10.2,True,2,0,0.346,3,26.0,51.4,Spring,Thursday,False
2025-05-22,Lunch,45,False,0.717,62,Glassware,4,2.02,20,8.1,2.8,False,0,0,0.257,3,20.0,37.5,Spring,Thursday,False
2025-05-22,Lunch,45,False,0.717,124,Cutlery,3,1.95,45,5.8,0.0,True,4,0,0.25,3,21.7,31.2,Spring,Thursday,False
2025-05-22,Lunch,45,False,0.717,7,Cookware,1,2.67,10,2.7,5.3,False,0,0,0.25,3,4.3,10.9,Spring,Thursday,False
2025-05-22,Dinner,107,False,0.717,239,Plates,10,1.96,24,19.6,16.1,True,3,0,1.013,3,57.9,84.8,Spring,Thursday,True
2025-05-22,Dinner,107,False,0.717,146,Glassware,8,2.16,20,17.3,6.2,True,5,0,0.816,3,40.1,77.0,Spring,Thursday,True
2025-05-22,Dinner,107,False,0.717,292,Cutlery,7,2.2,45,15.4,1.8,True,7,1,0.739,3,48.2,59.6,Spring,Thursday,True
2025-05-22,Dinner,107,False,0.717,11,Cookware,2,2.72,10,5.4,1.3,False,0,0,0.25,3,8.0,18.9,Spring,Thursday,True
2025-05-23,Breakfast,57,False,0.658,123,Plates,6,2.21,24,13.2,4.9,True,2,1,0.466,3,31.9,56.9,Spring,Friday,False
2025-05-23,Breakfast,57,False,0.658,75,Glassware,4,1.97,20,7.9,2.4,False,0,0,0.304,3,20.3,38.0,Spring,Friday,False
2025-05-23,Breakfast,57,False,0.658,158,Cutlery,4,1.87,45,7.5,0.9,True,1,0,0.27,3,27.0,44.7,Spring,Friday,False
2025-05-23,Breakfast,57,False,0.658,7,Cookware,1,2.66,10,2.7,2.9,False,0,0,0.25,3,4.2,10.0,Spring,Friday,False
2025-05-23,Lunch,34,False,0.658,74,Plates,4,2.41,24,9.6,0.8,False,0,0,0.306,2,20.9,35.3,Spring,Friday,False
2025-05-23,Lunch,34,False,0.658,53,Glassware,3,2.06,20,6.2,5.3,True,2,0,0.25,2,15.4,27.4,Spring,Friday,False
2025-05-23,Lunch,34,False,0.658,97,Cutlery,3,2.12,45,6.4,3.2,True,3,0,0.25,2,19.4,33.7,Spring,Friday,False
2025-05-23,Lunch,34,False,0.658,8,Cookware,1,2.51,10,2.5,0.0,False,0,0,0.25,2,4.9,10.8,Spring,Friday,False
2025-05-23,Dinner,89,False,0.658,201,Plates,9,2.11,24,19.0,11.5,True,3,0,0.916,3,51.3,105.0,Spring,Friday,True
2025-05-23,Dinner,89,False,0.658,121,Glassware,7,2.24,20,15.7,4.8,True,1,0,0.703,3,35.9,63.5,Spring,Friday,True
2025-05-23,Dinner,89,False,0.658,259,Cutlery,6,2.19,45,13.2,10.0,True,7,0,0.655,3,43.1,59.0,Spring,Friday,True
2025-05-23,Dinner,89,False,0.658,19,Cookware,2,2.33,10,4.7,5.1,False,0,0,0.25,3,9.2,20.0,Spring,Friday,True
2025-05-24,Breakfast,76,False,0.761,155,Plates,7,2.14,24,15.0,0.7,True,2,0,0.57,3,39.1,70.8,Spring,Saturday,False
2025-05-24,Breakfast,76,False,0.761,108,Glassware,6,2.07,20,12.4,2.0,True,1,0,0.461,3,30.6,63.1,Spring,Saturday,False
2025-05-24,Breakfast,76,False,0.761,216,Cutlery,5,1.84,45,9.2,0.0,True,3,0,0.364,3,35.1,47.1,Spring,Saturday,False
2025-05-24,Breakfast,76,False,0.761,11,Cookware,2,2.3,10,4.6,4.4,False,0,0,0.25,3,8.5,23.7,Spring,Saturday,False
2025-05-24,Lunch,60,False,0.761,134,Plates,6,1.92,24,11.5,4.3,True,3,0,0.442,3,34.0,57.9,Spring,Saturday,False
2025-05-24,Lunch,60,False,0.761,88,Glassware,5,2.06,20,10.3,1.0,False,0,0,0.373,3,25.4,48.4,Spring,Saturday,False
2025-05-24,Lunch,60,False,0.761,173,Cutlery,4,1.89,45,7.6,0.0,True,3,0,0.299,3,27.4,43.8,Spring,Saturday,False
2025-05-24,Lunch,60,False,0.761,14,Cookware,2,2.35,10,4.7,1.6,False,0,0,0.25,3,8.8,21.1,Spring,Saturday,False
2025-05-24,Dinner,99,False,0.761,231,Plates,10,2.07,24,20.7,11.1,True,5,0,1.035,3,53.3,104.5,Spring,Saturday,True
2025-05-24,Dinner,99,False,0.761,134,Glassware,7,2.08,20,14.5,0.0,True,3,0,0.722,3,34.7,76.4,Spring,Saturday,True
2025-05-24,Dinner,99,False,0.761,280,Cutlery,7,2.41,45,16.9,5.7,True,5,0,0.779,3,50.2,60.4,Spring,Saturday,True
2025-05-24,Dinner,99,False,0.761,28,Cookware,3,2.18,10,6.5,0.6,True,2,0,0.316,3,12.0,26.2,Spring,Saturday,True
2025-05-25,Breakfast,65,False,0.748,138,Plates,6,1.92,24,11.5,1.7,True,2,0,0.455,3,35.6,59.4,Spring,Sunday,False
2025-05-25,Breakfast,65,False,0.748,85,Glassware,5,1.9,20,9.5,0.0,True,1,1,0.333,3,27.2,56.8,Spring,Sunday,False
2025-05-25,Breakfast,65,False,0.748,178,Cutlery,4,2.1,45,8.4,0.7,True,3,0,0.342,3,28.3,40.3,Spring,Sunday,False
2025-05-25,Breakfast,65,False,0.748,14,Cookware,2,2.67,10,5.3,10.9,True,1,0,0.25,3,8.8,21.8,Spring,Sunday,False
2025-05-25,Lunch,62,False,0.748,141,Plates,6,2.11,24,12.6,6.6,True,4,1,0.51,3,33.9,65.0,Spring,Sunday,False
2025-05-25,Lunch,62,False,0.748,85,Glassware,5,2.11,20,10.5,1.6,True,2,0,0.369,3,27.7,51.7,Spring,Sunday,False
2025-05-25,Lunch,62,False,0.748,174,Cutlery,4,2.1,45,8.4,5.7,True,5,1,0.335,3,28.9,41.3,Spring,Sunday,False
2025-05-25,Lunch,62,False,0.748,18,Cookware,2,2.21,10,4.4,3.8,True,1,0,0.25,3,9.9,17.4,Spring,Sunday,False
2025-05-25,Dinner,86,False,0.748,192,Plates,8,1.99,24,16.0,10.6,True,5,0,0.827,3,46.4,79.2,Spring,Sunday,True
2025-05-25,Dinner,86,False,0.748,117,Glassware,6,1.93,20,11.6,4.3,True,2,0,0.585,3,31.8,60.3,Spring,Sunday,True
2025-05-25,Dinner,86,False,0.748,244,Cutlery,6,1.84,45,11.0,2.3,True,4,0,0.517,3,40.6,68.5,Spring,Sunday,True
2025-05-25,Dinner,86,False,0.748,19,Cookware,2,2.58,10,5.2,3.8,False,0,1,0.254,3,8.5,17.8,Spring,Sunday,True
2025-05-26,Breakfast,76,True,0.734,159,Plates,7,2.23,24,15.6,14.9,True,3,0,0.609,4,37.9,59.3,Spring,Monday,True
2025-05-26,Breakfast,76,True,0.734,99,Glassware,5,2.17,20,10.8,9.4,True,2,0,0.442,4,27.0,44.7,Spring,Monday,True
2025-05-26,Breakfast,76,True,0.734,205,Cutlery,5,2.0,45,10.0,11.9,True,3,0,0.376,4,36.4,36.5,Spring,Monday,True
2025-05-26,Breakfast,76,True,0.734,22,Cookware,3,2.37,10,7.1,13.9,False,0,0,0.25,4,12.8,25.2,Spring,Monday,True
2025-05-26,Lunch,34,True,0.734,76,Plates,4,2.09,24,8.4,13.9,False,0,0,0.272,3,21.0,35.4,Spring,Monday,True
2025-05-26,Lunch,34,True,0.734,43,Glassware,3,1.96,20,5.9,12.6,False,0,1,0.25,3,14.2,27.8,Spring,Monday,True
2025-05-26,Lunch,34,True,0.734,88,Cutlery,2,1.96,45,3.9,15.5,True,3,0,0.25,3,15.3,17.8,Spring,Monday,True
2025-05-26,Lunch,34,True,0.734,7,Cookware,1,2.23,10,2.2,7.9,True,1,0,0.25,3,4.1,9.1,Spring,Monday,True
2025-05-26,Dinner,117,True,0.734,252,Plates,11,2.15,24,23.6,25.2,True,7,0,1.17,4,60.6,91.4,Spring,Monday,True
2025-05-26,Dinner,117,True,0.734,160,Glassware,8,2.28,20,18.3,21.6,True,6,0,0.946,4,41.9,70.4,Spring,Monday,True
2025-05-26,Dinner,117,True,0.734,347,Cutlery,8,1.94,45,15.5,14.3,True,4,0,0.776,4,59.3,70.5,Spring,Monday,True
2025-05-26,Dinner,117,True,0.734,6,Cookware,1,2.62,10,2.6,8.3,False,0,0,0.25,4,4.5,9.1,Spring,Monday,True
2025-05-27,Breakfast,61,False,0.706,131,Plates,6,2.07,24,12.4,5.9,True,2,0,0.466,3,34.1,60.3,Spring,Tuesday,False
2025-05-27,Breakfast,61,False,0.706,84,Glassware,5,2.01,20,10.1,4.1,False,0,0,0.348,3,25.6,49.1,Spring,Tuesday,False
2025-05-27,Breakfast,61,False,0.706,173,Cutlery,4,2.17,45,8.7,0.0,True,3,0,0.343,3,30.8,38.7,Spring,Tuesday,False
2025-05-27,Breakfast,61,False,0.706,15,Cookware,2,2.3,10,4.6,6.0,False,0,0,0.25,3,8.5,23.7,Spring,Tuesday,False
2025-05-27,Lunch,36,False,0.706,78,Plates,4,2.06,24,8.3,0.0,True,1,0,0.276,2,20.8,39.1,Spring,Tuesday,False
2025-05-27,Lunch,36,False,0.706,55,Glassware,3,2.07,20,6.2,2.2,False,0,0,0.25,2,16.1,33.0,Spring,Tuesday,False
2025-05-27,Lunch,36,False,0.706,100,Cutlery,3,2.23,45,6.7,0.0,True,1,0,0.25,2,20.0,28.6,Spring,Tuesday,False
2025-05-27,Lunch,36,False,0.706,5,Cookware,1,2.4,10,2.4,3.2,False,0,0,0.25,2,3.9,10.9,Spring,Tuesday,False
2025-05-27,Dinner,91,False,0.706,197,Plates,9,2.13,24,19.2,10.9,True,2,0,0.907,3,48.7,96.5,Spring,Tuesday,True
2025-05-27,Dinner,91,False,0.706,135,Glassware,7,2.01,20,14.1,5.2,True,4,0,0.703,3,34.8,64.5,Spring,Tuesday,True
2025-05-27,Dinner,91,False,0.706,246,Cutlery,6,1.96,45,11.8,6.7,True,6,0,0.555,3,42.5,54.1,Spring,Tuesday,True
2025-05-27,Dinner,91,False,0.706,5,Cookware,1,2.56,10,2.6,1.3,False,0,0,0.25,3,3.8,10.4,Spring,Tuesday,True
2025-05-28,Breakfast,66,False,0.719,142,Plates,6,2.15,24,12.9,4.5,False,0,0,0.523,3,33.9,62.6,Spring,Wednesday,False
2025-05-28,Breakfast,66,False,0.719,92,Glassware,5,2.0,20,10.0,0.0,True,4,0,0.379,3,25.6,53.1,Spring,Wednesday,False
2025-05-28,Breakfast,66,False,0.719,183,Cutlery,5,1.85,45,9.2,2.8,True,2,1,0.309,3,32.7,50.7,Spring,Wednesday,False
2025-05-28,Breakfast,66,False,0.719,12,Cookware,2,2.39,10,4.8,0.8,True,1,0,0.25,3,7.6,19.8,Spring,Wednesday,False
2025-05-28,Lunch,45,False,0.719,100,Plates,5,2.09,24,10.4,1.9,True,4,0,0.358,3,24.8,53.6,Spring,Wednesday,False
2025-05-28,Lunch,45,False,0.719,67,Glassware,4,1.96,20,7.8,1.7,True,1,0,0.27,3,21.2,37.5,Spring,Wednesday,False
2025-05-28,Lunch,45,False,0.719,127,Cutlery,3,2.04,45,6.1,2.2,True,1,0,0.25,3,21.6,31.6,Spring,Wednesday,False
2025-05-28,Lunch,45,False,0.719,7,Cookware,1,2.84,10,2.8,4.6,False,0,0,0.25,3,4.3,8.9,Spring,Wednesday,False
2025-05-28,Dinner,97,False,0.719,211,Plates,9,1.9,24,17.1,7.9,True,8,1,0.865,3,48.1,88.5,Spring,Wednesday,True
2025-05-28,Dinner,97,False,0.719,137,Glassware,7,2.09,20,14.6,9.0,True,2,0,0.742,3,38.2,69.0,Spring,Wednesday,True
2025-05-28,Dinner,97,False,0.719,259,Cutlery,6,2.02,45,12.1,6.6,True,8,0,0.601,3,46.0,58.6,Spring,Wednesday,True
2025-05-28,Dinner,97,False,0.719,18,Cookware,2,2.69,10,5.4,0.0,True,1,0,0.251,3,9.4,18.4,Spring,Wednesday,True
2025-05-29,Breakfast,51,False,0.76,111,Plates,5,2.06,24,10.3,6.0,True,1,0,0.393,3,28.0,61.8,Spring,Thursday,False
2025-05-29,Breakfast,51,False,0.76,71,Glassware,4,1.97,20,7.9,6.9,False,0,0,0.288,3,20.7,35.7,Spring,Thursday,False
2025-05-29,Breakfast,51,False,0.76,137,Cutlery,4,2.08,45,8.3,4.1,True,5,0,0.261,3,25.7,37.6,Spring,Thursday,False
2025-05-29,Breakfast,51,False,0.76,18,Cookware,2,2.55,10,5.1,2.1,False,0,0,0.25,3,9.2,20.9,Spring,Thursday,False
2025-05-29,Lunch,48,False,0.76,98,Plates,5,2.09,24,10.5,5.4,True,2,0,0.352,3,27.3,44.0,Spring,Thursday,False
2025-05-29,Lunch,48,False,0.76,71,Glassware,4,2.14,20,8.6,2.1,True,1,0,0.313,3,19.2,41.4,Spring,Thursday,False
2025-05-29,Lunch,48,False,0.76,132,Cutlery,3,2.13,45,6.4,1.5,True,2,1,0.257,3,21.6,32.3,Spring,Thursday,False
2025-05-29,Lunch,48,False,0.76,15,Cookware,2,2.6,10,5.2,6.2,False,0,0,0.25,3,8.7,21.4,Spring,Thursday,False
2025-05-29,Dinner,86,False,0.76,184,Plates,8,2.13,24,17.0,11.6,True,4,0,0.845,3,45.6,86.8,Spring,Thursday,True
2025-05-29,Dinner,86,False,0.76,121,Glassware,7,2.02,20,14.2,4.2,False,0,0,0.634,3,34.8,78.3,Spring,Thursday,True
2025-05-29,Dinner,86,False,0.76,237,Cutlery,6,2.05,45,12.3,0.0,True,2,0,0.561,3,42.3,51.3,Spring,Thursday,True
2025-05-29,Dinner,86,False,0.76,14,Cookware,2,2.42,10,4.8,0.0,False,0,0,0.25,3,9.5,21.1,Spring,Thursday,True
2025-05-30,Breakfast,87,False,0.719,189,Plates,8,2.12,24,17.0,2.7,True,3,0,0.689,3,44.1,86.5,Spring,Friday,False
2025-05-30,Breakfast,87,False,0.719,123,Glassware,7,2.05,20,14.4,0.0,True,2,0,0.52,3,36.8,65.6,Spring,Friday,False
2025-05-30,Breakfast,87,False,0.719,240,Cutlery,6,2.21,45,13.3,1.5,True,3,0,0.485,3,43.7,57.0,Spring,Friday,False
2025-05-30,Breakfast,87,False,0.719,16,Cookware,2,2.52,10,5.0,3.3,True,2,0,0.25,3,8.4,21.8,Spring,Friday,False
2025-05-30,Lunch,64,False,0.719,146,Plates,7,2.09,24,14.6,2.2,True,3,0,0.522,3,38.2,76.7,Spring,Friday,False
2025-05-30,Lunch,64,False,0.719,97,Glassware,5,2.19,20,11.0,0.0,True,1,0,0.438,3,26.8,52.4,Spring,Friday,False
2025-05-30,Lunch,64,False,0.719,179,Cutlery,4,2.16,45,8.6,0.0,True,4,1,0.353,3,28.4,42.8,Spring,Friday,False
2025-05-30,Lunch,64,False,0.719,5,Cookware,1,2.54,10,2.5,0.2,False,0,0,0.25,3,4.4,11.6,Spring,Friday,False
2025-05-30,Dinner,96,False,0.719,202,Plates,9,2.11,24,19.0,12.7,True,3,0,0.921,3,44.7,88.1,Spring,Friday,True
2025-05-30,Dinner,96,False,0.719,138,Glassware,7,2.28,20,16.0,8.8,True,2,0,0.816,3,40.5,71.5,Spring,Friday,True
2025-05-30,Dinner,96,False,0.719,265,Cutlery,6,2.13,45,12.8,3.4,True,7,0,0.652,3,43.6,63.4,Spring,Friday,True
2025-05-30,Dinner,96,False,0.719,23,Cookware,3,2.46,10,7.4,3.6,True,2,0,0.293,3,14.7,29.4,Spring,Friday,True
2025-05-31,Breakfast,82,False,0.734,171,Plates,8,2.07,24,16.6,3.8,True,6,0,0.607,3,44.2,82.8,Spring,Saturday,False
2025-05-31,Breakfast,82,False,0.734,112,Glassware,6,2.2,20,13.2,2.0,False,0,0,0.507,3,32.0,68.6,Spring,Saturday,False
2025-05-31,Breakfast,82,False,0.734,235,Cutlery,6,2.18,45,13.1,3.5,True,7,1,0.469,3,41.3,61.7,Spring,Saturday,False
2025-05-31,Breakfast,82,False,0.734,31,Cookware,4,2.47,10,9.9,4.8,True,2,0,0.315,3,18.1,44.8,Spring,Saturday,False
2025-05-31,Lunch,65,False,0.734,147,Plates,7,2.07,24,14.5,1.9,True,3,0,0.523,3,38.0,79.8,Spring,Saturday,False
2025-05-31,Lunch,65,False,0.734,92,Glassware,5,1.97,20,9.8,3.5,True,2,0,0.373,3,25.0,56.0,Spring,Saturday,False
2025-05-31,Lunch,65,False,0.734,180,Cutlery,4,2.34,45,9.4,0.0,True,6,0,0.385,3,29.0,37.2,Spring,Saturday,False
2025-05-31,Lunch,65,False,0.734,11,Cookware,2,2.51,10,5.0,5.3,False,0,0,0.25,3,7.9,19.0,Spring,Saturday,False
2025-05-31,Dinner,123,False,0.734,292,Plates,13,2.11,24,27.4,13.9,True,14,0,1.25,3,66.6,133.6,Spring,Saturday,True
2025-05-31,Dinner,123,False,0.734,199,Glassware,10,2.0,20,20.0,15.1,True,4,0,1.033,3,55.2,96.7,Spring,Saturday,True
2025-05-31,Dinner,123,False,0.734,354,Cutlery,8,2.14,45,17.1,5.8,True,8,1,0.871,3,59.9,88.5,Spring,Saturday,True
2025-05-31,Dinner,123,False,0.734,26,Cookware,3,2.61,10,7.8,2.7,False,0,1,0.351,3,12.1,24.3,Spring,Saturday,True
2025-06-01,Breakfast,74,False,0.848,164,Plates,7,2.05,24,14.4,6.2,True,2,0,0.577,3,39.4,82.7,Summer,Sunday,False
2025-06-01,Breakfast,74,False,0.848,112,Glassware,6,2.08,20,12.5,2.1,True,1,0,0.48,3,31.7,59.5,Summer,Sunday,False
2025-06-01,Breakfast,74,False,0.848,202,Cutlery,5,1.83,45,9.1,5.4,True,2,1,0.338,3,34.8,52.7,Summer,Sunday,False
2025-06-01,Breakfast,74,False,0.848,19,Cookware,2,2.31,10,4.6,1.4,True,1,0,0.25,3,8.0,19.3,Summer,Sunday,False
2025-06-01,Lunch,65,False,0.848,149,Plates,7,2.12,24,14.8,5.9,True,3,0,0.542,3,38.5,72.2,Summer,Sunday,False
2025-06-01,Lunch,65,False,0.848,92,Glassware,5,2.0,20,10.0,3.4,True,4,1,0.38,3,27.1,55.9,Summer,Sunday,False
2025-06-01,Lunch,65,False,0.848,177,Cutlery,4,2.27,45,9.1,3.3,True,5,0,0.367,3,28.8,41.5,Summer,Sunday,False
2025-06-01,Lunch,65,False,0.848,13,Cookware,2,2.5,10,5.0,3.2,False,0,0,0.25,3,8.6,23.3,Summer,Sunday,False
2025-06-01,Dinner,109,False,0.848,246,Plates,11,2.21,24,24.3,20.5,True,12,0,1.173,3,63.2,122.1,Summer,Sunday,True
2025-06-01,Dinner,109,False,0.848,166,Glassware,9,2.13,20,19.2,11.7,True,5,0,0.918,3,48.3,81.2,Summer,Sunday,True
2025-06-01,Dinner,109,False,0.848,316,Cutlery,8,2.15,45,17.2,1.2,True,5,0,0.785,3,56.1,83.9,Summer,Sunday,True
2025-06-01,Dinner,109,False,0.848,34,Cookware,4,2.45,10,9.8,3.4,True,1,0,0.431,3,19.5,36.3,Summer,Sunday,True
2025-06-02,Breakfast,82,False,0.793,186,Plates,8,2.13,24,17.1,3.7,True,3,0,0.68,3,46.8,84.8,Summer,Monday,False
2025-06-02,Breakfast,82,False,0.793,113,Glassware,6,2.04,20,12.2,1.1,True,1,0,0.475,3,32.2,58.5,Summer,Monday,False
2025-06-02,Breakfast,82,False,0.793,224,Cutlery,5,1.95,45,9.8,0.5,True,6,0,0.4,3,35.4,37.7,Summer,Monday,False
2025-06-02,Breakfast,82,False,0.793,14,Cookware,2,2.39,10,4.8,3.3,True,1,0,0.25,3,8.8,19.7,Summer,Monday,False
2025-06-02,Lunch,68,False,0.793,153,Plates,7,1.97,24,13.8,0.6,False,0,0,0.517,3,37.4,82.9,Summer,Monday,False
2025-06-02,Lunch,68,False,0.793,88,Glassware,5,2.26,20,11.3,1.1,False,0,1,0.409,3,27.7,45.1,Summer,Monday,False
2025-06-02,Lunch,68,False,0.793,183,Cutlery,5,2.12,45,10.6,0.7,True,1,1,0.355,3,33.8,47.2,Summer,Monday,False
2025-06-02,Lunch,68,False,0.793,15,Cookware,2,2.43,10,4.9,0.7,True,1,0,0.25,3,8.4,16.1,Summer,Monday,False
2025-06-02,Dinner,110,False,0.793,238,Plates,10,1.73,24,17.3,9.8,True,3,0,0.888,3,58.6,106.5,Summer,Monday,True
2025-06-02,Dinner,110,False,0.793,148,Glassware,8,2.0,20,16.0,0.0,True,2,0,0.766,3,40.7,83.1,Summer,Monday,True
2025-06-02,Dinner,110,False,0.793,310,Cutlery,7,2.11,45,14.8,8.2,True,7,0,0.754,3,54.2,70.5,Summer,Monday,True
2025-06-02,Dinner,110,False,0.793,30,Cookware,3,2.46,10,7.4,2.7,False,0,0,0.382,3,13.1,22.7,Summer,Monday,True
2025-06-03,Breakfast,101,False,0.891,246,Plates,11,1.92,24,21.2,9.0,True,5,0,0.812,3,58.5,93.3,Summer,Tuesday,False
2025-06-03,Breakfast,101,False,0.891,139,Glassware,7,2.07,20,14.5,6.2,True,3,0,0.591,3,36.7,77.9,Summer,Tuesday,False
2025-06-03,Breakfast,101,False,0.891,285,Cutlery,7,1.99,45,13.9,1.1,True,8,1,0.519,3,49.9,56.0,Summer,Tuesday,False
2025-06-03,Breakfast,101,False,0.891,36,Cookware,4,2.51,10,10.0,4.1,True,2,0,0.372,3,17.7,45.5,Summer,Tuesday,False
2025-06-03,Lunch,42,False,0.891,91,Plates,4,1.96,24,7.9,3.5,True,2,0,0.306,2,22.2,41.0,Summer,Tuesday,False
2025-06-03,Lunch,42,False,0.891,56,Glassware,3,1.93,20,5.8,6.2,True,1,0,0.25,2,16.2,31.7,Summer,Tuesday,False
2025-06-03,Lunch,42,False,0.891,118,Cutlery,3,1.99,45,6.0,4.8,False,0,0,0.25,2,21.0,30.3,Summer,Tuesday,False
2025-06-03,Lunch,42,False,0.891,13,Cookware,2,2.52,10,5.0,3.8,False,0,0,0.25,2,8.6,19.6,Summer,Tuesday,False
2025-06-03,Dinner,116,False,0.891,254,Plates,11,2.13,24,23.5,17.3,True,8,0,1.171,3,60.3,119.1,Summer,Tuesday,True
2025-06-03,Dinner,116,False,0.891,171,Glassware,9,2.13,20,19.1,9.7,True,5,0,0.943,3,47.5,84.6,Summer,Tuesday,True
2025-06-03,Dinner,116,False,0.891,328,Cutlery,8,2.11,45,16.9,7.4,True,5,1,0.799,3,61.8,84.2,Summer,Tuesday,True
2025-06-03,Dinner,116,False,0.891,5,Cookware,1,2.2,10,2.2,4.3,False,0,0,0.25,3,4.6,10.5,Summer,Tuesday,True
2025-06-04,Breakfast,88,False,0.818,188,Plates,8,2.16,24,17.3,3.1,True,1,0,0.696,3,46.3,65.0,Summer,Wednesday,False
2025-06-04,Breakfast,88,False,0.818,112,Glassware,6,2.05,20,12.3,0.0,True,2,0,0.473,3,30.7,62.4,Summer,Wednesday,False
2025-06-04,Breakfast,88,False,0.818,232,Cutlery,6,2.13,45,12.8,4.4,True,5,2,0.452,3,42.2,54.8,Summer,Wednesday,False
2025-06-04,Breakfast,88,False,0.818,19,Cookware,2,2.55,10,5.1,1.6,False,0,0,0.25,3,9.4,19.6,Summer,Wednesday,False
2025-06-04,Lunch,67,False,0.818,153,Plates,7,2.1,24,14.7,0.8,True,1,0,0.552,3,39.7,78.2,Summer,Wednesday,False
2025-06-04,Lunch,67,False,0.818,94,Glassware,5,2.16,20,10.8,3.1,True,3,0,0.418,3,25.3,47.2,Summer,Wednesday,False
2025-06-04,Lunch,67,False,0.818,193,Cutlery,5,2.13,45,10.7,5.0,True,5,0,0.377,3,34.6,47.9,Summer,Wednesday,False
2025-06-04,Lunch,67,False,0.818,9,Cookware,1,2.56,10,2.6,2.7,False,0,0,0.25,3,4.6,10.6,Summer,Wednesday,False
2025-06-04,Dinner,100,False,0.818,211,Plates,9,2.17,24,19.5,13.5,True,6,0,0.99,3,53.5,93.7,Summer,Wednesday,True
2025-06-04,Dinner,100,False,0.818,143,Glassware,8,2.24,20,17.9,9.2,True,1,1,0.831,3,39.8,65.8,Summer,Wednesday,True
2025-06-04,Dinner,100,False,0.818,276,Cutlery,7,1.85,45,13.0,4.6,True,3,0,0.59,3,48.2,65.2,Summer,Wednesday,True
2025-06-04,Dinner,100,False,0.818,13,Cookware,2,2.52,10,5.0,1.1,False,0,0,0.25,3,9.4,24.7,Summer,Wednesday,True
2025-06-05,Breakfast,88,False,0.838,194,Plates,9,2.09,24,18.8,3.0,True,5,0,0.695,3,48.0,94.6,Summer,Thursday,False
2025-06-05,Breakfast,88,False,0.838,124,Glassware,7,2.06,20,14.5,2.0,True,4,1,0.527,3,37.0,63.4,Summer,Thursday,False
2025-06-05,Breakfast,88,False,0.838,236,Cutlery,6,2.03,45,12.2,1.3,True,5,1,0.438,3,40.4,56.5,Summer,Thursday,False
2025-06-05,Breakfast,88,False,0.838,19,Cookware,2,2.6,10,5.2,8.7,False,0,0,0.25,3,9.2,21.8,Summer,Thursday,False
2025-06-05,Lunch,57,False,0.838,127,Plates,6,2.08,24,12.5,0.0,True,3,0,0.452,3,31.0,64.9,Summer,Thursday,False
2025-06-05,Lunch,57,False,0.838,68,Glassware,4,2.1,20,8.4,3.0,True,3,0,0.294,3,21.8,48.6,Summer,Thursday,False
2025-06-05,Lunch,57,False,0.838,154,Cutlery,4,2.18,45,8.7,8.2,True,2,0,0.307,3,28.2,40.9,Summer,Thursday,False
2025-06-05,Lunch,57,False,0.838,19,Cookware,2,2.59,10,5.2,3.1,False,0,0,0.25,3,8.9,22.2,Summer,Thursday,False
2025-06-05,Dinner,101,False,0.838,218,Plates,10,2.13,24,21.3,13.8,True,3,0,1.003,3,54.1,110.2,Summer,Thursday,True
2025-06-05,Dinner,101,False,0.838,141,Glassware,8,2.17,20,17.4,3.6,True,5,1,0.793,3,39.9,81.8,Summer,Thursday,True
2025-06-05,Dinner,101,False,0.838,283,Cutlery,7,2.11,45,14.8,7.9,True,6,0,0.688,3,49.0,69.6,Summer,Thursday,True
2025-06-05,Dinner,101,False,0.838,24,Cookware,3,2.25,10,6.7,0.5,True,1,0,0.28,3,14.9,31.2,Summer,Thursday,True
2025-06-06,Breakfast,87,False,0.808,194,Plates,9,2.03,24,18.2,0.0,True,5,0,0.674,3,49.9,92.5,Summer,Friday,False
2025-06-06,Breakfast,87,False,0.808,130,Glassware,7,2.33,20,16.3,6.9,False,0,1,0.624,3,35.8,71.2,Summer,Friday,False
2025-06-06,Breakfast,87,False,0.808,243,Cutlery,6,2.12,45,12.7,0.7,True,9,0,0.472,3,43.5,58.6,Summer,Friday,False
2025-06-06,Breakfast,87,False,0.808,14,Cookware,2,2.24,10,4.5,0.0,False,0,0,0.25,3,8.5,23.1,Summer,Friday,False
2025-06-06,Lunch,55,False,0.808,118,Plates,5,2.09,24,10.4,5.4,True,1,0,0.422,3,28.2,56.6,Summer,Friday,False
2025-06-06,Lunch,55,False,0.808,81,Glassware,5,2.24,20,11.2,6.0,False,0,0,0.373,3,24.1,51.2,Summer,Friday,False
2025-06-06,Lunch,55,False,0.808,155,Cutlery,4,2.11,45,8.4,3.0,False,0,0,0.299,3,27.1,37.6,Summer,Friday,False
2025-06-06,Lunch,55,False,0.808,16,Cookware,2,2.36,10,4.7,4.2,False,0,0,0.25,3,10.2,17.3,Summer,Friday,False
2025-06-06,Dinner,81,False,0.808,173,Plates,8,2.18,24,17.5,4.0,True,2,0,0.816,3,47.0,75.1,Summer,Friday,True
2025-06-06,Dinner,81,False,0.808,106,Glassware,6,2.1,20,12.6,6.1,False,0,0,0.578,3,30.8,60.2,Summer,Friday,True
2025-06-06,Dinner,81,False,0.808,222,Cutlery,5,2.04,45,10.2,6.6,True,4,1,0.522,3,36.9,37.9,Summer,Friday,True
2025-06-06,Dinner,81,False,0.808,23,Cookware,3,2.29,10,6.9,0.8,True,2,0,0.273,3,13.1,27.0,Summer,Friday,True
2025-06-07,Breakfast,83,False,0.839,190,Plates,8,2.07,24,16.6,3.5,True,4,0,0.676,3,41.2,87.5,Summer,Saturday,False
2025-06-07,Breakfast,83,False,0.839,116,Glassware,6,1.82,20,10.9,2.7,True,4,0,0.435,3,31.9,52.8,Summer,Saturday,False
2025-06-07,Breakfast,83,False,0.839,231,Cutlery,6,2.14,45,12.9,6.9,True,5,0,0.453,3,39.6,64.2,Summer,Saturday,False
2025-06-07,Breakfast,83,False,0.839,23,Cookware,3,2.35,10,7.0,6.1,True,3,0,0.25,3,13.8,31.1,Summer,Saturday,False
2025-06-07,Lunch,69,False,0.839,148,Plates,7,2.25,24,15.7,2.3,True,1,0,0.571,3,37.7,85.2,Summer,Saturday,False
2025-06-07,Lunch,69,False,0.839,105,Glassware,6,2.06,20,12.3,0.2,True,1,1,0.444,3,31.7,61.9,Summer,Saturday,False
2025-06-07,Lunch,69,False,0.839,196,Cutlery,5,2.23,45,11.2,0.0,True,5,0,0.401,3,34.0,53.0,Summer,Saturday,False
2025-06-07,Lunch,69,False,0.839,6,Cookware,1,2.47,10,2.5,0.0,False,0,0,0.25,3,4.1,8.7,Summer,Saturday,False
2025-06-07,Dinner,114,False,0.839,252,Plates,11,2.02,24,22.2,24.1,True,4,1,1.1,3,59.9,130.1,Summer,Saturday,True
2025-06-07,Dinner,114,False,0.839,161,Glassware,9,2.18,20,19.6,12.6,True,1,1,0.909,3,47.2,96.6,Summer,Saturday,True
2025-06-07,Dinner,114,False,0.839,324,Cutlery,8,2.25,45,18.0,7.5,True,12,1,0.84,3,56.6,86.4,Summer,Saturday,True
2025-06-07,Dinner,114,False,0.839,27,Cookware,3,2.47,10,7.4,4.5,False,0,0,0.346,3,13.3,30.2,Summer,Saturday,True
2025-06-08,Breakfast,71,False,0.752,161,Plates,7,1.93,24,13.5,0.0,True,4,0,0.533,3,42.0,69.9,Summer,Sunday,False
2025-06-08,Breakfast,71,False,0.752,104,Glassware,6,2.36,20,14.2,4.3,True,4,0,0.506,3,32.6,61.2,Summer,Sunday,False
2025-06-08,Breakfast,71,False,0.752,206,Cutlery,5,2.01,45,10.1,1.8,True,4,0,0.379,3,34.8,48.5,Summer,Sunday,False
2025-06-08,Breakfast,71,False,0.752,10,Cookware,1,2.48,10,2.5,1.3,True,1,0,0.25,3,4.8,10.5,Summer,Sunday,False
2025-06-08,Lunch,47,False,0.752,100,Plates,5,1.95,24,9.8,4.6,True,5,0,0.335,3,28.9,46.8,Summer,Sunday,False
2025-06-08,Lunch,47,False,0.752,71,Glassware,4,2.04,20,8.2,2.8,False,0,0,0.299,3,21.4,44.5,Summer,Sunday,False
2025-06-08,Lunch,47,False,0.752,124,Cutlery,3,2.06,45,6.2,2.6,True,3,0,0.25,3,21.5,33.3,Summer,Sunday,False
2025-06-08,Lunch,47,False,0.752,9,Cookware,1,2.43,10,2.4,2.2,False,0,0,0.25,3,4.2,9.4,Summer,Sunday,False
2025-06-08,Dinner,91,False,0.752,211,Plates,9,2.41,24,21.7,17.6,True,8,1,1.097,3,48.4,86.1,Summer,Sunday,True
2025-06-08,Dinner,91,False,0.752,135,Glassware,7,2.07,20,14.5,0.0,True,1,0,0.726,3,36.3,58.8,Summer,Sunday,True
2025-06-08,Dinner,91,False,0.752,252,Cutlery,6,2.17,45,13.0,0.0,True,3,0,0.631,3,41.5,45.3,Summer,Sunday,True
2025-06-08,Dinner,91,False,0.752,25,Cookware,3,2.47,10,7.4,5.4,False,0,0,0.32,3,13.7,27.0,Summer,Sunday,True
2025-06-09,Breakfast,79,False,0.818,176,Plates,8,2.07,24,16.5,3.1,True,4,1,0.624,3,42.5,70.7,Summer,Monday,False
2025-06-09,Breakfast,79,False,0.818,101,Glassware,6,2.04,20,12.2,3.5,True,1,0,0.424,3,31.6,55.2,Summer,Monday,False
2025-06-09,Breakfast,79,False,0.818,222,Cutlery,5,2.24,45,11.2,0.0,True,2,1,0.456,3,34.8,54.5,Summer,Monday,False
2025-06-09,Breakfast,79,False,0.818,9,Cookware,1,2.53,10,2.5,3.0,True,1,0,0.25,3,5.0,10.2,Summer,Monday,False
2025-06-09,Lunch,55,False,0.818,124,Plates,6,2.16,24,13.0,4.8,True,1,0,0.459,3,32.9,62.2,Summer,Monday,False
2025-06-09,Lunch,55,False,0.818,83,Glassware,5,2.16,20,10.8,5.2,True,1,0,0.368,3,25.3,50.7,Summer,Monday,False
2025-06-09,Lunch,55,False,0.818,155,Cutlery,4,2.02,45,8.1,4.5,True,3,0,0.287,3,28.7,40.3,Summer,Monday,False
2025-06-09,Lunch,55,False,0.818,13,Cookware,2,2.47,10,4.9,7.3,False,0,0,0.25,3,8.7,23.2,Summer,Monday,False
2025-06-09,Dinner,92,False,0.818,211,Plates,9,2.36,24,21.2,13.2,True,8,1,1.075,3,52.3,88.0,Summer,Monday,True
2025-06-09,Dinner,92,False,0.818,127,Glassware,7,2.11,20,14.8,5.8,True,2,0,0.695,3,34.9,73.0,Summer,Monday,True
2025-06-09,Dinner,92,False,0.818,263,Cutlery,6,1.85,45,11.1,0.0,True,1,1,0.561,3,46.6,58.2,Summer,Monday,True
2025-06-09,Dinner,92,False,0.818,7,Cookware,1,2.46,10,2.5,0.0,False,0,0,0.25,3,4.3,9.0,Summer,Monday,True
2025-06-10,Breakfast,86,False,0.823,190,Plates,8,2.15,24,17.2,5.9,True,4,0,0.7,3,46.3,74.9,Summer,Tuesday,False
2025-06-10,Breakfast,86,False,0.823,110,Glassware,6,2.1,20,12.6,0.4,True,3,0,0.476,3,33.3,67.4,Summer,Tuesday,False
2025-06-10,Breakfast,86,False,0.823,238,Cutlery,6,2.2,45,13.2,0.0,True,4,1,0.48,3,43.0,59.4,Summer,Tuesday,False
2025-06-10,Breakfast,86,False,0.823,22,Cookware,3,2.42,10,7.3,6.0,False,0,0,0.25,3,13.9,26.2,Summer,Tuesday,False
2025-06-10,Lunch,32,False,0.823,74,Plates,4,2.22,24,8.9,2.8,False,0,0,0.281,2,21.3,38.1,Summer,Tuesday,False
2025-06-10,Lunch,32,False,0.823,48,Glassware,3,1.99,20,6.0,4.7,False,0,0,0.25,2,16.1,33.8,Summer,Tuesday,False
2025-06-10,Lunch,32,False,0.823,97,Cutlery,3,2.09,45,6.3,0.0,True,4,0,0.25,2,18.9,29.0,Summer,Tuesday,False
2025-06-10,Lunch,32,False,0.823,14,Cookware,2,2.53,10,5.1,0.0,False,0,0,0.25,2,8.4,20.0,Summer,Tuesday,False
2025-06-10,Dinner,99,False,0.823,220,Plates,10,2.02,24,20.2,11.1,True,5,0,0.959,3,57.2,95.2,Summer,Tuesday,True
2025-06-10,Dinner,99,False,0.823,136,Glassware,7,2.45,20,17.2,3.0,True,4,0,0.865,3,37.9,73.1,Summer,Tuesday,True
2025-06-10,Dinner,99,False,0.823,278,Cutlery,7,2.14,45,15.0,6.2,True,8,2,0.686,3,48.4,67.1,Summer,Tuesday,True
2025-06-10,Dinner,99,False,0.823,11,Cookware,2,2.56,10,5.1,2.2,False,0,0,0.25,3,8.9,18.5,Summer,Tuesday,True
2025-06-11,Breakfast,91,False,0.825,183,Plates,8,2.33,24,18.6,6.6,True,5,0,0.73,3,46.5,81.5,Summer,Wednesday,False
2025-06-11,Breakfast,91,False,0.825,113,Glassware,6,2.01,20,12.1,2.9,True,4,0,0.469,3,31.5,54.2,Summer,Wednesday,False
2025-06-11,Breakfast,91,False,0.825,253,Cutlery,6,2.0,45,12.0,5.0,False,0,1,0.464,3,45.7,57.5,Summer,Wednesday,False
2025-06-11,Breakfast,91,False,0.825,20,Cookware,2,2.41,10,4.8,0.5,True,3,0,0.25,3,9.3,20.9,Summer,Wednesday,False
2025-06-11,Lunch,61,False,0.825,135,Plates,6,1.99,24,11.9,0.0,True,2,0,0.46,3,32.1,59.2,Summer,Wednesday,False
2025-06-11,Lunch,61,False,0.825,83,Glassware,5,2.2,20,11.0,1.3,True,1,1,0.376,3,24.7,44.0,Summer,Wednesday,False
2025-06-11,Lunch,61,False,0.825,162,Cutlery,4,1.99,45,7.9,3.1,True,4,0,0.294,3,27.5,39.1,Summer,Wednesday,False
2025-06-11,Lunch,61,False,0.825,22,Cookware,3,2.42,10,7.2,3.7,True,2,0,0.25,3,13.9,27.2,Summer,Wednesday,False
2025-06-11,Dinner,91,False,0.825,206,Plates,9,2.14,24,19.2,15.3,True,5,0,0.951,3,49.6,87.1,Summer,Wednesday,True
2025-06-11,Dinner,91,False,0.825,128,Glassware,7,2.18,20,15.3,0.0,True,3,1,0.724,3,38.5,71.9,Summer,Wednesday,True
2025-06-11,Dinner,91,False,0.825,244,Cutlery,6,2.17,45,13.0,2.2,True,2,0,0.61,3,42.7,53.0,Summer,Wednesday,True
2025-06-11,Dinner,91,False,0.825,28,Cookware,3,2.58,10,7.7,3.1,True,3,0,0.375,3,13.0,35.6,Summer,Wednesday,True
2025-06-12,Breakfast,87,False,0.786,189,Plates,8,2.22,24,17.8,3.6,True,2,0,0.72,3,45.3,73.0,Summer,Thursday,False
2025-06-12,Breakfast,87,False,0.786,113,Glassware,6,2.31,20,13.9,2.1,True,8,0,0.538,3,32.7,58.9,Summer,Thursday,False
2025-06-12,Breakfast,87,False,0.786,242,Cutlery,6,1.99,45,12.0,0.0,True,5,0,0.441,3,42.1,58.7,Summer,Thursday,False
2025-06-12,Breakfast,87,False,0.786,19,Cookware,2,2.47,10,4.9,4.9,True,1,0,0.25,3,8.5,17.8,Summer,Thursday,False
2025-06-12,Lunch,66,False,0.786,152,Plates,7,2.11,24,14.8,1.3,True,2,0,0.551,3,38.2,69.4,Summer,Thursday,False
2025-06-12,Lunch,66,False,0.786,86,Glassware,5,2.15,20,10.7,2.2,True,1,0,0.38,3,24.9,57.4,Summer,Thursday,False
2025-06-12,Lunch,66,False,0.786,175,Cutlery,4,2.09,45,8.4,0.0,False,0,0,0.335,3,28.8,48.2,Summer,Thursday,False
2025-06-12,Lunch,66,False,0.786,14,Cookware,2,2.59,10,5.2,1.0,False,0,0,0.25,3,8.6,16.6,Summer,Thursday,False
2025-06-12,Dinner,102,False,0.786,220,Plates,10,1.87,24,18.7,8.8,True,4,0,0.89,3,56.9,112.2,Summer,Thursday,True
2025-06-12,Dinner,102,False,0.786,136,Glassware,7,2.21,20,15.5,0.0,True,1,0,0.778,3,35.2,66.5,Summer,Thursday,True
2025-06-12,Dinner,102,False,0.786,291,Cutlery,7,2.04,45,14.3,1.9,True,6,1,0.685,3,49.8,73.0,Summer,Thursday,True
2025-06-12,Dinner,102,False,0.786,21,Cookware,3,2.35,10,7.1,1.7,True,4,0,0.256,3,12.4,30.8,Summer,Thursday,True
2025-06-13,Breakfast,100,False,0.91,233,Plates,10,1.89,24,18.9,10.3,True,3,1,0.757,3,58.1,106.3,Summer,Friday,False
2025-06-13,Breakfast,100,False,0.91,141,Glassware,8,1.9,20,15.2,0.0,True,3,0,0.55,3,41.6,84.1,Summer,Friday,False
2025-06-13,Breakfast,100,False,0.91,274,Cutlery,7,2.18,45,15.3,0.0,True,3,0,0.547,3,48.1,70.4,Summer,Friday,False
2025-06-13,Breakfast,100,False,0.91,30,Cookware,3,2.5,10,7.5,4.2,True,1,0,0.308,3,13.1,24.3,Summer,Friday,False
2025-06-13,Lunch,49,False,0.91,108,Plates,5,2.09,24,10.5,5.0,True,3,1,0.388,3,28.1,50.9,Summer,Friday,False
2025-06-13,Lunch,49,False,0.91,72,Glassware,4,1.94,20,7.8,0.0,True,2,0,0.287,3,20.8,47.6,Summer,Friday,False
2025-06-13,Lunch,49,False,0.91,133,Cutlery,3,2.1,45,6.3,0.0,True,3,0,0.255,3,22.6,32.0,Summer,Friday,False
2025-06-13,Lunch,49,False,0.91,17,Cookware,2,2.66,10,5.3,3.3,False,0,0,0.25,3,8.6,18.1,Summer,Friday,False
2025-06-13,Dinner,134,False,0.91,277,Plates,12,2.13,24,25.5,24.4,True,12,1,1.25,4,69.8,114.3,Summer,Friday,True
2025-06-13,Dinner,134,False,0.91,177,Glassware,9,1.94,20,17.4,9.1,True,5,0,0.889,4,50.4,106.6,Summer,Friday,True
2025-06-13,Dinner,134,False,0.91,383,Cutlery,9,2.13,45,19.2,7.1,True,5,0,0.94,4,63.9,94.0,Summer,Friday,True
2025-06-13,Dinner,134,False,0.91,35,Cookware,4,2.4,10,9.6,8.9,False,0,0,0.436,4,19.8,33.9,Summer,Friday,True
2025-06-14,Breakfast,83,False,0.738,196,Plates,9,2.12,24,19.1,7.6,True,4,0,0.713,3,50.3,91.4,Summer,Saturday,False
2025-06-14,Breakfast,83,False,0.738,112,Glassware,6,2.34,20,14.0,8.1,True,5,0,0.539,3,32.6,55.7,Summer,Saturday,False
2025-06-14,Breakfast,83,False,0.738,221,Cutlery,5,2.06,45,10.3,0.9,True,4,0,0.416,3,37.1,55.0,Summer,Saturday,False
2025-06-14,Breakfast,83,False,0.738,17,Cookware,2,2.51,10,5.0,1.9,True,1,0,0.25,3,9.1,18.4,Summer,Saturday,False
2025-06-14,Lunch,50,False,0.738,102,Plates,5,1.94,24,9.7,6.0,True,1,0,0.34,3,29.1,52.9,Summer,Saturday,False
2025-06-14,Lunch,50,False,0.738,72,Glassware,4,2.14,20,8.6,1.2,False,0,0,0.317,3,20.1,38.5,Summer,Saturday,False
2025-06-14,Lunch,50,False,0.738,131,Cutlery,3,2.26,45,6.8,6.0,False,0,0,0.271,3,21.9,27.0,Summer,Saturday,False
2025-06-14,Lunch,50,False,0.738,11,Cookware,2,2.44,10,4.9,0.0,True,1,0,0.25,3,8.2,20.9,Summer,Saturday,False
2025-06-14,Dinner,99,False,0.738,214,Plates,9,2.03,24,18.3,7.5,True,5,0,0.938,3,49.2,75.6,Summer,Saturday,True
2025-06-14,Dinner,99,False,0.738,129,Glassware,7,1.91,20,13.4,6.7,True,2,1,0.639,3,40.6,73.4,Summer,Saturday,True
2025-06-14,Dinner,99,False,0.738,276,Cutlery,7,2.08,45,14.6,0.0,True,5,0,0.662,3,48.7,68.6,Summer,Saturday,True
2025-06-14,Dinner,99,False,0.738,28,Cookware,3,2.34,10,7.0,6.0,True,2,0,0.34,3,13.4,24.3,Summer,Saturday,True
2025-06-15,Breakfast,95,False,0.813,198,Plates,9,2.26,24,20.4,5.4,True,1,0,0.769,3,45.3,85.7,Summer,Sunday,False
2025-06-15,Breakfast,95,False,0.813,130,Glassware,7,2.23,20,15.6,2.3,True,1,0,0.598,3,35.9,71.0,Summer,Sunday,False
2025-06-15,Breakfast,95,False,0.813,258,Cutlery,6,2.14,45,12.9,0.0,True,3,0,0.506,3,43.0,57.9,Summer,Sunday,False
2025-06-15,Breakfast,95,False,0.813,9,Cookware,1,2.62,10,2.6,1.1,False,0,0,0.25,3,4.6,10.8,Summer,Sunday,False
2025-06-15,Lunch,63,False,0.813,147,Plates,7,2.1,24,14.7,0.0,True,1,0,0.529,3,37.8,63.8,Summer,Sunday,False
2025-06-15,Lunch,63,False,0.813,90,Glassware,5,2.1,20,10.5,3.7,False,0,0,0.388,3,25.8,55.0,Summer,Sunday,False
2025-06-15,Lunch,63,False,0.813,172,Cutlery,4,2.15,45,8.6,4.0,True,1,0,0.339,3,29.1,46.8,Summer,Sunday,False
2025-06-15,Lunch,63,False,0.813,13,Cookware,2,2.41,10,4.8,5.0,False,0,0,0.25,3,8.2,22.9,Summer,Sunday,False
2025-06-15,Dinner,111,False,0.813,240,Plates,10,1.92,24,19.2,10.0,True,4,0,0.998,3,60.7,91.0,Summer,Sunday,True
2025-06-15,Dinner,111,False,0.813,158,Glassware,8,2.2,20,17.6,6.9,True,3,0,0.901,3,43.1,88.8,Summer,Sunday,True
2025-06-15,Dinner,111,False,0.813,318,Cutlery,8,2.01,45,16.1,7.0,True,3,1,0.736,3,51.8,86.5,Summer,Sunday,True
2025-06-15,Dinner,111,False,0.813,37,Cookware,4,2.28,10,9.1,0.0,True,1,0,0.437,3,16.9,43.4,Summer,Sunday,True
2025-06-16,Breakfast,88,False,0.762,190,Plates,8,2.36,24,18.9,8.1,True,4,1,0.769,3,45.5,75.0,Summer,Monday,False
2025-06-16,Breakfast,88,False,0.762,121,Glassware,7,2.16,20,15.1,5.9,True,1,1,0.537,3,36.4,65.4,Summer,Monday,False
2025-06-16,Breakfast,88,False,0.762,242,Cutlery,6,1.94,45,11.6,2.1,True,4,0,0.43,3,43.5,53.5,Summer,Monday,False
2025-06-16,Breakfast,88,False,0.762,19,Cookware,2,2.42,10,4.8,5.7,False,0,0,0.25,3,9.6,20.4,Summer,Monday,False
2025-06-16,Lunch,59,False,0.762,136,Plates,6,2.08,24,12.5,1.6,True,3,0,0.484,3,35.9,50.1,Summer,Monday,False
2025-06-16,Lunch,59,False,0.762,83,Glassware,5,1.92,20,9.6,3.8,True,1,0,0.328,3,26.0,58.8,Summer,Monday,False
2025-06-16,Lunch,59,False,0.762,159,Cutlery,4,2.17,45,8.7,3.6,True,4,0,0.316,3,27.5,50.3,Summer,Monday,False
2025-06-16,Lunch,59,False,0.762,13,Cookware,2,2.31,10,4.6,4.1,True,2,0,0.25,3,9.4,18.3,Summer,Monday,False
2025-06-16,Dinner,111,False,0.762,243,Plates,11,2.05,24,22.6,12.1,True,1,0,1.077,3,60.6,136.7,Summer,Monday,True
2025-06-16,Dinner,111,False,0.762,153,Glassware,8,2.08,20,16.7,8.3,True,2,0,0.826,3,42.2,89.3,Summer,Monday,True
2025-06-16,Dinner,111,False,0.762,298,Cutlery,7,2.14,45,14.9,7.4,True,3,0,0.733,3,50.4,72.9,Summer,Monday,True
2025-06-16,Dinner,111,False,0.762,37,Cookware,4,2.3,10,9.2,0.0,False,0,0,0.442,3,18.2,41.7,Summer,Monday,True
2025-06-17,Breakfast,96,False,0.828,202,Plates,9,2.22,24,20.0,4.3,True,2,1,0.77,3,52.1,87.6,Summer,Tuesday,False
2025-06-17,Breakfast,96,False,0.828,127,Glassware,7,1.89,20,13.2,1.7,True,3,0,0.493,3,37.0,62.9,Summer,Tuesday,False
2025-06-17,Breakfast,96,False,0.828,250,Cutlery,6,2.2,45,13.2,6.4,True,2,0,0.503,3,42.2,50.0,Summer,Tuesday,False
2025-06-17,Breakfast,96,False,0.828,23,Cookware,3,2.34,10,7.0,2.7,False,0,0,0.25,3,12.9,26.9,Summer,Tuesday,False
2025-06-17,Lunch,67,False,0.828,146,Plates,7,2.3,24,16.1,2.4,True,6,0,0.577,3,39.9,78.1,Summer,Tuesday,False
2025-06-17,Lunch,67,False,0.828,98,Glassware,5,2.17,20,10.8,2.9,True,3,0,0.437,3,27.2,47.3,Summer,Tuesday,False
2025-06-17,Lunch,67,False,0.828,192,Cutlery,5,2.07,45,10.4,0.0,False,0,0,0.364,3,35.6,50.3,Summer,Tuesday,False
2025-06-17,Lunch,67,False,0.828,15,Cookware,2,2.74,10,5.5,0.0,True,2,0,0.25,3,8.9,18.4,Summer,Tuesday,False
2025-06-17,Dinner,107,False,0.828,232,Plates,10,2.0,24,20.0,9.4,True,7,0,1.004,3,57.2,96.1,Summer,Tuesday,True
2025-06-17,Dinner,107,False,0.828,158,Glassware,8,2.0,20,16.0,4.4,True,2,0,0.819,3,41.5,81.0,Summer,Tuesday,True
2025-06-17,Dinner,107,False,0.828,310,Cutlery,7,2.17,45,15.2,4.6,True,7,0,0.776,3,52.3,64.8,Summer,Tuesday,True
2025-06-17,Dinner,107,False,0.828,31,Cookware,4,2.72,10,10.9,0.0,True,1,0,0.438,3,16.4,32.8,Summer,Tuesday,True
2025-06-18,Breakfast,92,False,0.781,199,Plates,9,2.22,24,20.0,1.9,True,5,0,0.759,3,51.4,73.4,Summer,Wednesday,False
2025-06-18,Breakfast,92,False,0.781,122,Glassware,7,1.87,20,13.1,3.1,False,0,0,0.471,3,40.3,74.4,Summer,Wednesday,False
2025-06-18,Breakfast,92,False,0.781,262,Cutlery,6,2.06,45,12.4,0.9,True,10,0,0.495,3,40.8,67.9,Summer,Wednesday,False
2025-06-18,Breakfast,92,False,0.781,19,Cookware,2,2.34,10,4.7,2.7,True,1,0,0.25,3,8.7,21.2,Summer,Wednesday,False
2025-06-18,Lunch,67,False,0.781,143,Plates,6,2.18,24,13.1,8.9,True,1,1,0.536,3,36.3,57.7,Summer,Wednesday,False
2025-06-18,Lunch,67,False,0.781,98,Glassware,5,1.93,20,9.7,1.7,True,2,0,0.39,3,28.2,43.8,Summer,Wednesday,False
2025-06-18,Lunch,67,False,0.781,188,Cutlery,5,1.98,45,9.9,7.8,False,0,0,0.34,3,34.2,48.3,Summer,Wednesday,False
2025-06-18,Lunch,67,False,0.781,5,Cookware,1,2.56,10,2.6,4.8,False,0,0,0.25,3,4.2,9.7,Summer,Wednesday,False
2025-06-18,Dinner,89,False,0.781,205,Plates,9,2.05,24,18.5,7.3,True,3,0,0.91,3,49.7,93.0,Summer,Wednesday,True
2025-06-18,Dinner,89,False,0.781,133,Glassware,7,2.11,20,14.8,0.4,True,1,0,0.728,3,36.7,69.2,Summer,Wednesday,True
2025-06-18,Dinner,89,False,0.781,259,Cutlery,6,2.19,45,13.1,2.1,True,1,0,0.654,3,42.7,58.1,Summer,Wednesday,True
2025-06-18,Dinner,89,False,0.781,24,Cookware,3,2.46,10,7.4,5.3,True,2,0,0.306,3,12.7,26.5,Summer,Wednesday,True
2025-06-19,Breakfast,102,False,0.822,232,Plates,10,1.92,24,19.2,6.5,True,6,0,0.762,3,56.1,100.1,Summer,Thursday,False
2025-06-19,Breakfast,102,False,0.822,143,Glassware,8,2.19,20,17.5,1.8,True,1,0,0.645,3,44.4,83.7,Summer,Thursday,False
2025-06-19,Breakfast,102,False,0.822,292,Cutlery,7,2.1,45,14.7,0.9,True,6,0,0.561,3,49.6,72.0,Summer,Thursday,False
2025-06-19,Breakfast,102,False,0.822,20,Cookware,2,2.65,10,5.3,6.5,False,0,0,0.25,3,8.8,19.1,Summer,Thursday,False
2025-06-19,Lunch,68,False,0.822,150,Plates,7,2.22,24,15.5,7.0,True,2,0,0.571,3,35.5,83.6,Summer,Thursday,False
2025-06-19,Lunch,68,False,0.822,93,Glassware,5,1.97,20,9.9,7.0,True,2,0,0.378,3,26.0,44.5,Summer,Thursday,False
2025-06-19,Lunch,68,False,0.822,183,Cutlery,5,2.15,45,10.7,1.5,True,8,0,0.36,3,35.2,46.8,Summer,Thursday,False
2025-06-19,Lunch,68,False,0.822,23,Cookware,3,2.63,10,7.9,0.3,False,0,0,0.25,3,13.8,32.4,Summer,Thursday,False
2025-06-19,Dinner,110,False,0.822,239,Plates,10,1.92,24,19.2,7.4,True,5,2,0.993,3,55.2,87.2,Summer,Thursday,True
2025-06-19,Dinner,110,False,0.822,161,Glassware,9,1.78,20,16.0,4.9,True,3,0,0.744,3,46.3,89.4,Summer,Thursday,True
2025-06-19,Dinner,110,False,0.822,306,Cutlery,7,2.13,45,14.9,0.6,True,2,1,0.752,3,47.2,71.8,Summer,Thursday,True
2025-06-19,Dinner,110,False,0.822,28,Cookware,3,2.58,10,7.7,5.1,True,1,0,0.375,3,14.5,32.8,Summer,Thursday,True
2025-06-20,Breakfast,91,False,0.758,206,Plates,9,2.27,24,20.4,5.3,True,5,0,0.801,3,51.4,97.1,Summer,Friday,False
2025-06-20,Breakfast,91,False,0.758,115,Glassware,6,2.21,20,13.3,2.2,True,3,0,0.523,3,31.4,60.4,Summer,Friday,False
2025-06-20,Breakfast,91,False,0.758,250,Cutlery,6,1.98,45,11.9,3.6,True,3,1,0.453,3,45.6,60.1,Summer,Friday,False
2025-06-20,Breakfast,91,False,0.758,18,Cookware,2,2.52,10,5.0,2.9,True,1,0,0.25,3,8.8,19.7,Summer,Friday,False
2025-06-20,Lunch,39,False,0.758,87,Plates,4,2.3,24,9.2,1.2,True,3,1,0.343,2,23.5,50.8,Summer,Friday,False
2025-06-20,Lunch,39,False,0.758,57,Glassware,3,1.98,20,5.9,0.0,True,2,0,0.25,2,14.5,27.7,Summer,Friday,False
2025-06-20,Lunch,39,False,0.758,111,Cutlery,3,2.02,45,6.1,7.1,False,0,0,0.25,2,19.6,27.9,Summer,Friday,False
2025-06-20,Lunch,39,False,0.758,10,Cookware,1,2.42,10,2.4,2.2,False,0,0,0.25,2,4.6,10.2,Summer,Friday,False
2025-06-20,Dinner,110,False,0.758,250,Plates,11,1.88,24,20.7,13.0,True,7,0,1.018,3,65.8,90.6,Summer,Friday,True
2025-06-20,Dinner,110,False,0.758,158,Glassware,8,1.99,20,15.9,4.0,True,3,1,0.813,3,43.6,72.0,Summer,Friday,True
2025-06-20,Dinner,110,False,0.758,310,Cutlery,7,2.13,45,14.9,4.1,True,6,0,0.761,3,50.8,81.1,Summer,Friday,True
2025-06-20,Dinner,110,False,0.758,30,Cookware,3,2.56,10,7.7,1.3,False,0,0,0.398,3,13.5,24.3,Summer,Friday,True
2025-06-21,Breakfast,109,False,0.877,234,Plates,10,2.15,24,21.5,11.1,True,4,0,0.864,3,59.2,92.5,Summer,Saturday,False
2025-06-21,Breakfast,109,False,0.877,153,Glassware,8,1.93,20,15.4,4.0,True,3,1,0.607,3,43.2,76.5,Summer,Saturday,False
2025-06-21,Breakfast,109,False,0.877,292,Cutlery,7,2.17,45,15.2,7.5,True,5,1,0.579,3,47.7,74.2,Summer,Saturday,False
2025-06-21,Breakfast,109,False,0.877,25,Cookware,3,2.39,10,7.2,1.1,True,2,0,0.25,3,13.6,30.0,Summer,Saturday,False
2025-06-21,Lunch,75,False,0.877,168,Plates,7,2.08,24,14.5,1.5,True,1,0,0.599,3,41.6,72.9,Summer,Saturday,False
2025-06-21,Lunch,75,False,0.877,97,Glassware,5,2.01,20,10.0,8.6,True,2,0,0.401,3,25.5,43.9,Summer,Saturday,False
2025-06-21,Lunch,75,False,0.877,216,Cutlery,5,2.18,45,10.9,5.4,True,1,0,0.43,3,36.7,56.3,Summer,Saturday,False
2025-06-21,Lunch,75,False,0.877,18,Cookware,2,2.26,10,4.5,2.7,False,0,0,0.25,3,9.9,19.2,Summer,Saturday,False
2025-06-21,Dinner,112,False,0.877,236,Plates,10,1.99,24,19.9,11.6,True,5,1,1.013,3,53.1,88.5,Summer,Saturday,True
2025-06-21,Dinner,112,False,0.877,144,Glassware,8,2.28,20,18.2,13.5,True,2,0,0.851,3,41.4,82.2,Summer,Saturday,True
2025-06-21,Dinner,112,False,0.877,310,Cutlery,7,2.14,45,15.0,3.1,True,6,0,0.764,3,52.6,65.3,Summer,Saturday,True
2025-06-21,Dinner,112,False,0.877,14,Cookware,2,2.23,10,4.5,1.5,False,0,0,0.25,3,8.9,19.2,Summer,Saturday,True
2025-06-22,Breakfast,81,False,0.778,184,Plates,8,2.09,24,16.7,4.6,True,3,1,0.659,3,42.7,76.9,Summer,Sunday,False
2025-06-22,Breakfast,81,False,0.778,121,Glassware,7,2.0,20,14.0,0.0,True,4,0,0.499,3,34.4,59.0,Summer,Sunday,False
2025-06-22,Breakfast,81,False,0.778,235,Cutlery,6,2.34,45,14.0,5.9,True,3,0,0.503,3,41.7,61.3,Summer,Sunday,False
2025-06-22,Breakfast,81,False,0.778,27,Cookware,3,2.32,10,7.0,0.0,True,1,0,0.258,3,14.7,27.8,Summer,Sunday,False
2025-06-22,Lunch,52,False,0.778,110,Plates,5,1.94,24,9.7,5.4,True,2,0,0.366,3,27.2,51.0,Summer,Sunday,False
2025-06-22,Lunch,52,False,0.778,76,Glassware,4,1.92,20,7.7,1.6,False,0,0,0.301,3,20.8,34.0,Summer,Sunday,False
2025-06-22,Lunch,52,False,0.778,141,Cutlery,4,2.06,45,8.3,0.1,True,3,0,0.266,3,25.6,32.6,Summer,Sunday,False
2025-06-22,Lunch,52,False,0.778,6,Cookware,1,2.36,10,2.4,3.3,False,0,0,0.25,3,4.2,8.6,Summer,Sunday,False
2025-06-22,Dinner,87,False,0.778,189,Plates,8,2.14,24,17.1,12.5,True,4,0,0.872,3,45.7,79.6,Summer,Sunday,True
2025-06-22,Dinner,87,False,0.778,118,Glassware,6,1.98,20,11.9,3.1,True,2,0,0.606,3,32.0,48.4,Summer,Sunday,True
2025-06-22,Dinner,87,False,0.778,240,Cutlery,6,1.87,45,11.2,1.6,True,7,0,0.518,3,43.0,49.0,Summer,Sunday,True
2025-06-22,Dinner,87,False,0.778,15,Cookware,2,2.33,10,4.7,0.0,True,1,0,0.25,3,9.2,16.8,Summer,Sunday,True
2025-06-23,Breakfast,101,False,0.821,238,Plates,10,1.96,24,19.6,6.8,True,2,0,0.801,3,61.7,107.8,Summer,Monday,False
2025-06-23,Breakfast,101,False,0.821,140,Glassware,7,2.02,20,14.1,9.4,True,4,1,0.582,3,37.6,72.7,Summer,Monday,False
2025-06-23,Breakfast,101,False,0.821,267,Cutlery,6,2.14,45,12.8,0.0,True,4,0,0.523,3,43.9,53.0,Summer,Monday,False
2025-06-23,Breakfast,101,False,0.821,28,Cookware,3,2.52,10,7.6,2.8,False,0,0,0.291,3,13.1,30.1,Summer,Monday,False
2025-06-23,Lunch,70,False,0.821,155,Plates,7,2.2,24,15.4,1.3,True,5,0,0.585,3,37.3,84.6,Summer,Monday,False
2025-06-23,Lunch,70,False,0.821,85,Glassware,5,2.07,20,10.4,1.9,True,1,0,0.362,3,25.5,52.8,Summer,Monday,False
2025-06-23,Lunch,70,False,0.821,189,Cutlery,5,2.22,45,11.1,0.0,True,2,0,0.385,3,33.0,49.9,Summer,Monday,False
2025-06-23,Lunch,70,False,0.821,18,Cookware,2,2.57,10,5.1,5.1,False,0,0,0.25,3,9.4,18.1,Summer,Monday,False
2025-06-23,Dinner,109,False,0.821,239,Plates,10,2.12,24,21.2,20.3,True,10,1,1.095,3,56.9,95.3,Summer,Monday,True
2025-06-23,Dinner,109,False,0.821,145,Glassware,8,2.26,20,18.0,4.1,True,5,0,0.848,3,40.5,71.7,Summer,Monday,True
2025-06-23,Dinner,109,False,0.821,298,Cutlery,7,2.18,45,15.2,1.5,True,1,2,0.747,3,52.3,88.4,Summer,Monday,True
2025-06-23,Dinner,109,False,0.821,22,Cookware,3,2.31,10,6.9,3.4,False,0,0,0.263,3,14.5,32.0,Summer,Monday,True
2025-06-24,Breakfast,78,True,0.738,180,Plates,8,2.07,24,16.5,15.7,True,1,1,0.639,4,45.3,81.6,Summer,Tuesday,True
2025-06-24,Breakfast,78,True,0.738,104,Glassware,6,2.22,20,13.3,9.1,True,2,0,0.475,4,29.0,60.5,Summer,Tuesday,True
2025-06-24,Breakfast,78,True,0.738,215,Cutlery,5,2.18,45,10.9,10.1,True,3,0,0.429,4,36.1,60.3,Summer,Tuesday,True
2025-06-24,Breakfast,78,True,0.738,20,Cookware,2,2.43,10,4.9,13.2,False,0,0,0.25,4,9.5,19.3,Summer,Tuesday,True
2025-06-24,Lunch,61,True,0.738,138,Plates,6,2.14,24,12.9,15.7,True,2,0,0.508,4,31.9,54.8,Summer,Tuesday,True
2025-06-24,Lunch,61,True,0.738,81,Glassware,5,2.09,20,10.5,14.8,False,0,0,0.349,4,24.3,47.7,Summer,Tuesday,True
2025-06-24,Lunch,61,True,0.738,167,Cutlery,4,2.22,45,8.9,9.1,True,4,2,0.339,4,28.8,36.0,Summer,Tuesday,True
2025-06-24,Lunch,61,True,0.738,22,Cookware,3,2.44,10,7.3,3.1,True,1,0,0.25,4,12.9,31.9,Summer,Tuesday,True
2025-06-24,Dinner,117,True,0.738,247,Plates,11,2.05,24,22.5,25.2,True,9,0,1.094,4,62.3,103.6,Summer,Tuesday,True
2025-06-24,Dinner,117,True,0.738,162,Glassware,9,2.23,20,20.1,13.5,True,6,1,0.938,4,46.4,99.6,Summer,Tuesday,True
2025-06-24,Dinner,117,True,0.738,336,Cutlery,8,2.4,45,19.2,17.4,True,8,0,0.93,4,60.8,77.0,Summer,Tuesday,True
2025-06-24,Dinner,117,True,0.738,32,Cookware,4,2.41,10,9.6,9.9,True,2,0,0.4,4,18.2,37.1,Summer,Tuesday,True
2025-06-25,Breakfast,98,False,0.807,205,Plates,9,2.06,24,18.6,3.8,True,4,0,0.726,3,51.1,95.9,Summer,Wednesday,False
2025-06-25,Breakfast,98,False,0.807,140,Glassware,7,1.87,20,13.1,8.4,True,2,0,0.54,3,36.6,67.6,Summer,Wednesday,False
2025-06-25,Breakfast,98,False,0.807,272,Cutlery,7,2.0,45,14.0,0.0,True,3,2,0.499,3,48.4,71.3,Summer,Wednesday,False
2025-06-25,Breakfast,98,False,0.807,20,Cookware,2,2.34,10,4.7,4.9,True,2,0,0.25,3,9.5,19.0,Summer,Wednesday,False
2025-06-25,Lunch,53,False,0.807,110,Plates,5,2.13,24,10.7,0.0,False,0,0,0.402,3,27.4,42.3,Summer,Wednesday,False
2025-06-25,Lunch,53,False,0.807,76,Glassware,4,2.04,20,8.2,6.9,True,1,0,0.32,3,21.3,46.1,Summer,Wednesday,False
2025-06-25,Lunch,53,False,0.807,146,Cutlery,4,2.06,45,8.2,3.0,True,5,0,0.275,3,28.4,42.2,Summer,Wednesday,False
2025-06-25,Lunch,53,False,0.807,8,Cookware,1,2.53,10,2.5,0.8,False,0,0,0.25,3,4.4,9.7,Summer,Wednesday,False
2025-06-25,Dinner,89,False,0.807,194,Plates,9,1.85,24,16.7,4.3,True,4,0,0.777,3,53.7,82.4,Summer,Wednesday,True
2025-06-25,Dinner,89,False,0.807,112,Glassware,6,2.03,20,12.2,0.0,False,0,0,0.588,3,30.6,55.9,Summer,Wednesday,True
2025-06-25,Dinner,89,False,0.807,254,Cutlery,6,2.34,45,14.0,7.7,True,1,0,0.685,3,41.6,61.0,Summer,Wednesday,True
2025-06-25,Dinner,89,False,0.807,25,Cookware,3,2.54,10,7.6,2.0,False,0,0,0.329,3,13.5,22.8,Summer,Wednesday,True
2025-06-26,Breakfast,98,False,0.771,223,Plates,10,2.09,24,20.9,2.5,True,3,0,0.801,3,57.5,99.5,Summer,Thursday,False
2025-06-26,Breakfast,98,False,0.771,121,Glassware,7,2.0,20,14.0,0.0,True,1,0,0.498,3,36.7,67.9,Summer,Thursday,False
2025-06-26,Breakfast,98,False,0.771,257,Cutlery,6,1.85,45,11.1,1.0,True,4,0,0.435,3,44.7,62.3,Summer,Thursday,False
2025-06-26,Breakfast,98,False,0.771,26,Cookware,3,2.42,10,7.3,0.0,True,1,0,0.259,3,12.5,26.2,Summer,Thursday,False
2025-06-26,Lunch,37,False,0.771,77,Plates,4,2.08,24,8.3,5.2,False,0,0,0.275,2,21.4,41.2,Summer,Thursday,False
2025-06-26,Lunch,37,False,0.771,54,Glassware,3,2.05,20,6.2,6.5,False,0,0,0.25,2,16.1,30.1,Summer,Thursday,False
2025-06-26,Lunch,37,False,0.771,106,Cutlery,3,2.18,45,6.5,5.0,False,0,0,0.25,2,19.8,32.9,Summer,Thursday,False
2025-06-26,Lunch,37,False,0.771,5,Cookware,1,2.34,10,2.3,3.1,True,1,0,0.25,2,4.5,11.0,Summer,Thursday,False
2025-06-26,Dinner,99,False,0.771,216,Plates,9,2.02,24,18.2,11.2,True,1,0,0.942,3,51.3,100.3,Summer,Thursday,True
2025-06-26,Dinner,99,False,0.771,132,Glassware,7,2.19,20,15.3,4.1,True,3,0,0.748,3,35.2,80.3,Summer,Thursday,True
2025-06-26,Dinner,99,False,0.771,280,Cutlery,7,2.2,45,15.4,3.3,True,4,0,0.709,3,46.2,69.5,Summer,Thursday,True
2025-06-26,Dinner,99,False,0.771,27,Cookware,3,2.28,10,6.8,3.4,True,2,0,0.32,3,13.6,31.4,Summer,Thursday,True
2025-06-27,Breakfast,76,True,0.657,158,Plates,7,2.07,24,14.5,10.5,True,2,0,0.56,4,40.1,64.8,Summer,Friday,True
2025-06-27,Breakfast,76,True,0.657,110,Glassware,6,2.14,20,12.8,16.4,True,4,0,0.484,4,31.0,62.9,Summer,Friday,True
2025-06-27,Breakfast,76,True,0.657,214,Cutlery,5,2.19,45,11.0,11.8,True,1,0,0.429,4,37.2,56.8,Summer,Friday,True
2025-06-27,Breakfast,76,True,0.657,17,Cookware,2,2.55,10,5.1,9.8,True,2,0,0.25,4,9.7,18.6,Summer,Friday,True
2025-06-27,Lunch,34,True,0.657,79,Plates,4,1.93,24,7.7,10.9,True,3,0,0.262,3,20.3,46.2,Summer,Friday,True
2025-06-27,Lunch,34,True,0.657,51,Glassware,3,2.32,20,6.9,10.3,True,2,0,0.25,3,15.4,33.2,Summer,Friday,True
2025-06-27,Lunch,34,True,0.657,97,Cutlery,3,1.84,45,5.5,13.4,False,0,0,0.25,3,19.1,27.4,Summer,Friday,True
2025-06-27,Lunch,34,True,0.657,5,Cookware,1,2.4,10,2.4,13.5,False,0,0,0.25,3,4.2,10.9,Summer,Friday,True
2025-06-27,Dinner,127,True,0.657,285,Plates,12,2.18,24,26.2,28.2,True,11,0,1.25,4,70.1,114.1,Summer,Friday,True
2025-06-27,Dinner,127,True,0.657,179,Glassware,9,2.05,20,18.4,20.8,True,4,0,0.951,4,49.4,86.8,Summer,Friday,True
2025-06-27,Dinner,127,True,0.657,367,Cutlery,9,2.4,45,21.6,21.2,True,10,0,1.017,4,61.9,89.3,Summer,Friday,True
2025-06-27,Dinner,127,True,0.657,24,Cookware,3,2.59,10,7.8,13.3,False,0,0,0.323,4,13.0,28.1,Summer,Friday,True
2025-06-28,Breakfast,68,False,0.858,148,Plates,7,2.01,24,14.1,3.9,False,0,0,0.511,3,38.8,58.5,Summer,Saturday,False
2025-06-28,Breakfast,68,False,0.858,99,Glassware,5,2.15,20,10.8,1.1,True,2,1,0.439,3,25.2,48.9,Summer,Saturday,False
2025-06-28,Breakfast,68,False,0.858,195,Cutlery,5,2.19,45,10.9,5.2,True,8,2,0.39,3,36.1,54.3,Summer,Saturday,False
2025-06-28,Breakfast,68,False,0.858,11,Cookware,2,2.38,10,4.8,2.3,True,1,0,0.25,3,8.2,17.8,Summer,Saturday,False
2025-06-28,Lunch,67,False,0.858,153,Plates,7,2.17,24,15.2,1.7,True,2,0,0.57,3,37.1,67.7,Summer,Saturday,False
2025-06-28,Lunch,67,False,0.858,100,Glassware,5,2.13,20,10.6,0.0,True,3,0,0.438,3,26.7,44.3,Summer,Saturday,False
2025-06-28,Lunch,67,False,0.858,191,Cutlery,5,2.2,45,11.0,0.0,True,10,0,0.385,3,35.5,50.9,Summer,Saturday,False
2025-06-28,Lunch,67,False,0.858,20,Cookware,2,2.62,10,5.2,2.9,True,1,0,0.25,3,9.0,17.7,Summer,Saturday,False
2025-06-28,Dinner,105,False,0.858,237,Plates,10,1.87,24,18.7,11.1,True,5,3,0.958,3,58.6,86.7,Summer,Saturday,True
2025-06-28,Dinner,105,False,0.858,136,Glassware,7,1.99,20,14.0,3.5,True,7,0,0.703,3,35.8,65.5,Summer,Saturday,True
2025-06-28,Dinner,105,False,0.858,294,Cutlery,7,2.25,45,15.7,2.5,True,6,0,0.762,3,49.9,83.1,Summer,Saturday,True
2025-06-28,Dinner,105,False,0.858,21,Cookware,3,2.34,10,7.0,0.7,False,0,0,0.254,3,12.8,24.8,Summer,Saturday,True
2025-06-29,Breakfast,88,False,0.897,205,Plates,9,2.04,24,18.4,3.3,True,3,0,0.719,3,50.7,96.7,Summer,Sunday,False
2025-06-29,Breakfast,88,False,0.897,113,Glassware,6,2.24,20,13.5,3.6,True,2,0,0.522,3,31.7,62.1,Summer,Sunday,False
2025-06-29,Breakfast,88,False,0.897,244,Cutlery,6,2.16,45,13.0,0.3,True,5,0,0.483,3,42.5,53.2,Summer,Sunday,False
2025-06-29,Breakfast,88,False,0.897,9,Cookware,1,2.34,10,2.3,0.2,False,0,0,0.25,3,4.3,7.9,Summer,Sunday,False
2025-06-29,Lunch,67,False,0.897,151,Plates,7,2.02,24,14.1,0.8,True,4,1,0.523,3,36.9,59.7,Summer,Sunday,False
2025-06-29,Lunch,67,False,0.897,96,Glassware,5,2.18,20,10.9,0.6,True,4,0,0.43,3,25.9,49.8,Summer,Sunday,False
2025-06-29,Lunch,67,False,0.897,193,Cutlery,5,2.0,45,10.0,2.3,True,3,2,0.353,3,34.0,38.7,Summer,Sunday,False
2025-06-29,Lunch,67,False,0.897,11,Cookware,2,2.25,10,4.5,1.4,True,1,0,0.25,3,8.1,20.9,Summer,Sunday,False
2025-06-29,Dinner,113,False,0.897,242,Plates,11,2.39,24,26.3,23.4,True,7,2,1.25,3,58.7,124.3,Summer,Sunday,True
2025-06-29,Dinner,113,False,0.897,153,Glassware,8,2.19,20,17.5,10.6,True,2,1,0.869,3,39.8,76.9,Summer,Sunday,True
2025-06-29,Dinner,113,False,0.897,308,Cutlery,7,2.17,45,15.2,5.7,True,4,0,0.769,3,48.3,68.2,Summer,Sunday,True
2025-06-29,Dinner,113,False,0.897,6,Cookware,1,2.28,10,2.3,0.0,False,0,0,0.25,3,4.1,10.6,Summer,Sunday,True
2025-06-30,Breakfast,65,False,0.687,134,Plates,6,1.77,24,10.6,2.2,True,1,0,0.408,3,33.6,62.6,Summer,Monday,False
2025-06-30,Breakfast,65,False,0.687,97,Glassware,5,2.28,20,11.4,2.0,True,1,0,0.455,3,28.0,55.3,Summer,Monday,False
2025-06-30,Breakfast,65,False,0.687,183,Cutlery,5,2.23,45,11.1,2.4,True,1,0,0.373,3,33.0,48.9,Summer,Monday,False
2025-06-30,Breakfast,65,False,0.687,10,Cookware,1,2.4,10,2.4,1.4,True,1,0,0.25,3,5.0,9.3,Summer,Monday,False
2025-06-30,Lunch,49,False,0.687,109,Plates,5,2.16,24,10.8,0.8,True,2,1,0.404,3,27.7,43.7,Summer,Monday,False
2025-06-30,Lunch,49,False,0.687,63,Glassware,4,2.27,20,9.1,5.7,True,1,0,0.295,3,21.6,38.0,Summer,Monday,False
2025-06-30,Lunch,49,False,0.687,141,Cutlery,4,2.23,45,8.9,8.4,True,4,1,0.287,3,26.4,35.6,Summer,Monday,False
2025-06-30,Lunch,49,False,0.687,13,Cookware,2,2.45,10,4.9,2.7,True,1,0,0.25,3,9.1,19.8,Summer,Monday,False
2025-06-30,Dinner,96,False,0.687,201,Plates,9,1.86,24,16.8,7.8,True,1,0,0.809,3,51.4,94.8,Summer,Monday,True
2025-06-30,Dinner,96,False,0.687,136,Glassware,7,2.03,20,14.2,0.9,True,3,0,0.717,3,38.8,73.9,Summer,Monday,True
2025-06-30,Dinner,96,False,0.687,259,Cutlery,6,1.92,45,11.5,5.3,True,2,0,0.574,3,42.3,67.4,Summer,Monday,True
2025-06-30,Dinner,96,False,0.687,11,Cookware,2,2.53,10,5.1,3.6,False,0,0,0.25,3,8.7,21.7,Summer,Monday,True
2025-07-01,Breakfast,63,False,0.688,136,Plates,6,2.37,24,14.2,3.0,True,3,0,0.552,3,33.0,54.5,Summer,Tuesday,False
2025-07-01,Breakfast,63,False,0.688,81,Glassware,5,2.14,20,10.7,4.0,True,2,0,0.357,3,25.7,48.2,Summer,Tuesday,False
2025-07-01,Breakfast,63,False,0.688,171,Cutlery,4,2.19,45,8.7,3.8,True,5,0,0.342,3,29.6,40.2,Summer,Tuesday,False
2025-07-01,Breakfast,63,False,0.688,8,Cookware,1,2.27,10,2.3,0.0,True,2,0,0.25,3,4.3,11.4,Summer,Tuesday,False
2025-07-01,Lunch,32,False,0.688,74,Plates,4,2.11,24,8.4,0.0,False,0,0,0.268,2,21.7,45.0,Summer,Tuesday,False
2025-07-01,Lunch,32,False,0.688,47,Glassware,3,2.34,20,7.0,2.9,False,0,0,0.25,2,15.8,24.8,Summer,Tuesday,False
2025-07-01,Lunch,32,False,0.688,88,Cutlery,2,2.25,45,4.5,0.4,True,1,0,0.25,2,14.0,19.3,Summer,Tuesday,False
2025-07-01,Lunch,32,False,0.688,5,Cookware,1,2.53,10,2.5,6.6,False,0,0,0.25,2,4.1,9.7,Summer,Tuesday,False
2025-07-01,Dinner,88,False,0.688,196,Plates,9,2.08,24,18.7,5.2,True,5,1,0.879,3,49.0,89.9,Summer,Tuesday,True
2025-07-01,Dinner,88,False,0.688,109,Glassware,6,2.3,20,13.8,7.3,True,1,0,0.65,3,31.6,56.4,Summer,Tuesday,True
2025-07-01,Dinner,88,False,0.688,246,Cutlery,6,2.04,45,12.2,6.3,True,10,2,0.579,3,42.4,63.0,Summer,Tuesday,True
2025-07-01,Dinner,88,False,0.688,19,Cookware,2,2.41,10,4.8,1.8,False,0,0,0.25,3,9.8,19.7,Summer,Tuesday,True
2025-07-02,Breakfast,83,False,0.808,173,Plates,8,1.81,24,14.5,0.0,True,4,2,0.537,3,45.1,84.2,Summer,Wednesday,False
2025-07-02,Breakfast,83,False,0.808,116,Glassware,6,2.18,20,13.1,6.4,True,1,0,0.522,3,32.1,57.6,Summer,Wednesday,False
2025-07-02,Breakfast,83,False,0.808,240,Cutlery,6,2.2,45,13.2,0.0,True,3,0,0.483,3,40.5,48.9,Summer,Wednesday,False
2025-07-02,Breakfast,83,False,0.808,15,Cookware,2,2.54,10,5.1,4.3,True,1,0,0.25,3,8.9,19.1,Summer,Wednesday,False
2025-07-02,Lunch,57,False,0.808,114,Plates,5,2.25,24,11.2,2.0,False,0,1,0.44,3,29.3,52.1,Summer,Wednesday,False
2025-07-02,Lunch,57,False,0.808,73,Glassware,4,2.01,20,8.0,0.0,True,1,0,0.302,3,20.6,40.1,Summer,Wednesday,False
2025-07-02,Lunch,57,False,0.808,160,Cutlery,4,2.23,45,8.9,0.6,True,3,0,0.327,3,27.7,45.1,Summer,Wednesday,False
2025-07-02,Lunch,57,False,0.808,12,Cookware,2,2.33,10,4.7,4.9,False,0,0,0.25,3,8.3,18.4,Summer,Wednesday,False
2025-07-02,Dinner,82,False,0.808,171,Plates,8,2.21,24,17.6,13.4,True,2,1,0.815,3,43.3,78.2,Summer,Wednesday,True
2025-07-02,Dinner,82,False,0.808,107,Glassware,6,1.94,20,11.6,7.5,True,1,0,0.539,3,29.0,64.1,Summer,Wednesday,True
2025-07-02,Dinner,82,False,0.808,223,Cutlery,5,1.94,45,9.7,0.9,True,5,2,0.497,3,35.2,44.1,Summer,Wednesday,True
2025-07-02,Dinner,82,False,0.808,25,Cookware,3,2.6,10,7.8,4.2,False,0,0,0.337,3,13.0,29.5,Summer,Wednesday,True
2025-07-03,Breakfast,84,False,0.815,183,Plates,8,2.25,24,18.0,0.0,True,3,0,0.707,3,43.5,82.3,Summer,Thursday,False
2025-07-03,Breakfast,84,False,0.815,102,Glassware,6,2.29,20,13.8,0.5,False,0,0,0.482,3,31.6,63.1,Summer,Thursday,False
2025-07-03,Breakfast,84,False,0.815,225,Cutlery,5,2.06,45,10.3,0.0,True,7,0,0.424,3,38.0,49.7,Summer,Thursday,False
2025-07-03,Breakfast,84,False,0.815,11,Cookware,2,2.39,10,4.8,2.8,False,0,0,0.25,3,8.4,21.4,Summer,Thursday,False
2025-07-03,Lunch,50,False,0.815,109,Plates,5,2.03,24,10.2,0.0,True,2,0,0.38,3,27.7,59.9,Summer,Thursday,False
2025-07-03,Lunch,50,False,0.815,70,Glassware,4,2.05,20,8.2,9.7,True,2,1,0.296,3,21.9,42.4,Summer,Thursday,False
2025-07-03,Lunch,50,False,0.815,135,Cutlery,3,2.16,45,6.5,4.8,True,4,0,0.267,3,21.7,29.6,Summer,Thursday,False
2025-07-03,Lunch,50,False,0.815,10,Cookware,1,2.32,10,2.3,1.2,True,1,0,0.25,3,4.7,9.4,Summer,Thursday,False
2025-07-03,Dinner,98,False,0.815,213,Plates,9,2.03,24,18.3,8.5,True,6,0,0.934,3,51.2,79.7,Summer,Thursday,True
2025-07-03,Dinner,98,False,0.815,125,Glassware,7,2.21,20,15.5,1.2,True,3,0,0.715,3,36.8,69.1,Summer,Thursday,True
2025-07-03,Dinner,98,False,0.815,267,Cutlery,6,2.36,45,14.1,5.2,True,3,0,0.725,3,44.6,64.2,Summer,Thursday,True
2025-07-03,Dinner,98,False,0.815,9,Cookware,1,2.43,10,2.4,4.5,True,1,0,0.25,3,4.5,10.3,Summer,Thursday,True
2025-07-04,Breakfast,72,False,0.779,162,Plates,7,2.02,24,14.2,3.3,True,4,1,0.562,3,37.5,64.3,Summer,Friday,False
2025-07-04,Breakfast,72,False,0.779,106,Glassware,6,2.26,20,13.6,2.0,False,0,0,0.493,3,31.7,60.4,Summer,Friday,False
2025-07-04,Breakfast,72,False,0.779,204,Cutlery,5,2.02,45,10.1,3.5,True,3,1,0.378,3,35.3,43.1,Summer,Friday,False
2025-07-04,Breakfast,72,False,0.779,5,Cookware,1,2.49,10,2.5,0.5,False,0,0,0.25,3,4.0,11.7,Summer,Friday,False
2025-07-04,Lunch,25,False,0.779,59,Plates,3,2.09,24,6.3,4.3,True,1,0,0.25,2,15.9,36.6,Summer,Friday,False
2025-07-04,Lunch,25,False,0.779,29,Glassware,2,2.09,20,4.2,1.8,True,1,0,0.25,2,10.5,20.3,Summer,Friday,False
2025-07-04,Lunch,25,False,0.779,69,Cutlery,2,2.06,45,4.1,1.8,True,1,0,0.25,2,12.4,20.7,Summer,Friday,False
2025-07-04,Lunch,25,False,0.779,13,Cookware,2,2.54,10,5.1,0.8,False,0,0,0.25,2,8.4,17.0,Summer,Friday,False
2025-07-04,Dinner,117,False,0.779,252,Plates,11,1.89,24,20.8,11.2,True,5,2,1.031,3,65.9,131.4,Summer,Friday,True
2025-07-04,Dinner,117,False,0.779,149,Glassware,8,2.1,20,16.8,3.8,True,3,0,0.813,3,42.0,76.2,Summer,Friday,True
2025-07-04,Dinner,117,False,0.779,333,Cutlery,8,2.03,45,16.2,2.3,True,8,0,0.779,3,55.6,79.6,Summer,Friday,True
2025-07-04,Dinner,117,False,0.779,27,Cookware,3,2.44,10,7.3,0.0,True,2,0,0.342,3,13.9,27.3,Summer,Friday,True
2025-07-05,Breakfast,73,False,0.766,149,Plates,7,2.16,24,15.1,0.1,True,1,0,0.552,3,37.9,62.5,Summer,Saturday,False
2025-07-05,Breakfast,73,False,0.766,105,Glassware,6,2.11,20,12.7,2.9,False,0,0,0.457,3,31.5,65.2,Summer,Saturday,False
2025-07-05,Breakfast,73,False,0.766,204,Cutlery,5,2.08,45,10.4,5.0,True,1,2,0.389,3,37.0,54.3,Summer,Saturday,False
2025-07-05,Breakfast,73,False,0.766,21,Cookware,3,2.49,10,7.5,5.5,True,1,0,0.25,3,13.9,25.2,Summer,Saturday,False
2025-07-05,Lunch,44,False,0.766,91,Plates,4,2.27,24,9.1,6.7,True,2,1,0.355,3,22.0,35.2,Summer,Saturday,False
2025-07-05,Lunch,44,False,0.766,68,Glassware,4,2.2,20,8.8,2.9,True,1,0,0.309,3,20.8,38.5,Summer,Saturday,False
2025-07-05,Lunch,44,False,0.766,115,Cutlery,3,2.12,45,6.3,0.0,True,1,0,0.25,3,20.6,34.9,Summer,Saturday,False
2025-07-05,Lunch,44,False,0.766,5,Cookware,1,2.54,10,2.5,5.2,False,0,0,0.25,3,4.0,10.3,Summer,Saturday,False
2025-07-05,Dinner,92,False,0.766,210,Plates,9,2.28,24,20.5,11.5,True,5,0,1.033,3,50.2,84.7,Summer,Saturday,True
2025-07-05,Dinner,92,False,0.766,120,Glassware,6,2.08,20,12.5,0.0,True,1,1,0.646,3,32.3,65.2,Summer,Saturday,True
2025-07-05,Dinner,92,False,0.766,262,Cutlery,6,2.33,45,14.0,0.8,True,5,1,0.704,3,44.4,58.4,Summer,Saturday,True
2025-07-05,Dinner,92,False,0.766,26,Cookware,3,2.41,10,7.2,7.0,True,1,0,0.325,3,12.5,29.8,Summer,Saturday,True
2025-07-06,Breakfast,86,False,0.788,192,Plates,8,2.04,24,16.3,1.6,True,3,0,0.672,3,44.7,76.4,Summer,Sunday,False
2025-07-06,Breakfast,86,False,0.788,117,Glassware,6,2.23,20,13.4,3.6,True,2,0,0.538,3,31.5,54.3,Summer,Sunday,False
2025-07-06,Breakfast,86,False,0.788,237,Cutlery,6,2.05,45,12.3,1.7,True,1,1,0.445,3,44.0,73.2,Summer,Sunday,False
2025-07-06,Breakfast,86,False,0.788,19,Cookware,2,2.65,10,5.3,2.5,True,1,0,0.25,3,9.2,19.4,Summer,Sunday,False
2025-07-06,Lunch,63,False,0.788,142,Plates,6,2.02,24,12.1,5.1,True,3,1,0.492,3,33.8,58.5,Summer,Sunday,False
2025-07-06,Lunch,63,False,0.788,87,Glassware,5,2.1,20,10.5,4.2,True,3,0,0.376,3,26.5,52.3,Summer,Sunday,False
2025-07-06,Lunch,63,False,0.788,168,Cutlery,4,2.09,45,8.3,5.6,True,2,0,0.321,3,29.6,40.2,Summer,Sunday,False
2025-07-06,Lunch,63,False,0.788,12,Cookware,2,2.59,10,5.2,0.8,True,1,0,0.25,3,9.1,20.2,Summer,Sunday,False
2025-07-06,Dinner,102,False,0.788,217,Plates,10,2.13,24,21.3,7.2,True,4,0,1.0,3,53.3,104.8,Summer,Sunday,True
2025-07-06,Dinner,102,False,0.788,147,Glassware,8,2.04,20,16.3,11.2,True,1,1,0.779,3,40.4,80.5,Summer,Sunday,True
2025-07-06,Dinner,102,False,0.788,275,Cutlery,7,2.44,45,17.1,10.3,True,2,0,0.774,3,46.6,57.0,Summer,Sunday,True
2025-07-06,Dinner,102,False,0.788,37,Cookware,4,2.5,10,10.0,0.0,True,1,0,0.48,3,17.2,37.2,Summer,Sunday,True
2025-07-07,Breakfast,83,False,0.809,181,Plates,8,2.1,24,16.8,4.5,True,1,0,0.651,3,44.2,73.6,Summer,Monday,False
2025-07-07,Breakfast,83,False,0.809,121,Glassware,7,1.96,20,13.7,3.1,True,4,1,0.488,3,36.9,89.6,Summer,Monday,False
2025-07-07,Breakfast,83,False,0.809,223,Cutlery,5,2.06,45,10.3,1.4,True,2,0,0.42,3,34.8,51.0,Summer,Monday,False
2025-07-07,Breakfast,83,False,0.809,24,Cookware,3,2.37,10,7.1,0.0,True,1,0,0.25,3,13.2,26.4,Summer,Monday,False
2025-07-07,Lunch,44,False,0.809,94,Plates,4,2.04,24,8.1,0.8,True,5,0,0.328,3,22.6,43.3,Summer,Monday,False
2025-07-07,Lunch,44,False,0.809,62,Glassware,4,1.92,20,7.7,1.7,True,1,2,0.25,3,20.0,32.9,Summer,Monday,False
2025-07-07,Lunch,44,False,0.809,116,Cutlery,3,2.07,45,6.2,6.7,True,3,0,0.25,3,19.8,32.7,Summer,Monday,False
2025-07-07,Lunch,44,False,0.809,5,Cookware,1,2.37,10,2.4,5.5,False,0,0,0.25,3,4.3,10.1,Summer,Monday,False
2025-07-07,Dinner,114,False,0.809,267,Plates,12,2.11,24,25.3,22.9,True,11,1,1.216,3,67.1,100.7,Summer,Monday,True
2025-07-07,Dinner,114,False,0.809,154,Glassware,8,2.2,20,17.6,6.7,True,1,0,0.879,3,44.3,70.9,Summer,Monday,True
2025-07-07,Dinner,114,False,0.809,313,Cutlery,7,2.21,45,15.5,9.9,True,4,0,0.799,3,53.3,72.4,Summer,Monday,True
2025-07-07,Dinner,114,False,0.809,26,Cookware,3,2.43,10,7.3,5.0,False,0,0,0.327,3,13.7,31.7,Summer,Monday,True
2025-07-08,Breakfast,82,False,0.732,189,Plates,8,2.01,24,16.1,3.1,True,2,1,0.652,3,46.6,86.0,Summer,Tuesday,False
2025-07-08,Breakfast,82,False,0.732,124,Glassware,7,2.32,20,16.2,7.1,True,1,0,0.592,3,39.3,81.1,Summer,Tuesday,False
2025-07-08,Breakfast,82,False,0.732,230,Cutlery,6,2.43,45,14.6,5.5,True,5,0,0.512,3,43.6,61.8,Summer,Tuesday,False
2025-07-08,Breakfast,82,False,0.732,24,Cookware,3,2.51,10,7.5,8.9,True,1,0,0.25,3,14.6,29.9,Summer,Tuesday,False
2025-07-08,Lunch,47,False,0.732,107,Plates,5,2.09,24,10.5,5.5,True,1,0,0.384,3,28.5,49.5,Summer,Tuesday,False
2025-07-08,Lunch,47,False,0.732,60,Glassware,3,1.98,20,5.9,0.9,True,3,0,0.25,3,15.8,27.2,Summer,Tuesday,False
2025-07-08,Lunch,47,False,0.732,127,Cutlery,3,2.0,45,6.0,3.5,True,1,0,0.25,3,21.9,31.5,Summer,Tuesday,False
2025-07-08,Lunch,47,False,0.732,5,Cookware,1,2.58,10,2.6,3.1,False,0,0,0.25,3,4.0,11.2,Summer,Tuesday,False
2025-07-08,Dinner,103,False,0.732,223,Plates,10,2.07,24,20.7,14.9,True,8,0,0.999,3,53.4,96.1,Summer,Tuesday,True
2025-07-08,Dinner,103,False,0.732,155,Glassware,8,2.03,20,16.2,4.1,True,2,1,0.816,3,43.0,71.8,Summer,Tuesday,True
2025-07-08,Dinner,103,False,0.732,287,Cutlery,7,2.0,45,14.0,6.3,True,5,0,0.66,3,50.3,79.2,Summer,Tuesday,True
2025-07-08,Dinner,103,False,0.732,33,Cookware,4,2.63,10,10.5,5.4,False,0,0,0.45,3,17.9,39.9,Summer,Tuesday,True
2025-07-09,Breakfast,73,False,0.79,155,Plates,7,1.92,24,13.5,1.5,True,5,0,0.512,3,36.9,76.3,Summer,Wednesday,False
2025-07-09,Breakfast,73,False,0.79,92,Glassware,5,1.99,20,10.0,4.0,True,6,0,0.377,3,26.1,53.4,Summer,Wednesday,False
2025-07-09,Breakfast,73,False,0.79,206,Cutlery,5,2.13,45,10.6,0.5,True,3,1,0.401,3,36.1,51.5,Summer,Wednesday,False
2025-07-09,Breakfast,73,False,0.79,11,Cookware,2,2.43,10,4.9,2.3,False,0,0,0.25,3,8.9,22.2,Summer,Wednesday,False
2025-07-09,Lunch,37,False,0.79,86,Plates,4,2.07,24,8.3,5.9,False,0,0,0.306,2,21.5,40.2,Summer,Wednesday,False
2025-07-09,Lunch,37,False,0.79,44,Glassware,3,1.94,20,5.8,4.5,True,1,0,0.25,2,14.0,33.5,Summer,Wednesday,False
2025-07-09,Lunch,37,False,0.79,104,Cutlery,3,2.08,45,6.2,0.0,True,1,0,0.25,2,19.8,28.2,Summer,Wednesday,False
2025-07-09,Lunch,37,False,0.79,5,Cookware,1,2.56,10,2.6,5.3,False,0,0,0.25,2,3.9,9.8,Summer,Wednesday,False
2025-07-09,Dinner,85,False,0.79,193,Plates,9,2.08,24,18.7,11.1,True,4,0,0.867,3,47.6,82.4,Summer,Wednesday,True
2025-07-09,Dinner,85,False,0.79,138,Glassware,7,2.11,20,14.8,4.4,True,4,0,0.757,3,37.7,69.6,Summer,Wednesday,True
2025-07-09,Dinner,85,False,0.79,250,Cutlery,6,2.39,45,14.3,2.9,True,8,0,0.688,3,39.9,61.7,Summer,Wednesday,True
2025-07-09,Dinner,85,False,0.79,26,Cookware,3,2.46,10,7.4,2.5,True,1,0,0.331,3,14.5,31.8,Summer,Wednesday,True
2025-07-10,Breakfast,83,False,0.872,185,Plates,8,2.19,24,17.5,5.7,True,7,0,0.694,3,42.4,84.1,Summer,Thursday,False
2025-07-10,Breakfast,83,False,0.872,113,Glassware,6,2.16,20,13.0,4.8,True,1,0,0.503,3,30.2,59.5,Summer,Thursday,False
2025-07-10,Breakfast,83,False,0.872,230,Cutlery,6,2.01,45,12.0,7.1,True,5,0,0.422,3,39.8,58.0,Summer,Thursday,False
2025-07-10,Breakfast,83,False,0.872,19,Cookware,2,2.36,10,4.7,5.4,False,0,0,0.25,3,9.4,20.3,Summer,Thursday,False
2025-07-10,Lunch,83,False,0.872,176,Plates,8,2.12,24,16.9,2.3,True,6,1,0.64,3,46.3,87.9,Summer,Thursday,False
2025-07-10,Lunch,83,False,0.872,121,Glassware,7,2.03,20,14.2,2.4,True,3,0,0.506,3,35.6,69.9,Summer,Thursday,False
2025-07-10,Lunch,83,False,0.872,241,Cutlery,6,2.22,45,13.3,0.0,True,4,1,0.49,3,43.1,60.5,Summer,Thursday,False
2025-07-10,Lunch,83,False,0.872,22,Cookware,3,2.34,10,7.0,4.8,True,3,0,0.25,3,13.7,32.4,Summer,Thursday,False
2025-07-10,Dinner,108,False,0.872,242,Plates,11,2.22,24,24.4,17.0,True,8,0,1.159,3,63.3,113.1,Summer,Thursday,True
2025-07-10,Dinner,108,False,0.872,136,Glassware,7,2.15,20,15.1,0.0,True,2,1,0.759,3,37.8,79.2,Summer,Thursday,True
2025-07-10,Dinner,108,False,0.872,283,Cutlery,7,2.21,45,15.5,1.2,True,3,0,0.721,3,47.5,55.1,Summer,Thursday,True
2025-07-10,Dinner,108,False,0.872,30,Cookware,3,2.57,10,7.7,5.3,True,1,0,0.4,3,14.3,30.6,Summer,Thursday,True
2025-07-11,Breakfast,89,False,0.795,198,Plates,9,2.04,24,18.4,1.8,True,6,0,0.694,3,51.2,91.5,Summer,Friday,False
2025-07-11,Breakfast,89,False,0.795,125,Glassware,7,2.07,20,14.5,4.5,True,1,0,0.532,3,37.3,69.2,Summer,Friday,False
2025-07-11,Breakfast,89,False,0.795,255,Cutlery,6,2.04,45,12.2,4.8,True,8,1,0.475,3,41.6,60.4,Summer,Friday,False
2025-07-11,Breakfast,89,False,0.795,25,Cookware,3,2.44,10,7.3,5.9,True,1,0,0.251,3,13.3,26.3,Summer,Friday,False
2025-07-11,Lunch,47,False,0.795,107,Plates,5,2.0,24,10.0,0.0,True,1,0,0.366,3,27.1,53.1,Summer,Friday,False
2025-07-11,Lunch,47,False,0.795,67,Glassware,4,2.21,20,8.8,0.0,True,1,0,0.304,3,20.8,38.1,Summer,Friday,False
2025-07-11,Lunch,47,False,0.795,126,Cutlery,3,2.18,45,6.5,0.0,True,3,0,0.251,3,22.7,31.9,Summer,Friday,False
2025-07-11,Lunch,47,False,0.795,9,Cookware,1,2.36,10,2.4,6.6,False,0,0,0.25,3,4.2,9.7,Summer,Friday,False
2025-07-11,Dinner,118,False,0.795,256,Plates,11,1.97,24,21.7,16.0,True,6,2,1.09,3,61.2,107.9,Summer,Friday,True
2025-07-11,Dinner,118,False,0.795,165,Glassware,9,2.23,20,20.1,12.7,True,2,1,0.955,3,45.0,94.3,Summer,Friday,True
2025-07-11,Dinner,118,False,0.795,343,Cutlery,8,2.02,45,16.1,0.5,True,7,0,0.797,3,57.8,76.8,Summer,Friday,True
2025-07-11,Dinner,118,False,0.795,29,Cookware,3,2.41,10,7.2,7.4,True,3,0,0.362,3,13.6,25.7,Summer,Friday,True
2025-07-12,Breakfast,75,False,0.851,170,Plates,8,1.98,24,15.8,6.4,True,4,0,0.576,3,42.5,79.4,Summer,Saturday,False
2025-07-12,Breakfast,75,False,0.851,99,Glassware,5,2.13,20,10.6,4.3,True,2,1,0.434,3,25.8,61.4,Summer,Saturday,False
2025-07-12,Breakfast,75,False,0.851,210,Cutlery,5,2.12,45,10.6,2.4,True,6,1,0.408,3,36.0,57.4,Summer,Saturday,False
2025-07-12,Breakfast,75,False,0.851,21,Cookware,3,2.21,10,6.6,4.6,True,1,0,0.25,3,14.0,28.8,Summer,Saturday,False
2025-07-12,Lunch,75,False,0.851,162,Plates,7,2.13,24,14.9,6.8,True,4,1,0.593,3,37.5,71.4,Summer,Saturday,False
2025-07-12,Lunch,75,False,0.851,100,Glassware,5,2.3,20,11.5,0.0,True,3,0,0.474,3,27.9,44.6,Summer,Saturday,False
2025-07-12,Lunch,75,False,0.851,206,Cutlery,5,2.19,45,10.9,2.8,True,3,0,0.412,3,34.1,43.9,Summer,Saturday,False
2025-07-12,Lunch,75,False,0.851,19,Cookware,2,2.24,10,4.5,4.7,True,1,0,0.25,3,8.5,18.7,Summer,Saturday,False
2025-07-12,Dinner,119,False,0.851,265,Plates,12,2.07,24,24.8,18.1,True,7,0,1.183,3,65.7,146.1,Summer,Saturday,True
2025-07-12,Dinner,119,False,0.851,164,Glassware,9,2.3,20,20.7,11.1,True,4,0,0.976,3,50.0,90.2,Summer,Saturday,True
2025-07-12,Dinner,119,False,0.851,335,Cutlery,8,2.11,45,16.9,6.1,True,7,0,0.814,3,57.8,79.3,Summer,Saturday,True
2025-07-12,Dinner,119,False,0.851,32,Cookware,4,2.35,10,9.4,5.6,True,4,0,0.389,3,18.5,41.3,Summer,Saturday,True
2025-07-13,Breakfast,96,False,0.946,219,Plates,10,1.97,24,19.7,1.5,True,1,0,0.742,3,52.3,88.3,Summer,Sunday,False
2025-07-13,Breakfast,96,False,0.946,142,Glassware,8,2.11,20,16.9,0.0,True,1,0,0.617,3,40.9,85.0,Summer,Sunday,False
2025-07-13,Breakfast,96,False,0.946,263,Cutlery,6,2.02,45,12.1,5.5,True,2,1,0.487,3,44.2,66.0,Summer,Sunday,False
2025-07-13,Breakfast,96,False,0.946,26,Cookware,3,2.52,10,7.6,2.5,True,2,0,0.269,3,13.2,28.0,Summer,Sunday,False
2025-07-13,Lunch,80,False,0.946,168,Plates,7,2.0,24,14.0,3.4,True,1,1,0.575,3,40.6,76.2,Summer,Sunday,False
2025-07-13,Lunch,80,False,0.946,117,Glassware,6,2.17,20,13.0,2.6,True,7,0,0.523,3,31.1,58.3,Summer,Sunday,False
2025-07-13,Lunch,80,False,0.946,221,Cutlery,5,2.18,45,10.9,2.4,True,3,1,0.44,3,36.4,50.0,Summer,Sunday,False
2025-07-13,Lunch,80,False,0.946,23,Cookware,3,2.37,10,7.1,7.0,True,1,0,0.25,3,13.1,30.0,Summer,Sunday,False
2025-07-13,Dinner,114,False,0.946,239,Plates,10,2.05,24,20.5,17.0,True,3,1,1.057,3,58.1,91.1,Summer,Sunday,True
2025-07-13,Dinner,114,False,0.946,162,Glassware,9,2.09,20,18.8,7.7,True,5,0,0.878,3,49.5,94.8,Summer,Sunday,True
2025-07-13,Dinner,114,False,0.946,307,Cutlery,7,2.24,45,15.7,3.8,True,6,0,0.793,3,49.3,64.4,Summer,Sunday,True
2025-07-13,Dinner,114,False,0.946,40,Cookware,4,2.28,10,9.1,2.6,True,1,0,0.473,3,17.7,40.8,Summer,Sunday,True
2025-07-14,Breakfast,75,False,0.876,169,Plates,8,1.89,24,15.2,0.0,True,1,0,0.549,3,43.2,69.6,Summer,Monday,False
2025-07-14,Breakfast,75,False,0.876,111,Glassware,6,2.13,20,12.8,4.1,True,4,0,0.486,3,31.2,67.7,Summer,Monday,False
2025-07-14,Breakfast,75,False,0.876,214,Cutlery,5,1.99,45,9.9,3.5,True,5,1,0.389,3,36.2,56.2,Summer,Monday,False
2025-07-14,Breakfast,75,False,0.876,21,Cookware,3,2.28,10,6.8,1.4,False,0,0,0.25,3,14.0,30.5,Summer,Monday,False
2025-07-14,Lunch,60,False,0.876,129,Plates,6,2.05,24,12.3,0.0,True,3,0,0.453,3,34.3,67.9,Summer,Monday,False
2025-07-14,Lunch,60,False,0.876,94,Glassware,5,2.08,20,10.4,5.3,True,2,0,0.403,3,25.9,47.1,Summer,Monday,False
2025-07-14,Lunch,60,False,0.876,171,Cutlery,4,2.15,45,8.6,0.7,True,1,0,0.336,3,28.2,40.1,Summer,Monday,False
2025-07-14,Lunch,60,False,0.876,9,Cookware,1,2.37,10,2.4,3.0,True,1,0,0.25,3,4.5,10.0,Summer,Monday,False
2025-07-14,Dinner,109,False,0.876,242,Plates,11,2.14,24,23.5,17.6,True,4,1,1.118,3,59.9,114.9,Summer,Monday,True
2025-07-14,Dinner,109,False,0.876,149,Glassware,8,2.06,20,16.4,4.9,True,1,0,0.794,3,43.0,79.8,Summer,Monday,True
2025-07-14,Dinner,109,False,0.876,316,Cutlery,8,2.07,45,16.5,6.6,True,7,2,0.753,3,56.8,75.3,Summer,Monday,True
2025-07-14,Dinner,109,False,0.876,10,Cookware,1,2.48,10,2.5,5.2,False,0,0,0.25,3,4.6,9.9,Summer,Monday,True
2025-07-15,Breakfast,92,True,0.874,202,Plates,9,2.01,24,18.0,8.9,True,3,0,0.695,4,48.6,87.9,Summer,Tuesday,True
2025-07-15,Breakfast,92,True,0.874,126,Glassware,7,2.11,20,14.7,12.5,False,0,0,0.547,4,36.5,77.1,Summer,Tuesday,True
2025-07-15,Breakfast,92,True,0.874,264,Cutlery,6,2.03,45,12.2,9.7,True,6,1,0.489,4,45.6,63.4,Summer,Tuesday,True
2025-07-15,Breakfast,92,True,0.874,18,Cookware,2,2.49,10,5.0,9.6,False,0,0,0.25,4,7.7,17.9,Summer,Tuesday,True
2025-07-15,Lunch,48,True,0.874,101,Plates,5,1.97,24,9.8,8.5,True,1,0,0.341,4,25.8,53.3,Summer,Tuesday,True
2025-07-15,Lunch,48,True,0.874,70,Glassware,4,1.98,20,7.9,10.5,True,2,0,0.285,4,22.0,41.5,Summer,Tuesday,True
2025-07-15,Lunch,48,True,0.874,137,Cutlery,4,2.04,45,8.1,12.0,True,2,0,0.255,4,24.7,46.6,Summer,Tuesday,True
2025-07-15,Lunch,48,True,0.874,13,Cookware,2,2.64,10,5.3,10.8,False,0,0,0.25,4,8.9,20.2,Summer,Tuesday,True
2025-07-15,Dinner,133,True,0.874,289,Plates,13,1.97,24,25.6,26.0,True,10,1,1.231,5,71.6,137.1,Summer,Tuesday,True
2025-07-15,Dinner,133,True,0.874,175,Glassware,9,2.0,20,18.0,17.0,True,3,0,0.909,5,47.3,85.1,Summer,Tuesday,True
2025-07-15,Dinner,133,True,0.874,367,Cutlery,9,2.15,45,19.4,16.1,True,8,1,0.91,5,65.5,96.3,Summer,Tuesday,True
2025-07-15,Dinner,133,True,0.874,28,Cookware,3,2.48,10,7.5,11.0,False,0,0,0.361,5,13.4,31.0,Summer,Tuesday,True
2025-07-16,Breakfast,82,False,0.846,181,Plates,8,1.85,24,14.8,0.0,True,3,0,0.575,3,45.0,80.4,Summer,Wednesday,False
2025-07-16,Breakfast,82,False,0.846,121,Glassware,7,2.21,20,15.5,4.2,True,4,0,0.552,3,36.1,57.0,Summer,Wednesday,False
2025-07-16,Breakfast,82,False,0.846,234,Cutlery,6,2.29,45,13.8,6.4,True,5,0,0.491,3,40.6,52.8,Summer,Wednesday,False
2025-07-16,Breakfast,82,False,0.846,26,Cookware,3,2.29,10,6.9,0.0,True,2,0,0.25,3,14.0,24.2,Summer,Wednesday,False
2025-07-16,Lunch,67,False,0.846,149,Plates,7,2.01,24,14.1,7.5,True,2,1,0.514,3,35.9,69.5,Summer,Wednesday,False
2025-07-16,Lunch,67,False,0.846,93,Glassware,5,2.08,20,10.4,7.5,True,4,2,0.399,3,27.8,49.7,Summer,Wednesday,False
2025-07-16,Lunch,67,False,0.846,187,Cutlery,5,2.08,45,10.4,6.6,True,6,0,0.355,3,34.4,54.6,Summer,Wednesday,False
2025-07-16,Lunch,67,False,0.846,8,Cookware,1,2.4,10,2.4,0.4,False,0,0,0.25,3,4.6,10.1,Summer,Wednesday,False
2025-07-16,Dinner,117,False,0.846,254,Plates,11,2.26,24,24.9,19.1,True,5,0,1.242,3,62.7,98.0,Summer,Wednesday,True
2025-07-16,Dinner,117,False,0.846,166,Glassware,9,2.05,20,18.4,4.4,True,3,0,0.88,3,44.8,79.9,Summer,Wednesday,True
2025-07-16,Dinner,117,False,0.846,315,Cutlery,7,1.97,45,13.8,4.2,True,4,1,0.716,3,51.0,73.6,Summer,Wednesday,True
2025-07-16,Dinner,117,False,0.846,27,Cookware,3,2.39,10,7.2,1.3,True,1,0,0.335,3,12.9,25.0,Summer,Wednesday,True
2025-07-17,Breakfast,85,False,0.849,207,Plates,9,2.03,24,18.3,4.2,False,0,1,0.721,3,49.0,86.8,Summer,Thursday,False
2025-07-17,Breakfast,85,False,0.849,118,Glassware,6,1.94,20,11.6,0.7,True,2,0,0.471,3,30.7,70.4,Summer,Thursday,False
2025-07-17,Breakfast,85,False,0.849,231,Cutlery,6,1.94,45,11.7,0.2,True,5,0,0.411,3,39.0,52.7,Summer,Thursday,False
2025-07-17,Breakfast,85,False,0.849,14,Cookware,2,2.36,10,4.7,3.7,True,1,0,0.25,3,8.8,17.0,Summer,Thursday,False
2025-07-17,Lunch,59,False,0.849,129,Plates,6,2.25,24,13.5,3.1,True,4,0,0.498,3,30.8,70.7,Summer,Thursday,False
2025-07-17,Lunch,59,False,0.849,90,Glassware,5,2.08,20,10.4,0.9,True,2,0,0.385,3,27.6,53.9,Summer,Thursday,False
2025-07-17,Lunch,59,False,0.849,168,Cutlery,4,2.16,45,8.7,4.3,True,4,1,0.333,3,28.9,40.5,Summer,Thursday,False
2025-07-17,Lunch,59,False,0.849,19,Cookware,2,2.53,10,5.1,6.2,True,2,0,0.25,3,10.1,21.5,Summer,Thursday,False
2025-07-17,Dinner,102,False,0.849,227,Plates,10,2.26,24,22.6,19.9,True,8,2,1.109,3,58.4,106.2,Summer,Thursday,True
2025-07-17,Dinner,102,False,0.849,140,Glassware,7,2.11,20,14.8,7.9,True,5,1,0.766,3,36.5,70.8,Summer,Thursday,True
2025-07-17,Dinner,102,False,0.849,287,Cutlery,7,2.23,45,15.6,3.6,True,5,1,0.738,3,48.7,92.0,Summer,Thursday,True
2025-07-17,Dinner,102,False,0.849,29,Cookware,3,2.42,10,7.3,3.3,True,1,0,0.364,3,14.3,27.1,Summer,Thursday,True
2025-07-18,Breakfast,68,False,0.801,153,Plates,7,2.22,24,15.5,2.9,True,2,1,0.582,3,37.9,80.1,Summer,Friday,False
2025-07-18,Breakfast,68,False,0.801,102,Glassware,6,2.04,20,12.2,4.0,True,2,0,0.428,3,30.4,62.5,Summer,Friday,False
2025-07-18,Breakfast,68,False,0.801,189,Cutlery,5,2.09,45,10.4,0.0,True,2,0,0.361,3,33.0,54.5,Summer,Friday,False
2025-07-18,Breakfast,68,False,0.801,17,Cookware,2,2.54,10,5.1,2.3,True,1,0,0.25,3,8.6,20.0,Summer,Friday,False
2025-07-18,Lunch,62,False,0.801,137,Plates,6,2.24,24,13.4,5.8,False,0,0,0.526,3,31.8,59.7,Summer,Friday,False
2025-07-18,Lunch,62,False,0.801,84,Glassware,5,2.14,20,10.7,0.0,True,1,0,0.37,3,26.6,50.2,Summer,Friday,False
2025-07-18,Lunch,62,False,0.801,177,Cutlery,4,2.11,45,8.4,3.1,True,5,0,0.341,3,28.4,46.8,Summer,Friday,False
2025-07-18,Lunch,62,False,0.801,13,Cookware,2,2.52,10,5.0,7.1,True,1,0,0.25,3,9.3,20.5,Summer,Friday,False
2025-07-18,Dinner,98,False,0.801,218,Plates,10,2.12,24,21.2,10.6,True,5,0,0.999,3,52.6,104.6,Summer,Friday,True
2025-07-18,Dinner,98,False,0.801,137,Glassware,7,1.98,20,13.9,4.5,True,4,0,0.703,3,35.4,61.4,Summer,Friday,True
2025-07-18,Dinner,98,False,0.801,279,Cutlery,7,2.22,45,15.5,3.2,True,5,1,0.713,3,48.2,76.3,Summer,Friday,True
2025-07-18,Dinner,98,False,0.801,20,Cookware,2,2.51,10,5.0,0.4,False,0,0,0.26,3,9.5,22.2,Summer,Friday,True
2025-07-19,Breakfast,91,False,0.884,192,Plates,8,2.03,24,16.2,2.3,True,4,0,0.669,3,45.0,79.8,Summer,Saturday,False
2025-07-19,Breakfast,91,False,0.884,116,Glassware,6,2.22,20,13.3,5.8,False,0,0,0.53,3,32.1,60.4,Summer,Saturday,False
2025-07-19,Breakfast,91,False,0.884,247,Cutlery,6,1.81,45,10.9,6.5,True,4,0,0.409,3,43.8,60.9,Summer,Saturday,False
2025-07-19,Breakfast,91,False,0.884,32,Cookware,4,2.54,10,10.2,3.2,False,0,0,0.335,3,16.3,48.9,Summer,Saturday,False
2025-07-19,Lunch,71,False,0.884,149,Plates,7,1.87,24,13.1,5.3,True,5,0,0.478,3,39.6,76.2,Summer,Saturday,False
2025-07-19,Lunch,71,False,0.884,105,Glassware,6,2.07,20,12.4,5.0,True,4,0,0.447,3,32.6,65.5,Summer,Saturday,False
2025-07-19,Lunch,71,False,0.884,201,Cutlery,5,2.06,45,10.3,6.5,True,2,1,0.379,3,34.5,57.9,Summer,Saturday,False
2025-07-19,Lunch,71,False,0.884,12,Cookware,2,2.46,10,4.9,5.6,False,0,0,0.25,3,9.0,20.3,Summer,Saturday,False
2025-07-19,Dinner,90,False,0.884,208,Plates,9,2.05,24,18.4,14.0,True,8,0,0.919,3,51.1,81.5,Summer,Saturday,True
2025-07-19,Dinner,90,False,0.884,120,Glassware,6,1.84,20,11.0,1.4,True,2,0,0.571,3,32.8,61.1,Summer,Saturday,True
2025-07-19,Dinner,90,False,0.884,271,Cutlery,7,2.1,45,14.7,1.9,True,2,1,0.655,3,49.1,69.8,Summer,Saturday,True
2025-07-19,Dinner,90,False,0.884,22,Cookware,3,2.61,10,7.8,8.5,True,1,0,0.298,3,13.3,36.6,Summer,Saturday,True
2025-07-20,Breakfast,76,False,0.872,164,Plates,7,2.3,24,16.1,3.0,True,3,0,0.648,3,44.1,70.2,Summer,Sunday,False
2025-07-20,Breakfast,76,False,0.872,108,Glassware,6,2.17,20,13.0,5.3,True,2,0,0.483,3,32.2,55.2,Summer,Sunday,False
2025-07-20,Breakfast,76,False,0.872,215,Cutlery,5,2.07,45,10.4,5.4,False,0,0,0.407,3,34.4,57.6,Summer,Sunday,False
2025-07-20,Breakfast,76,False,0.872,12,Cookware,2,2.33,10,4.7,6.4,False,0,0,0.25,3,8.9,15.8,Summer,Sunday,False
2025-07-20,Lunch,75,False,0.872,166,Plates,7,2.16,24,15.1,3.5,True,4,0,0.614,3,37.3,73.3,Summer,Sunday,False
2025-07-20,Lunch,75,False,0.872,88,Glassware,5,2.03,20,10.1,11.1,True,2,0,0.367,3,27.5,54.3,Summer,Sunday,False
2025-07-20,Lunch,75,False,0.872,203,Cutlery,5,1.93,45,9.7,7.9,True,4,0,0.359,3,36.3,54.3,Summer,Sunday,False
2025-07-20,Lunch,75,False,0.872,13,Cookware,2,2.63,10,5.3,0.4,False,0,0,0.25,3,9.6,19.4,Summer,Sunday,False
2025-07-20,Dinner,110,False,0.872,237,Plates,10,2.0,24,20.0,13.0,True,5,0,1.024,3,54.6,108.1,Summer,Sunday,True
2025-07-20,Dinner,110,False,0.872,165,Glassware,9,1.89,20,17.0,7.2,True,3,0,0.81,3,47.2,107.2,Summer,Sunday,True
2025-07-20,Dinner,110,False,0.872,310,Cutlery,7,2.26,45,15.8,5.7,True,6,0,0.806,3,51.3,62.2,Summer,Sunday,True
2025-07-20,Dinner,110,False,0.872,20,Cookware,2,2.79,10,5.6,0.0,True,3,0,0.29,3,9.6,18.7,Summer,Sunday,True
2025-07-21,Breakfast,76,False,0.839,161,Plates,7,1.91,24,13.4,3.8,True,3,0,0.528,3,42.9,57.0,Summer,Monday,False
2025-07-21,Breakfast,76,False,0.839,103,Glassware,6,2.11,20,12.6,3.7,False,0,0,0.447,3,29.6,56.8,Summer,Monday,False
2025-07-21,Breakfast,76,False,0.839,211,Cutlery,5,2.18,45,10.9,1.5,True,5,0,0.422,3,36.5,50.4,Summer,Monday,False
2025-07-21,Breakfast,76,False,0.839,10,Cookware,1,2.68,10,2.7,8.9,False,0,0,0.25,3,4.7,10.5,Summer,Monday,False
2025-07-21,Lunch,83,False,0.839,190,Plates,8,2.2,24,17.6,4.0,True,3,1,0.717,3,51.2,87.0,Summer,Monday,False
2025-07-21,Lunch,83,False,0.839,111,Glassware,6,2.11,20,12.7,1.0,True,3,0,0.482,3,30.5,60.8,Summer,Monday,False
2025-07-21,Lunch,83,False,0.839,239,Cutlery,6,2.11,45,12.6,2.6,True,4,1,0.461,3,40.9,47.6,Summer,Monday,False
2025-07-21,Lunch,83,False,0.839,17,Cookware,2,2.55,10,5.1,1.6,True,1,0,0.25,3,8.1,19.8,Summer,Monday,False
2025-07-21,Dinner,107,False,0.839,235,Plates,10,1.91,24,19.1,12.0,True,6,0,0.969,3,53.3,114.3,Summer,Monday,True
2025-07-21,Dinner,107,False,0.839,151,Glassware,8,2.17,20,17.3,3.0,True,5,0,0.848,3,37.8,87.9,Summer,Monday,True
2025-07-21,Dinner,107,False,0.839,312,Cutlery,7,2.07,45,14.5,2.5,True,5,1,0.744,3,50.0,73.7,Summer,Monday,True
2025-07-21,Dinner,107,False,0.839,42,Cookware,5,2.44,10,12.2,0.0,True,1,0,0.531,3,21.5,53.1,Summer,Monday,True
2025-07-22,Breakfast,89,False,0.819,200,Plates,9,2.0,24,18.0,2.5,True,2,0,0.687,3,50.0,102.2,Summer,Tuesday,False
2025-07-22,Breakfast,89,False,0.819,127,Glassware,7,2.06,20,14.4,6.1,True,3,0,0.539,3,37.0,59.2,Summer,Tuesday,False
2025-07-22,Breakfast,89,False,0.819,228,Cutlery,6,1.84,45,11.0,0.0,True,2,0,0.383,3,39.9,63.3,Summer,Tuesday,False
2025-07-22,Breakfast,89,False,0.819,20,Cookware,2,2.41,10,4.8,1.1,False,0,0,0.25,3,9.2,21.9,Summer,Tuesday,False
2025-07-22,Lunch,70,False,0.819,143,Plates,6,2.21,24,13.3,5.1,True,1,0,0.543,3,33.8,64.1,Summer,Tuesday,False
2025-07-22,Lunch,70,False,0.819,92,Glassware,5,2.15,20,10.8,6.8,True,1,0,0.408,3,26.2,56.7,Summer,Tuesday,False
2025-07-22,Lunch,70,False,0.819,197,Cutlery,5,2.17,45,10.9,12.3,True,2,1,0.392,3,33.6,48.9,Summer,Tuesday,False
2025-07-22,Lunch,70,False,0.819,14,Cookware,2,2.3,10,4.6,2.7,True,1,0,0.25,3,8.6,20.1,Summer,Tuesday,False
2025-07-22,Dinner,114,False,0.819,260,Plates,11,2.11,24,23.2,18.5,True,9,2,1.186,3,61.4,107.5,Summer,Tuesday,True
2025-07-22,Dinner,114,False,0.819,156,Glassware,8,2.1,20,16.8,8.6,True,3,0,0.85,3,44.1,78.8,Summer,Tuesday,True
2025-07-22,Dinner,114,False,0.819,325,Cutlery,8,1.87,45,15.0,6.5,True,3,2,0.702,3,54.5,81.0,Summer,Tuesday,True
2025-07-22,Dinner,114,False,0.819,12,Cookware,2,2.39,10,4.8,3.2,False,0,0,0.25,3,8.7,20.7,Summer,Tuesday,True
2025-07-23,Breakfast,88,True,0.856,199,Plates,9,2.13,24,19.2,16.1,True,3,0,0.728,4,46.6,105.4,Summer,Wednesday,True
2025-07-23,Breakfast,88,True,0.856,115,Glassware,6,2.24,20,13.5,5.9,True,1,0,0.531,4,30.5,57.2,Summer,Wednesday,True
2025-07-23,Breakfast,88,True,0.856,232,Cutlery,6,2.06,45,12.4,12.0,True,7,2,0.438,4,40.7,54.6,Summer,Wednesday,True
2025-07-23,Breakfast,88,True,0.856,25,Cookware,3,2.31,10,6.9,6.1,True,1,0,0.25,4,13.2,28.8,Summer,Wednesday,True
2025-07-23,Lunch,51,True,0.856,110,Plates,5,2.22,24,11.1,10.0,True,5,0,0.419,4,26.6,50.2,Summer,Wednesday,True
2025-07-23,Lunch,51,True,0.856,73,Glassware,4,2.19,20,8.8,11.6,True,1,1,0.33,4,20.5,37.5,Summer,Wednesday,True
2025-07-23,Lunch,51,True,0.856,144,Cutlery,4,2.38,45,9.5,8.4,False,0,1,0.314,4,27.5,39.0,Summer,Wednesday,True
2025-07-23,Lunch,51,True,0.856,10,Cookware,1,2.34,10,2.3,16.0,False,0,0,0.25,4,4.7,11.5,Summer,Wednesday,True
2025-07-23,Dinner,140,True,0.856,315,Plates,14,2.09,24,29.3,29.9,True,11,0,1.25,5,74.6,140.5,Summer,Wednesday,True
2025-07-23,Dinner,140,True,0.856,201,Glassware,11,2.03,20,22.3,26.1,True,3,0,1.056,5,60.2,112.3,Summer,Wednesday,True
2025-07-23,Dinner,140,True,0.856,392,Cutlery,9,2.12,45,19.0,21.2,True,9,0,0.955,5,63.7,93.8,Summer,Wednesday,True
2025-07-23,Dinner,140,True,0.856,6,Cookware,1,2.42,10,2.4,15.0,False,0,0,0.25,5,4.5,10.4,Summer,Wednesday,True
2025-07-24,Breakfast,69,False,0.754,156,Plates,7,2.15,24,15.1,0.0,True,4,0,0.576,3,40.4,66.9,Summer,Thursday,False
2025-07-24,Breakfast,69,False,0.754,86,Glassware,5,2.18,20,10.9,2.7,True,1,0,0.385,3,26.4,62.7,Summer,Thursday,False
2025-07-24,Breakfast,69,False,0.754,192,Cutlery,5,2.14,45,10.7,5.1,True,6,1,0.376,3,34.6,44.3,Summer,Thursday,False
2025-07-24,Breakfast,69,False,0.754,10,Cookware,1,2.6,10,2.6,3.7,True,1,0,0.25,3,4.4,10.7,Summer,Thursday,False
2025-07-24,Lunch,53,False,0.754,117,Plates,5,2.19,24,11.0,4.8,True,2,0,0.44,3,26.1,45.5,Summer,Thursday,False
2025-07-24,Lunch,53,False,0.754,71,Glassware,4,1.94,20,7.8,7.5,True,1,0,0.284,3,19.9,41.4,Summer,Thursday,False
2025-07-24,Lunch,53,False,0.754,151,Cutlery,4,2.03,45,8.1,0.0,True,1,0,0.28,3,28.4,43.0,Summer,Thursday,False
2025-07-24,Lunch,53,False,0.754,11,Cookware,2,2.42,10,4.8,0.9,False,0,0,0.25,3,8.9,19.4,Summer,Thursday,False
2025-07-24,Dinner,87,False,0.754,192,Plates,8,2.25,24,18.0,15.1,True,7,0,0.935,3,43.8,90.1,Summer,Thursday,True
2025-07-24,Dinner,87,False,0.754,125,Glassware,7,1.84,20,12.9,5.3,True,1,0,0.596,3,37.2,77.2,Summer,Thursday,True
2025-07-24,Dinner,87,False,0.754,244,Cutlery,6,2.22,45,13.3,1.1,True,4,0,0.625,3,40.5,59.5,Summer,Thursday,True
2025-07-24,Dinner,87,False,0.754,15,Cookware,2,2.56,10,5.1,4.7,True,2,1,0.25,3,9.6,17.6,Summer,Thursday,True
2025-07-25,Breakfast,92,False,0.837,194,Plates,9,1.86,24,16.7,1.2,True,3,0,0.618,3,54.8,79.8,Summer,Friday,False
2025-07-25,Breakfast,92,False,0.837,126,Glassware,7,2.05,20,14.4,6.5,True,3,0,0.533,3,37.2,73.6,Summer,Friday,False
2025-07-25,Breakfast,92,False,0.837,249,Cutlery,6,2.03,45,12.2,4.7,True,4,0,0.462,3,44.0,63.7,Summer,Friday,False
2025-07-25,Breakfast,92,False,0.837,19,Cookware,2,2.91,10,5.8,2.0,True,2,0,0.25,3,9.2,19.6,Summer,Friday,False
2025-07-25,Lunch,43,False,0.837,90,Plates,4,2.17,24,8.7,0.0,True,2,0,0.334,3,22.3,42.8,Summer,Friday,False
2025-07-25,Lunch,43,False,0.837,58,Glassware,3,2.13,20,6.4,2.9,False,0,0,0.254,3,15.6,29.4,Summer,Friday,False
2025-07-25,Lunch,43,False,0.837,118,Cutlery,3,2.07,45,6.2,0.0,False,0,0,0.25,3,21.5,23.2,Summer,Friday,False
2025-07-25,Lunch,43,False,0.837,10,Cookware,1,2.41,10,2.4,3.2,True,1,0,0.25,3,4.9,11.3,Summer,Friday,False
2025-07-25,Dinner,91,False,0.837,204,Plates,9,1.92,24,17.3,4.9,True,6,0,0.846,3,50.0,83.8,Summer,Friday,True
2025-07-25,Dinner,91,False,0.837,108,Glassware,6,2.15,20,12.9,0.0,True,2,0,0.602,3,33.8,56.5,Summer,Friday,True
2025-07-25,Dinner,91,False,0.837,247,Cutlery,6,2.18,45,13.1,1.0,True,3,0,0.62,3,40.8,60.3,Summer,Friday,True
2025-07-25,Dinner,91,False,0.837,26,Cookware,3,2.64,10,7.9,0.0,True,2,0,0.356,3,14.2,29.0,Summer,Friday,True
2025-07-26,Breakfast,79,True,0.813,171,Plates,8,2.18,24,17.4,11.7,True,1,0,0.64,4,41.1,88.5,Summer,Saturday,True
2025-07-26,Breakfast,79,True,0.813,103,Glassware,6,2.22,20,13.3,15.4,True,1,0,0.471,4,30.3,56.5,Summer,Saturday,True
2025-07-26,Breakfast,79,True,0.813,216,Cutlery,5,2.09,45,10.5,13.4,True,5,2,0.413,4,35.5,52.9,Summer,Saturday,True
2025-07-26,Breakfast,79,True,0.813,23,Cookware,3,2.44,10,7.3,15.3,False,0,0,0.25,4,11.6,26.4,Summer,Saturday,True
2025-07-26,Lunch,79,True,0.813,179,Plates,8,2.32,24,18.6,14.9,True,3,0,0.714,4,46.0,62.6,Summer,Saturday,True
2025-07-26,Lunch,79,True,0.813,98,Glassware,5,1.89,20,9.4,12.6,False,0,0,0.381,4,28.1,57.2,Summer,Saturday,True
2025-07-26,Lunch,79,True,0.813,217,Cutlery,5,2.01,45,10.0,6.9,True,8,1,0.399,4,35.4,47.3,Summer,Saturday,True
2025-07-26,Lunch,79,True,0.813,13,Cookware,2,2.34,10,4.7,9.0,True,1,0,0.25,4,8.7,16.2,Summer,Saturday,True
2025-07-26,Dinner,115,True,0.813,265,Plates,12,1.99,24,23.8,28.1,True,9,0,1.137,4,65.3,123.3,Summer,Saturday,True
2025-07-26,Dinner,115,True,0.813,176,Glassware,9,2.17,20,19.5,26.4,True,3,1,0.991,4,50.1,97.7,Summer,Saturday,True
2025-07-26,Dinner,115,True,0.813,329,Cutlery,8,1.95,45,15.6,15.0,True,10,1,0.741,4,57.7,75.0,Summer,Saturday,True
2025-07-26,Dinner,115,True,0.813,31,Cookware,4,2.41,10,9.6,13.1,True,2,0,0.387,4,17.7,32.3,Summer,Saturday,True
2025-07-27,Breakfast,78,False,0.763,177,Plates,8,2.01,24,16.1,0.0,True,5,0,0.611,3,46.7,92.6,Summer,Sunday,False
2025-07-27,Breakfast,78,False,0.763,104,Glassware,6,2.21,20,13.3,2.9,True,2,1,0.474,3,30.3,56.2,Summer,Sunday,False
2025-07-27,Breakfast,78,False,0.763,214,Cutlery,5,1.99,45,9.9,1.9,True,8,0,0.389,3,35.6,49.4,Summer,Sunday,False
2025-07-27,Breakfast,78,False,0.763,12,Cookware,2,2.45,10,4.9,0.9,True,1,0,0.25,3,8.8,20.6,Summer,Sunday,False
2025-07-27,Lunch,58,False,0.763,129,Plates,6,2.25,24,13.5,5.6,True,4,0,0.497,3,34.4,53.1,Summer,Sunday,False
2025-07-27,Lunch,58,False,0.763,88,Glassware,5,2.12,20,10.6,5.3,True,2,0,0.385,3,26.8,37.3,Summer,Sunday,False
2025-07-27,Lunch,58,False,0.763,169,Cutlery,4,2.26,45,9.0,4.3,True,6,0,0.35,3,28.0,46.2,Summer,Sunday,False
2025-07-27,Lunch,58,False,0.763,14,Cookware,2,2.47,10,4.9,4.9,True,2,0,0.25,3,8.4,19.7,Summer,Sunday,False
2025-07-27,Dinner,83,False,0.763,186,Plates,8,2.14,24,17.1,6.3,True,5,0,0.86,3,42.7,82.3,Summer,Sunday,True
2025-07-27,Dinner,83,False,0.763,106,Glassware,6,2.21,20,13.3,9.5,True,1,0,0.609,3,31.5,56.2,Summer,Sunday,True
2025-07-27,Dinner,83,False,0.763,215,Cutlery,5,2.1,45,10.5,7.5,True,5,0,0.519,3,35.4,45.0,Summer,Sunday,True
2025-07-27,Dinner,83,False,0.763,20,Cookware,2,2.37,10,4.7,0.0,True,2,0,0.25,3,9.1,20.6,Summer,Sunday,True
2025-07-28,Breakfast,94,False,0.92,215,Plates,9,2.3,24,20.7,7.6,True,2,0,0.847,3,49.7,117.6,Summer,Monday,False
2025-07-28,Breakfast,94,False,0.92,125,Glassware,7,2.24,20,15.7,1.8,True,2,0,0.577,3,38.0,65.8,Summer,Monday,False
2025-07-28,Breakfast,94,False,0.92,270,Cutlery,6,2.42,45,14.5,1.5,True,6,0,0.597,3,41.8,70.1,Summer,Monday,False
2025-07-28,Breakfast,94,False,0.92,6,Cookware,1,2.51,10,2.5,3.8,False,0,0,0.25,3,4.4,10.0,Summer,Monday,False
2025-07-28,Lunch,53,False,0.92,122,Plates,6,2.12,24,12.7,4.5,True,1,0,0.445,3,32.6,62.4,Summer,Monday,False
2025-07-28,Lunch,53,False,0.92,74,Glassware,4,2.52,20,10.1,2.7,False,0,0,0.384,3,20.7,42.5,Summer,Monday,False
2025-07-28,Lunch,53,False,0.92,145,Cutlery,4,2.24,45,9.0,0.0,True,4,0,0.297,3,26.7,39.2,Summer,Monday,False
2025-07-28,Lunch,53,False,0.92,14,Cookware,2,2.65,10,5.3,1.1,True,2,0,0.25,3,9.4,20.6,Summer,Monday,False
2025-07-28,Dinner,115,False,0.92,244,Plates,11,2.22,24,24.4,16.4,True,3,0,1.169,3,54.8,98.7,Summer,Monday,True
2025-07-28,Dinner,115,False,0.92,152,Glassware,8,2.17,20,17.4,7.5,True,3,0,0.857,3,38.3,83.8,Summer,Monday,True
2025-07-28,Dinner,115,False,0.92,320,Cutlery,8,2.39,45,19.1,13.6,True,7,1,0.882,3,57.8,65.5,Summer,Monday,True
2025-07-28,Dinner,115,False,0.92,28,Cookware,3,2.56,10,7.7,1.4,True,2,0,0.371,3,13.2,29.8,Summer,Monday,True
2025-07-29,Breakfast,90,False,0.9,205,Plates,9,2.08,24,18.7,1.3,True,6,1,0.731,3,53.5,85.0,Summer,Tuesday,False
2025-07-29,Breakfast,90,False,0.9,135,Glassware,7,2.05,20,14.3,2.8,True,1,0,0.569,3,40.9,67.3,Summer,Tuesday,False
2025-07-29,Breakfast,90,False,0.9,267,Cutlery,6,2.18,45,13.1,4.9,True,7,0,0.533,3,43.0,55.1,Summer,Tuesday,False
2025-07-29,Breakfast,90,False,0.9,10,Cookware,1,2.45,10,2.5,2.2,False,0,0,0.25,3,4.6,8.3,Summer,Tuesday,False
2025-07-29,Lunch,52,False,0.9,113,Plates,5,1.92,24,9.6,0.0,False,0,0,0.371,3,30.2,53.2,Summer,Tuesday,False
2025-07-29,Lunch,52,False,0.9,71,Glassware,4,2.1,20,8.4,2.8,True,2,0,0.307,3,20.4,35.5,Summer,Tuesday,False
2025-07-29,Lunch,52,False,0.9,143,Cutlery,4,2.16,45,8.6,0.5,True,4,2,0.283,3,26.3,39.6,Summer,Tuesday,False
2025-07-29,Lunch,52,False,0.9,13,Cookware,2,2.64,10,5.3,0.0,False,0,0,0.25,3,8.6,20.2,Summer,Tuesday,False
2025-07-29,Dinner,121,False,0.9,262,Plates,11,2.15,24,23.6,20.0,True,5,0,1.216,3,62.7,102.6,Summer,Tuesday,True
2025-07-29,Dinner,121,False,0.9,171,Glassware,9,1.92,20,17.3,9.4,True,2,0,0.85,3,48.1,86.0,Summer,Tuesday,True
2025-07-29,Dinner,121,False,0.9,352,Cutlery,8,2.03,45,16.2,5.0,True,5,0,0.823,3,58.8,78.5,Summer,Tuesday,True
2025-07-29,Dinner,121,False,0.9,19,Cookware,2,2.54,10,5.1,1.4,True,2,0,0.251,3,10.2,20.9,Summer,Tuesday,True
2025-07-30,Breakfast,64,False,0.796,143,Plates,6,2.19,24,13.1,0.7,True,1,0,0.536,3,32.3,56.8,Summer,Wednesday,False
2025-07-30,Breakfast,64,False,0.796,93,Glassware,5,2.03,20,10.2,3.9,True,1,0,0.39,3,27.6,54.4,Summer,Wednesday,False
2025-07-30,Breakfast,64,False,0.796,171,Cutlery,4,2.18,45,8.7,0.0,True,6,0,0.341,3,28.0,41.4,Summer,Wednesday,False
2025-07-30,Breakfast,64,False,0.796,16,Cookware,2,2.69,10,5.4,0.0,True,1,0,0.25,3,8.4,16.1,Summer,Wednesday,False
2025-07-30,Lunch,57,False,0.796,120,Plates,5,1.97,24,9.8,2.1,True,1,0,0.405,3,30.2,54.5,Summer,Wednesday,False
2025-07-30,Lunch,57,False,0.796,78,Glassware,4,2.08,20,8.3,0.9,True,1,0,0.333,3,21.3,38.2,Summer,Wednesday,False
2025-07-30,Lunch,57,False,0.796,159,Cutlery,4,1.93,45,7.7,1.8,True,3,0,0.281,3,28.2,28.1,Summer,Wednesday,False
2025-07-30,Lunch,57,False,0.796,13,Cookware,2,2.46,10,4.9,1.6,False,0,0,0.25,3,8.8,24.1,Summer,Wednesday,False
2025-07-30,Dinner,104,False,0.796,216,Plates,9,2.15,24,19.3,12.1,True,6,0,1.001,3,51.2,79.6,Summer,Wednesday,True
2025-07-30,Dinner,104,False,0.796,144,Glassware,8,1.91,20,15.3,0.8,True,2,0,0.712,3,40.6,73.0,Summer,Wednesday,True
2025-07-30,Dinner,104,False,0.796,275,Cutlery,7,1.82,45,12.8,0.0,True,4,1,0.577,3,49.4,88.4,Summer,Wednesday,True
2025-07-30,Dinner,104,False,0.796,23,Cookware,3,2.47,10,7.4,1.1,True,1,0,0.295,3,14.0,29.4,Summer,Wednesday,True
2025-07-31,Breakfast,68,False,0.761,144,Plates,6,2.27,24,13.6,0.0,True,4,0,0.56,3,33.4,60.8,Summer,Thursday,False
2025-07-31,Breakfast,68,False,0.761,90,Glassware,5,2.16,20,10.8,3.7,True,2,0,0.4,3,25.9,52.9,Summer,Thursday,False
2025-07-31,Breakfast,68,False,0.761,191,Cutlery,5,2.19,45,10.9,1.6,True,3,0,0.383,3,34.4,58.1,Summer,Thursday,False
2025-07-31,Breakfast,68,False,0.761,23,Cookware,3,2.53,10,7.6,3.8,True,3,0,0.25,3,14.1,30.7,Summer,Thursday,False
2025-07-31,Lunch,60,False,0.761,133,Plates,6,2.02,24,12.1,3.3,True,3,0,0.46,3,33.9,53.1,Summer,Thursday,False
2025-07-31,Lunch,60,False,0.761,83,Glassware,5,1.68,20,8.4,7.3,False,0,0,0.286,3,25.1,50.1,Summer,Thursday,False
2025-07-31,Lunch,60,False,0.761,170,Cutlery,4,1.85,45,7.4,3.2,True,6,0,0.288,3,30.1,45.0,Summer,Thursday,False
2025-07-31,Lunch,60,False,0.761,11,Cookware,2,2.53,10,5.1,5.7,True,1,0,0.25,3,8.7,18.7,Summer,Thursday,False
2025-07-31,Dinner,100,False,0.761,199,Plates,9,2.32,24,20.9,17.5,True,9,1,0.997,3,50.7,74.2,Summer,Thursday,True
2025-07-31,Dinner,100,False,0.761,134,Glassware,7,2.14,20,15.0,0.3,True,2,0,0.743,3,37.3,68.8,Summer,Thursday,True
2025-07-31,Dinner,100,False,0.761,289,Cutlery,7,2.25,45,15.7,4.5,True,10,1,0.749,3,51.4,74.6,Summer,Thursday,True
2025-07-31,Dinner,100,False,0.761,24,Cookware,3,2.49,10,7.5,1.3,True,2,0,0.31,3,13.1,30.1,Summer,Thursday,True
2025-08-01,Breakfast,90,False,0.808,203,Plates,9,2.02,24,18.2,4.9,True,4,1,0.705,3,51.9,86.8,Summer,Friday,False
2025-08-01,Breakfast,90,False,0.808,122,Glassware,7,2.18,20,15.2,2.4,True,3,1,0.547,3,35.4,62.9,Summer,Friday,False
2025-08-01,Breakfast,90,False,0.808,240,Cutlery,6,1.96,45,11.8,4.6,True,7,0,0.431,3,41.8,56.6,Summer,Friday,False
2025-08-01,Breakfast,90,False,0.808,20,Cookware,2,2.42,10,4.8,3.5,False,0,0,0.25,3,8.5,21.6,Summer,Friday,False
2025-08-01,Lunch,60,False,0.808,129,Plates,6,2.16,24,13.0,0.0,True,1,1,0.478,3,33.0,60.6,Summer,Friday,False
2025-08-01,Lunch,60,False,0.808,81,Glassware,5,1.86,20,9.3,2.0,True,1,0,0.31,3,26.0,54.4,Summer,Friday,False
2025-08-01,Lunch,60,False,0.808,171,Cutlery,4,2.08,45,8.3,1.5,True,1,0,0.326,3,28.2,42.8,Summer,Friday,False
2025-08-01,Lunch,60,False,0.808,14,Cookware,2,2.42,10,4.8,0.0,False,0,0,0.25,3,9.0,22.0,Summer,Friday,False
2025-08-01,Dinner,98,False,0.808,216,Plates,9,1.99,24,17.9,4.1,True,7,0,0.929,3,50.4,99.3,Summer,Friday,True
2025-08-01,Dinner,98,False,0.808,150,Glassware,8,2.2,20,17.6,8.8,True,4,0,0.857,3,42.6,82.3,Summer,Friday,True
2025-08-01,Dinner,98,False,0.808,265,Cutlery,6,2.13,45,12.8,7.0,True,6,1,0.65,3,42.3,62.4,Summer,Friday,True
2025-08-01,Dinner,98,False,0.808,20,Cookware,2,2.3,10,4.6,1.3,False,0,0,0.25,3,8.9,19.6,Summer,Friday,True
2025-08-02,Breakfast,106,False,0.929,245,Plates,11,2.21,24,24.3,13.7,True,2,0,0.929,3,63.2,95.9,Summer,Saturday,False
2025-08-02,Breakfast,106,False,0.929,146,Glassware,8,2.01,20,16.1,0.0,False,0,0,0.603,3,40.3,64.0,Summer,Saturday,False
2025-08-02,Breakfast,106,False,0.929,300,Cutlery,7,2.18,45,15.3,7.0,True,4,0,0.599,3,51.7,65.2,Summer,Saturday,False
2025-08-02,Breakfast,106,False,0.929,30,Cookware,3,2.64,10,7.9,4.6,True,1,0,0.326,3,14.7,29.5,Summer,Saturday,False
2025-08-02,Lunch,90,False,0.929,201,Plates,9,2.02,24,18.2,0.0,True,9,0,0.698,3,50.0,88.5,Summer,Saturday,False
2025-08-02,Lunch,90,False,0.929,141,Glassware,8,2.34,20,18.7,6.4,True,6,0,0.68,3,42.1,87.3,Summer,Saturday,False
2025-08-02,Lunch,90,False,0.929,258,Cutlery,6,1.91,45,11.5,0.0,True,2,0,0.451,3,44.2,54.0,Summer,Saturday,False
2025-08-02,Lunch,90,False,0.929,17,Cookware,2,2.6,10,5.2,0.0,False,0,0,0.25,3,9.3,19.2,Summer,Saturday,False
2025-08-02,Dinner,109,False,0.929,232,Plates,10,2.28,24,22.8,13.2,True,8,0,1.141,3,56.7,117.8,Summer,Saturday,True
2025-08-02,Dinner,109,False,0.929,148,Glassware,8,2.14,20,17.1,9.2,True,4,0,0.822,3,38.8,95.0,Summer,Saturday,True
2025-08-02,Dinner,109,False,0.929,319,Cutlery,8,1.98,45,15.8,4.6,True,4,0,0.728,3,54.9,86.6,Summer,Saturday,True
2025-08-02,Dinner,109,False,0.929,29,Cookware,3,2.37,10,7.1,1.2,True,3,0,0.356,3,13.7,29.7,Summer,Saturday,True
2025-08-03,Breakfast,81,False,0.837,175,Plates,8,2.09,24,16.7,2.0,True,5,1,0.628,3,44.5,103.2,Summer,Sunday,False
2025-08-03,Breakfast,81,False,0.837,115,Glassware,6,2.3,20,13.8,2.2,True,3,0,0.544,3,32.0,62.0,Summer,Sunday,False
2025-08-03,Breakfast,81,False,0.837,224,Cutlery,5,2.12,45,10.6,2.4,True,6,0,0.434,3,38.7,58.4,Summer,Sunday,False
2025-08-03,Breakfast,81,False,0.837,17,Cookware,2,2.36,10,4.7,4.2,True,2,0,0.25,3,8.8,18.1,Summer,Sunday,False
2025-08-03,Lunch,53,False,0.837,111,Plates,5,2.02,24,10.1,1.5,True,1,0,0.384,3,28.5,49.5,Summer,Sunday,False
2025-08-03,Lunch,53,False,0.837,71,Glassware,4,2.03,20,8.1,3.2,False,0,0,0.297,3,20.7,39.9,Summer,Sunday,False
2025-08-03,Lunch,53,False,0.837,150,Cutlery,4,1.95,45,7.8,1.4,True,2,0,0.267,3,28.1,37.7,Summer,Sunday,False
2025-08-03,Lunch,53,False,0.837,15,Cookware,2,2.34,10,4.7,0.0,False,0,0,0.25,3,9.2,18.9,Summer,Sunday,False
2025-08-03,Dinner,100,False,0.837,217,Plates,10,2.08,24,20.8,7.1,True,4,0,0.973,3,57.7,108.7,Summer,Sunday,True
2025-08-03,Dinner,100,False,0.837,153,Glassware,8,1.99,20,16.0,3.3,True,2,1,0.791,3,43.6,72.9,Summer,Sunday,True
2025-08-03,Dinner,100,False,0.837,290,Cutlery,7,2.16,45,15.2,7.2,True,9,0,0.723,3,50.3,75.6,Summer,Sunday,True
2025-08-03,Dinner,100,False,0.837,34,Cookware,4,2.59,10,10.4,0.0,True,1,0,0.457,3,17.3,39.5,Summer,Sunday,True
2025-08-04,Breakfast,78,True,0.843,174,Plates,8,2.23,24,17.9,11.0,True,2,0,0.667,4,44.1,80.4,Summer,Monday,True
2025-08-04,Breakfast,78,True,0.843,114,Glassware,6,1.97,20,11.8,12.3,False,0,0,0.461,4,32.0,62.9,Summer,Monday,True
2025-08-04,Breakfast,78,True,0.843,225,Cutlery,5,2.2,45,11.0,13.0,True,5,0,0.452,4,35.3,45.6,Summer,Monday,True
2025-08-04,Breakfast,78,True,0.843,13,Cookware,2,2.35,10,4.7,14.9,False,0,0,0.25,4,8.5,19.4,Summer,Monday,True
2025-08-04,Lunch,63,True,0.843,134,Plates,6,2.0,24,12.0,18.3,True,6,0,0.46,4,34.9,55.2,Summer,Monday,True
2025-08-04,Lunch,63,True,0.843,92,Glassware,5,2.15,20,10.8,11.6,True,2,0,0.408,4,26.1,49.4,Summer,Monday,True
2025-08-04,Lunch,63,True,0.843,176,Cutlery,4,2.03,45,8.1,14.5,True,2,0,0.328,4,28.3,43.3,Summer,Monday,True
2025-08-04,Lunch,63,True,0.843,5,Cookware,1,2.23,10,2.2,15.2,True,1,0,0.25,4,4.1,9.6,Summer,Monday,True
2025-08-04,Dinner,134,True,0.843,287,Plates,12,2.13,24,25.5,25.5,True,6,0,1.25,5,69.7,106.3,Summer,Monday,True
2025-08-04,Dinner,134,True,0.843,174,Glassware,9,2.24,20,20.1,27.6,True,2,0,1.01,5,47.0,90.8,Summer,Monday,True
2025-08-04,Dinner,134,True,0.843,391,Cutlery,9,2.25,45,20.2,13.5,True,15,0,1.013,5,65.8,92.9,Summer,Monday,True
2025-08-04,Dinner,134,True,0.843,23,Cookware,3,2.41,10,7.2,9.0,True,2,0,0.288,5,13.6,31.7,Summer,Monday,True
2025-08-05,Breakfast,88,False,0.789,197,Plates,9,2.04,24,18.3,0.0,True,3,0,0.688,3,48.1,83.4,Summer,Tuesday,False
2025-08-05,Breakfast,88,False,0.789,111,Glassware,6,2.1,20,12.6,4.7,True,3,0,0.48,3,33.4,63.8,Summer,Tuesday,False
2025-08-05,Breakfast,88,False,0.789,239,Cutlery,6,1.95,45,11.7,4.0,True,3,1,0.426,3,41.3,62.7,Summer,Tuesday,False
2025-08-05,Breakfast,88,False,0.789,19,Cookware,2,2.57,10,5.1,2.4,False,0,0,0.25,3,8.7,19.5,Summer,Tuesday,False
2025-08-05,Lunch,72,False,0.789,154,Plates,7,2.15,24,15.0,3.3,True,4,0,0.567,3,40.1,73.3,Summer,Tuesday,False
2025-08-05,Lunch,72,False,0.789,92,Glassware,5,2.08,20,10.4,2.2,True,2,1,0.394,3,27.1,51.9,Summer,Tuesday,False
2025-08-05,Lunch,72,False,0.789,203,Cutlery,5,2.25,45,11.2,0.0,True,5,0,0.417,3,36.8,50.9,Summer,Tuesday,False
2025-08-05,Lunch,72,False,0.789,14,Cookware,2,2.56,10,5.1,4.2,True,1,0,0.25,3,8.5,21.5,Summer,Tuesday,False
2025-08-05,Dinner,100,False,0.789,209,Plates,9,1.84,24,16.6,6.8,True,2,0,0.832,3,52.2,94.5,Summer,Tuesday,True
2025-08-05,Dinner,100,False,0.789,137,Glassware,7,2.33,20,16.3,5.3,True,2,1,0.828,3,36.9,60.8,Summer,Tuesday,True
2025-08-05,Dinner,100,False,0.789,279,Cutlery,7,1.88,45,13.1,2.8,True,4,0,0.604,3,46.1,61.4,Summer,Tuesday,True
2025-08-05,Dinner,100,False,0.789,28,Cookware,3,2.28,10,6.8,0.7,True,2,0,0.33,3,14.2,36.9,Summer,Tuesday,True
2025-08-06,Breakfast,83,False,0.809,176,Plates,8,2.01,24,16.1,0.2,True,5,1,0.607,3,45.6,76.6,Summer,Wednesday,False
2025-08-06,Breakfast,83,False,0.809,116,Glassware,6,2.01,20,12.1,0.0,True,2,2,0.48,3,31.6,61.1,Summer,Wednesday,False
2025-08-06,Breakfast,83,False,0.809,230,Cutlery,6,2.3,45,13.8,0.0,True,8,2,0.483,3,41.5,61.2,Summer,Wednesday,False
2025-08-06,Breakfast,83,False,0.809,10,Cookware,1,2.36,10,2.4,1.0,False,0,0,0.25,3,4.5,10.3,Summer,Wednesday,False
2025-08-06,Lunch,52,False,0.809,122,Plates,6,2.13,24,12.8,5.1,True,2,1,0.446,3,34.0,54.4,Summer,Wednesday,False
2025-08-06,Lunch,52,False,0.809,70,Glassware,4,2.08,20,8.3,0.0,False,0,0,0.3,3,20.9,38.3,Summer,Wednesday,False
2025-08-06,Lunch,52,False,0.809,145,Cutlery,4,2.07,45,8.3,4.8,True,3,0,0.274,3,27.2,34.8,Summer,Wednesday,False
2025-08-06,Lunch,52,False,0.809,12,Cookware,2,2.37,10,4.7,0.0,False,0,0,0.25,3,8.7,22.1,Summer,Wednesday,False
2025-08-06,Dinner,108,False,0.809,229,Plates,10,2.0,24,20.0,13.3,True,4,0,0.991,3,58.7,91.6,Summer,Wednesday,True
2025-08-06,Dinner,108,False,0.809,143,Glassware,8,2.26,20,18.1,3.2,True,2,0,0.839,3,43.1,84.0,Summer,Wednesday,True
2025-08-06,Dinner,108,False,0.809,296,Cutlery,7,2.0,45,14.0,6.8,True,4,1,0.682,3,48.7,73.8,Summer,Wednesday,True
2025-08-06,Dinner,108,False,0.809,22,Cookware,3,2.21,10,6.6,4.5,True,1,0,0.252,3,13.5,26.5,Summer,Wednesday,True
2025-08-07,Breakfast,103,False,0.804,220,Plates,10,2.06,24,20.6,1.3,True,4,0,0.776,3,59.0,94.6,Summer,Thursday,False
2025-08-07,Breakfast,103,False,0.804,140,Glassware,7,2.43,20,17.0,4.9,True,2,0,0.701,3,42.2,84.7,Summer,Thursday,False
2025-08-07,Breakfast,103,False,0.804,293,Cutlery,7,2.04,45,14.3,8.9,True,6,0,0.546,3,51.1,72.5,Summer,Thursday,False
2025-08-07,Breakfast,103,False,0.804,18,Cookware,2,2.04,10,4.1,1.2,True,3,0,0.25,3,9.3,22.1,Summer,Thursday,False
2025-08-07,Lunch,52,False,0.804,110,Plates,5,2.03,24,10.1,3.7,False,0,1,0.382,3,26.6,52.8,Summer,Thursday,False
2025-08-07,Lunch,52,False,0.804,70,Glassware,4,2.12,20,8.5,3.8,True,2,0,0.306,3,22.0,38.2,Summer,Thursday,False
2025-08-07,Lunch,52,False,0.804,145,Cutlery,4,1.97,45,7.9,6.2,True,3,1,0.261,3,25.6,44.8,Summer,Thursday,False
2025-08-07,Lunch,52,False,0.804,16,Cookware,2,2.46,10,4.9,3.3,True,1,0,0.25,3,9.8,19.9,Summer,Thursday,False
2025-08-07,Dinner,82,False,0.804,191,Plates,8,2.14,24,17.2,8.3,True,3,2,0.885,3,43.4,82.7,Summer,Thursday,True
2025-08-07,Dinner,82,False,0.804,112,Glassware,6,1.96,20,11.8,3.3,True,1,0,0.569,3,33.6,65.7,Summer,Thursday,True
2025-08-07,Dinner,82,False,0.804,246,Cutlery,6,2.07,45,12.4,0.0,True,7,1,0.587,3,43.4,57.3,Summer,Thursday,True
2025-08-07,Dinner,82,False,0.804,22,Cookware,3,2.36,10,7.1,3.1,True,1,0,0.269,3,12.4,31.1,Summer,Thursday,True
2025-08-08,Breakfast,80,False,0.811,162,Plates,7,2.08,24,14.5,3.8,True,3,0,0.578,3,37.3,77.0,Summer,Friday,False
2025-08-08,Breakfast,80,False,0.811,116,Glassware,6,2.09,20,12.5,4.9,True,2,0,0.498,3,31.0,48.3,Summer,Friday,False
2025-08-08,Breakfast,80,False,0.811,214,Cutlery,5,2.14,45,10.7,3.2,True,4,2,0.419,3,38.0,54.1,Summer,Friday,False
2025-08-08,Breakfast,80,False,0.811,16,Cookware,2,2.45,10,4.9,5.8,True,1,0,0.25,3,8.7,22.7,Summer,Friday,False
2025-08-08,Lunch,58,False,0.811,129,Plates,6,2.0,24,12.0,2.3,True,7,0,0.443,3,33.0,69.1,Summer,Friday,False
2025-08-08,Lunch,58,False,0.811,78,Glassware,4,2.14,20,8.6,4.4,True,2,0,0.344,3,20.9,36.5,Summer,Friday,False
2025-08-08,Lunch,58,False,0.811,162,Cutlery,4,2.11,45,8.5,3.3,True,4,0,0.313,3,27.8,53.3,Summer,Friday,False
2025-08-08,Lunch,58,False,0.811,19,Cookware,2,2.47,10,4.9,1.7,False,0,1,0.25,3,8.7,16.5,Summer,Friday,False
2025-08-08,Dinner,88,False,0.811,184,Plates,8,2.19,24,17.5,8.3,True,7,1,0.869,3,45.7,89.4,Summer,Friday,True
2025-08-08,Dinner,88,False,0.811,117,Glassware,6,2.12,20,12.7,0.0,True,3,0,0.644,3,31.6,54.2,Summer,Friday,True
2025-08-08,Dinner,88,False,0.811,247,Cutlery,6,2.0,45,12.0,3.3,True,5,2,0.57,3,46.0,52.3,Summer,Friday,True
2025-08-08,Dinner,88,False,0.811,15,Cookware,2,2.47,10,4.9,3.1,True,2,0,0.25,3,9.0,18.3,Summer,Friday,True
2025-08-09,Breakfast,88,False,0.826,198,Plates,9,2.17,24,19.6,3.7,True,2,1,0.739,3,50.5,85.4,Summer,Saturday,False
2025-08-09,Breakfast,88,False,0.826,119,Glassware,6,1.93,20,11.6,3.5,False,0,1,0.472,3,32.2,67.5,Summer,Saturday,False
2025-08-09,Breakfast,88,False,0.826,233,Cutlery,6,2.21,45,13.2,7.0,True,3,1,0.47,3,42.9,48.9,Summer,Saturday,False
2025-08-09,Breakfast,88,False,0.826,21,Cookware,3,2.57,10,7.7,8.4,True,2,0,0.25,3,12.6,32.5,Summer,Saturday,False
2025-08-09,Lunch,55,False,0.826,122,Plates,6,1.92,24,11.5,0.0,True,2,0,0.401,3,32.4,68.1,Summer,Saturday,False
2025-08-09,Lunch,55,False,0.826,80,Glassware,4,1.95,20,7.8,1.5,False,0,0,0.321,3,22.1,40.9,Summer,Saturday,False
2025-08-09,Lunch,55,False,0.826,154,Cutlery,4,2.25,45,9.0,3.4,True,4,0,0.317,3,28.9,45.2,Summer,Saturday,False
2025-08-09,Lunch,55,False,0.826,23,Cookware,3,2.44,10,7.3,3.5,True,1,0,0.25,3,13.0,30.6,Summer,Saturday,False
2025-08-09,Dinner,109,False,0.826,251,Plates,11,2.26,24,24.8,21.5,True,9,1,1.225,3,61.5,106.2,Summer,Saturday,True
2025-08-09,Dinner,109,False,0.826,156,Glassware,8,2.0,20,16.0,5.1,True,2,0,0.807,3,43.9,67.8,Summer,Saturday,True
2025-08-09,Dinner,109,False,0.826,305,Cutlery,7,2.18,45,15.3,8.1,True,5,0,0.766,3,54.0,74.0,Summer,Saturday,True
2025-08-09,Dinner,109,False,0.826,20,Cookware,2,2.47,10,4.9,3.3,False,0,0,0.256,3,9.4,17.4,Summer,Saturday,True
2025-08-10,Breakfast,83,False,0.798,180,Plates,8,2.08,24,16.6,0.0,True,2,1,0.642,3,42.3,72.0,Summer,Sunday,False
2025-08-10,Breakfast,83,False,0.798,116,Glassware,6,1.95,20,11.7,0.0,True,1,0,0.466,3,32.9,53.3,Summer,Sunday,False
2025-08-10,Breakfast,83,False,0.798,239,Cutlery,6,2.01,45,12.0,3.7,True,5,0,0.438,3,43.7,67.5,Summer,Sunday,False
2025-08-10,Breakfast,83,False,0.798,14,Cookware,2,2.4,10,4.8,11.0,True,1,0,0.25,3,8.9,21.1,Summer,Sunday,False
2025-08-10,Lunch,51,False,0.798,113,Plates,5,1.85,24,9.3,0.0,True,5,0,0.359,3,28.4,47.9,Summer,Sunday,False
2025-08-10,Lunch,51,False,0.798,59,Glassware,3,1.99,20,6.0,6.6,True,2,0,0.25,3,15.6,30.8,Summer,Sunday,False
2025-08-10,Lunch,51,False,0.798,152,Cutlery,4,1.92,45,7.7,4.3,True,1,0,0.267,3,26.0,41.5,Summer,Sunday,False
2025-08-10,Lunch,51,False,0.798,8,Cookware,1,2.49,10,2.5,0.0,False,0,1,0.25,3,4.7,9.9,Summer,Sunday,False
2025-08-10,Dinner,111,False,0.798,243,Plates,11,1.96,24,21.5,16.6,True,7,0,1.027,3,62.2,123.7,Summer,Sunday,True
2025-08-10,Dinner,111,False,0.798,158,Glassware,8,2.17,20,17.3,7.9,True,1,0,0.888,3,42.7,90.5,Summer,Sunday,True
2025-08-10,Dinner,111,False,0.798,304,Cutlery,7,2.04,45,14.3,1.0,True,4,0,0.714,3,49.8,70.9,Summer,Sunday,True
2025-08-10,Dinner,111,False,0.798,11,Cookware,2,2.46,10,4.9,8.0,False,0,0,0.25,3,8.8,20.0,Summer,Sunday,True
2025-08-11,Breakfast,89,False,0.836,195,Plates,9,2.02,24,18.2,0.6,True,3,2,0.676,3,49.6,87.0,Summer,Monday,False
2025-08-11,Breakfast,89,False,0.836,118,Glassware,6,1.96,20,11.8,0.9,False,0,0,0.477,3,32.1,49.3,Summer,Monday,False
2025-08-11,Breakfast,89,False,0.836,254,Cutlery,6,1.82,45,10.9,6.9,True,6,1,0.424,3,42.8,61.8,Summer,Monday,False
2025-08-11,Breakfast,89,False,0.836,27,Cookware,3,2.34,10,7.0,0.0,True,2,0,0.26,3,14.7,25.1,Summer,Monday,False
2025-08-11,Lunch,49,False,0.836,102,Plates,5,1.94,24,9.7,10.0,False,0,0,0.34,3,26.7,41.0,Summer,Monday,False
2025-08-11,Lunch,49,False,0.836,72,Glassware,4,2.14,20,8.6,6.9,True,3,0,0.318,3,20.5,50.4,Summer,Monday,False
2025-08-11,Lunch,49,False,0.836,141,Cutlery,4,2.08,45,8.3,1.9,True,1,0,0.268,3,26.2,35.0,Summer,Monday,False
2025-08-11,Lunch,49,False,0.836,14,Cookware,2,2.6,10,5.2,0.1,False,0,0,0.25,3,8.6,20.6,Summer,Monday,False
2025-08-11,Dinner,92,False,0.836,211,Plates,9,2.09,24,18.8,12.1,True,3,0,0.954,3,49.9,99.6,Summer,Monday,True
2025-08-11,Dinner,92,False,0.836,124,Glassware,7,2.2,20,15.4,1.9,True,5,0,0.708,3,37.4,71.1,Summer,Monday,True
2025-08-11,Dinner,92,False,0.836,264,Cutlery,6,2.34,45,14.0,2.1,True,7,0,0.712,3,43.1,57.3,Summer,Monday,True
2025-08-11,Dinner,92,False,0.836,17,Cookware,2,2.33,10,4.7,2.1,False,0,0,0.25,3,9.4,18.8,Summer,Monday,True
2025-08-12,Breakfast,80,False,0.827,178,Plates,8,2.07,24,16.5,0.5,True,2,1,0.631,3,44.0,87.4,Summer,Tuesday,False
2025-08-12,Breakfast,80,False,0.827,113,Glassware,6,2.16,20,13.0,3.5,True,4,1,0.503,3,31.8,65.1,Summer,Tuesday,False
2025-08-12,Breakfast,80,False,0.827,221,Cutlery,5,2.0,45,10.0,0.0,True,2,0,0.405,3,34.4,55.1,Summer,Tuesday,False
2025-08-12,Breakfast,80,False,0.827,20,Cookware,2,2.5,10,5.0,2.2,True,2,0,0.25,3,8.7,17.4,Summer,Tuesday,False
2025-08-12,Lunch,51,False,0.827,112,Plates,5,2.25,24,11.2,0.0,True,3,0,0.432,3,28.6,46.4,Summer,Tuesday,False
2025-08-12,Lunch,51,False,0.827,62,Glassware,4,2.06,20,8.2,1.7,True,2,0,0.263,3,19.8,44.1,Summer,Tuesday,False
2025-08-12,Lunch,51,False,0.827,139,Cutlery,4,2.16,45,8.6,1.5,True,3,0,0.274,3,25.7,36.6,Summer,Tuesday,False
2025-08-12,Lunch,51,False,0.827,5,Cookware,1,2.31,10,2.3,5.9,False,0,0,0.25,3,3.9,10.6,Summer,Tuesday,False
2025-08-12,Dinner,113,False,0.827,254,Plates,11,2.18,24,24.0,17.1,True,6,3,1.198,3,58.4,107.6,Summer,Tuesday,True
2025-08-12,Dinner,113,False,0.827,147,Glassware,8,2.18,20,17.4,9.5,True,1,1,0.83,3,41.7,84.2,Summer,Tuesday,True
2025-08-12,Dinner,113,False,0.827,318,Cutlery,8,2.08,45,16.6,2.3,True,4,0,0.762,3,55.4,81.4,Summer,Tuesday,True
2025-08-12,Dinner,113,False,0.827,25,Cookware,3,2.5,10,7.5,1.7,True,2,0,0.324,3,13.0,30.9,Summer,Tuesday,True
2025-08-13,Breakfast,91,False,0.737,206,Plates,9,2.15,24,19.3,0.0,True,3,0,0.759,3,51.6,102.2,Summer,Wednesday,False
2025-08-13,Breakfast,91,False,0.737,122,Glassware,7,2.12,20,14.9,2.4,False,0,1,0.533,3,37.8,72.2,Summer,Wednesday,False
2025-08-13,Breakfast,91,False,0.737,255,Cutlery,6,2.23,45,13.4,5.7,True,7,0,0.52,3,42.5,53.9,Summer,Wednesday,False
2025-08-13,Breakfast,91,False,0.737,26,Cookware,3,2.51,10,7.5,5.2,True,2,0,0.268,3,12.6,33.5,Summer,Wednesday,False
2025-08-13,Lunch,53,False,0.737,115,Plates,5,2.21,24,11.1,0.0,True,4,0,0.436,3,27.6,54.3,Summer,Wednesday,False
2025-08-13,Lunch,53,False,0.737,73,Glassware,4,2.24,20,8.9,0.0,True,1,0,0.336,3,19.2,35.0,Summer,Wednesday,False
2025-08-13,Lunch,53,False,0.737,144,Cutlery,4,2.16,45,8.6,7.3,True,2,0,0.284,3,27.5,41.3,Summer,Wednesday,False
2025-08-13,Lunch,53,False,0.737,11,Cookware,2,2.54,10,5.1,0.0,False,0,0,0.25,3,7.8,20.7,Summer,Wednesday,False
2025-08-13,Dinner,95,False,0.737,205,Plates,9,1.85,24,16.6,9.0,True,5,0,0.819,3,49.9,77.6,Summer,Wednesday,True
2025-08-13,Dinner,95,False,0.737,135,Glassware,7,2.22,20,15.6,0.0,False,0,0,0.778,3,35.0,66.4,Summer,Wednesday,True
2025-08-13,Dinner,95,False,0.737,258,Cutlery,6,2.1,45,12.6,9.6,True,5,0,0.625,3,42.8,70.4,Summer,Wednesday,True
2025-08-13,Dinner,95,False,0.737,10,Cookware,1,2.29,10,2.3,2.8,False,0,0,0.25,3,4.3,8.2,Summer,Wednesday,True
2025-08-14,Breakfast,85,False,0.827,197,Plates,9,2.21,24,19.9,0.0,True,3,0,0.748,3,49.8,87.2,Summer,Thursday,False
2025-08-14,Breakfast,85,False,0.827,119,Glassware,6,2.01,20,12.1,0.0,True,6,0,0.492,3,32.5,50.2,Summer,Thursday,False
2025-08-14,Breakfast,85,False,0.827,235,Cutlery,6,2.14,45,12.8,5.6,True,7,0,0.46,3,43.2,56.2,Summer,Thursday,False
2025-08-14,Breakfast,85,False,0.827,22,Cookware,3,2.32,10,6.9,7.4,False,0,0,0.25,3,13.5,28.5,Summer,Thursday,False
2025-08-14,Lunch,41,False,0.827,88,Plates,4,2.17,24,8.7,1.3,True,2,0,0.328,2,22.6,41.8,Summer,Thursday,False
2025-08-14,Lunch,41,False,0.827,61,Glassware,4,2.09,20,8.4,0.0,True,2,0,0.263,2,19.8,34.9,Summer,Thursday,False
2025-08-14,Lunch,41,False,0.827,114,Cutlery,3,1.99,45,6.0,0.1,True,3,0,0.25,2,21.7,27.8,Summer,Thursday,False
2025-08-14,Lunch,41,False,0.827,5,Cookware,1,2.54,10,2.5,1.4,True,1,0,0.25,2,4.5,8.3,Summer,Thursday,False
2025-08-14,Dinner,79,False,0.827,181,Plates,8,2.1,24,16.8,6.1,False,0,0,0.821,3,47.5,80.3,Summer,Thursday,True
2025-08-14,Dinner,79,False,0.827,102,Glassware,6,2.13,20,12.8,4.4,True,1,0,0.564,3,31.9,57.2,Summer,Thursday,True
2025-08-14,Dinner,79,False,0.827,232,Cutlery,6,2.1,45,12.6,3.2,True,3,0,0.562,3,43.7,57.1,Summer,Thursday,True
2025-08-14,Dinner,79,False,0.827,18,Cookware,2,2.4,10,4.8,2.3,False,0,1,0.25,3,9.7,19.9,Summer,Thursday,True
2025-08-15,Breakfast,90,False,0.889,201,Plates,9,2.13,24,19.2,7.4,False,0,0,0.735,3,51.4,99.3,Summer,Friday,False
2025-08-15,Breakfast,90,False,0.889,131,Glassware,7,2.01,20,14.1,2.4,True,4,0,0.543,3,37.4,70.6,Summer,Friday,False
2025-08-15,Breakfast,90,False,0.889,242,Cutlery,6,2.01,45,12.1,5.9,True,2,0,0.446,3,43.7,53.5,Summer,Friday,False
2025-08-15,Breakfast,90,False,0.889,20,Cookware,2,2.25,10,4.5,2.7,True,2,0,0.25,3,8.5,20.7,Summer,Friday,False
2025-08-15,Lunch,66,False,0.889,142,Plates,6,2.08,24,12.5,5.4,True,6,0,0.507,3,32.9,58.5,Summer,Friday,False
2025-08-15,Lunch,66,False,0.889,94,Glassware,5,2.34,20,11.7,1.8,True,2,0,0.454,3,25.5,48.1,Summer,Friday,False
2025-08-15,Lunch,66,False,0.889,185,Cutlery,5,1.92,45,9.6,0.0,True,5,0,0.324,3,34.2,55.3,Summer,Friday,False
2025-08-15,Lunch,66,False,0.889,20,Cookware,2,2.58,10,5.2,2.8,True,1,0,0.25,3,9.0,21.0,Summer,Friday,False
2025-08-15,Dinner,109,False,0.889,241,Plates,11,1.98,24,21.8,10.8,True,11,0,1.03,3,61.7,111.3,Summer,Friday,True
2025-08-15,Dinner,109,False,0.889,153,Glassware,8,2.06,20,16.5,10.3,True,3,0,0.816,3,40.4,79.4,Summer,Friday,True
2025-08-15,Dinner,109,False,0.889,302,Cutlery,7,1.93,45,13.5,5.3,True,4,0,0.672,3,50.3,66.3,Summer,Friday,True
2025-08-15,Dinner,109,False,0.889,25,Cookware,3,2.58,10,7.7,0.0,True,4,0,0.335,3,13.8,33.4,Summer,Friday,True
2025-08-16,Breakfast,81,False,0.844,181,Plates,8,2.13,24,17.1,2.7,True,2,0,0.662,3,43.9,79.1,Summer,Saturday,False
2025-08-16,Breakfast,81,False,0.844,116,Glassware,6,2.15,20,12.9,3.8,True,3,0,0.514,3,29.1,57.1,Summer,Saturday,False
2025-08-16,Breakfast,81,False,0.844,218,Cutlery,5,2.08,45,10.4,4.0,True,6,1,0.414,3,35.5,52.8,Summer,Saturday,False
2025-08-16,Breakfast,81,False,0.844,14,Cookware,2,2.32,10,4.6,6.9,True,1,0,0.25,3,8.8,17.8,Summer,Saturday,False
2025-08-16,Lunch,69,False,0.844,153,Plates,7,1.98,24,13.9,2.4,True,1,0,0.521,3,39.9,68.8,Summer,Saturday,False
2025-08-16,Lunch,69,False,0.844,92,Glassware,5,2.25,20,11.3,3.1,True,1,0,0.427,3,26.4,54.2,Summer,Saturday,False
2025-08-16,Lunch,69,False,0.844,193,Cutlery,5,2.05,45,10.2,0.0,True,2,0,0.362,3,35.6,43.3,Summer,Saturday,False
2025-08-16,Lunch,69,False,0.844,16,Cookware,2,2.4,10,4.8,5.3,True,1,0,0.25,3,9.5,22.5,Summer,Saturday,False
2025-08-16,Dinner,109,False,0.844,239,Plates,10,2.07,24,20.7,11.4,True,10,0,1.069,3,52.8,123.5,Summer,Saturday,True
2025-08-16,Dinner,109,False,0.844,170,Glassware,9,2.14,20,19.3,10.6,True,3,0,0.945,3,51.7,79.9,Summer,Saturday,True
2025-08-16,Dinner,109,False,0.844,304,Cutlery,7,2.2,45,15.4,7.0,True,8,0,0.769,3,51.9,75.8,Summer,Saturday,True
2025-08-16,Dinner,109,False,0.844,35,Cookware,4,2.44,10,9.8,3.2,True,1,0,0.443,3,18.9,44.4,Summer,Saturday,True
2025-08-17,Breakfast,77,False,0.906,175,Plates,8,1.93,24,15.4,4.7,True,2,1,0.58,3,45.4,73.0,Summer,Sunday,False
2025-08-17,Breakfast,77,False,0.906,112,Glassware,6,2.09,20,12.6,4.3,True,3,0,0.482,3,30.5,73.6,Summer,Sunday,False
2025-08-17,Breakfast,77,False,0.906,209,Cutlery,5,2.01,45,10.1,1.7,True,5,0,0.385,3,36.6,51.3,Summer,Sunday,False
2025-08-17,Breakfast,77,False,0.906,19,Cookware,2,2.3,10,4.6,2.1,True,1,0,0.25,3,9.1,22.1,Summer,Sunday,False
2025-08-17,Lunch,56,False,0.906,118,Plates,5,2.16,24,10.8,2.1,True,2,0,0.437,3,28.9,49.1,Summer,Sunday,False
2025-08-17,Lunch,56,False,0.906,77,Glassware,4,2.01,20,8.0,0.0,True,2,0,0.319,3,21.8,47.4,Summer,Sunday,False
2025-08-17,Lunch,56,False,0.906,158,Cutlery,4,2.14,45,8.6,3.5,False,0,0,0.31,3,28.1,40.9,Summer,Sunday,False
2025-08-17,Lunch,56,False,0.906,19,Cookware,2,2.62,10,5.2,6.5,True,1,0,0.25,3,9.2,24.9,Summer,Sunday,False
2025-08-17,Dinner,121,False,0.906,272,Plates,12,1.95,24,23.5,14.7,True,7,0,1.149,3,64.7,111.2,Summer,Sunday,True
2025-08-17,Dinner,121,False,0.906,168,Glassware,9,2.03,20,18.3,11.8,True,4,0,0.884,3,48.6,87.9,Summer,Sunday,True
2025-08-17,Dinner,121,False,0.906,341,Cutlery,8,2.06,45,16.5,6.1,True,6,1,0.811,3,57.3,87.5,Summer,Sunday,True
2025-08-17,Dinner,121,False,0.906,14,Cookware,2,2.47,10,4.9,5.8,True,1,0,0.25,3,9.0,18.4,Summer,Sunday,True
2025-08-18,Breakfast,78,False,0.895,161,Plates,7,2.09,24,14.6,3.6,True,5,0,0.577,3,37.1,77.5,Summer,Monday,False
2025-08-18,Breakfast,78,False,0.895,113,Glassware,6,2.21,20,13.3,0.0,True,2,0,0.515,3,30.2,54.3,Summer,Monday,False
2025-08-18,Breakfast,78,False,0.895,217,Cutlery,5,2.25,45,11.2,0.0,True,4,1,0.446,3,37.8,52.0,Summer,Monday,False
2025-08-18,Breakfast,78,False,0.895,12,Cookware,2,2.48,10,5.0,4.0,False,0,0,0.25,3,8.9,18.9,Summer,Monday,False
2025-08-18,Lunch,58,False,0.895,126,Plates,6,2.12,24,12.7,4.1,True,6,0,0.458,3,31.2,52.3,Summer,Monday,False
2025-08-18,Lunch,58,False,0.895,72,Glassware,4,2.13,20,8.5,1.8,True,2,0,0.316,3,19.7,38.1,Summer,Monday,False
2025-08-18,Lunch,58,False,0.895,165,Cutlery,4,1.97,45,7.9,5.6,True,1,0,0.298,3,29.0,42.3,Summer,Monday,False
2025-08-18,Lunch,58,False,0.895,22,Cookware,3,2.44,10,7.3,2.2,False,0,0,0.25,3,12.8,28.9,Summer,Monday,False
2025-08-18,Dinner,103,False,0.895,226,Plates,10,2.03,24,20.3,15.2,True,6,0,0.989,3,53.8,88.9,Summer,Monday,True
2025-08-18,Dinner,103,False,0.895,138,Glassware,7,1.9,20,13.3,6.4,True,1,0,0.68,3,37.2,74.0,Summer,Monday,True
2025-08-18,Dinner,103,False,0.895,297,Cutlery,7,2.24,45,15.7,0.0,True,5,1,0.766,3,51.1,67.8,Summer,Monday,True
2025-08-18,Dinner,103,False,0.895,29,Cookware,3,2.42,10,7.3,3.9,False,0,0,0.364,3,13.7,27.1,Summer,Monday,True
2025-08-19,Breakfast,90,False,0.83,211,Plates,9,2.03,24,18.3,0.0,True,7,1,0.736,3,50.7,82.7,Summer,Tuesday,False
2025-08-19,Breakfast,90,False,0.83,123,Glassware,7,1.75,20,12.3,0.6,True,1,0,0.444,3,38.4,83.9,Summer,Tuesday,False
2025-08-19,Breakfast,90,False,0.83,267,Cutlery,6,2.11,45,12.6,2.3,True,6,1,0.515,3,41.7,69.9,Summer,Tuesday,False
2025-08-19,Breakfast,90,False,0.83,19,Cookware,2,2.43,10,4.9,0.2,False,0,0,0.25,3,9.6,19.1,Summer,Tuesday,False
2025-08-19,Lunch,42,False,0.83,96,Plates,4,2.03,24,8.1,8.4,False,0,1,0.335,2,23.8,36.9,Summer,Tuesday,False
2025-08-19,Lunch,42,False,0.83,65,Glassware,4,1.95,20,7.8,1.5,True,2,0,0.262,2,20.6,34.8,Summer,Tuesday,False
2025-08-19,Lunch,42,False,0.83,114,Cutlery,3,2.16,45,6.5,1.3,True,3,0,0.25,2,21.0,23.7,Summer,Tuesday,False
2025-08-19,Lunch,42,False,0.83,8,Cookware,1,2.58,10,2.6,0.2,False,0,1,0.25,2,4.8,10.1,Summer,Tuesday,False
2025-08-19,Dinner,122,False,0.83,268,Plates,12,2.08,24,24.9,20.5,True,13,0,1.202,3,71.7,120.8,Summer,Tuesday,True
2025-08-19,Dinner,122,False,0.83,156,Glassware,8,2.18,20,17.5,14.5,True,2,0,0.883,3,42.4,71.1,Summer,Tuesday,True
2025-08-19,Dinner,122,False,0.83,328,Cutlery,8,2.11,45,16.8,6.2,True,9,0,0.796,3,59.0,92.2,Summer,Tuesday,True
2025-08-19,Dinner,122,False,0.83,30,Cookware,3,2.39,10,7.2,4.4,True,2,0,0.372,3,13.0,28.3,Summer,Tuesday,True
2025-08-20,Breakfast,100,False,0.839,211,Plates,9,2.3,24,20.7,9.4,True,1,1,0.832,3,52.8,100.3,Summer,Wednesday,False
2025-08-20,Breakfast,100,False,0.839,133,Glassware,7,2.36,20,16.5,5.0,False,0,0,0.646,3,34.1,72.4,Summer,Wednesday,False
2025-08-20,Breakfast,100,False,0.839,277,Cutlery,7,2.02,45,14.2,3.3,True,2,0,0.513,3,48.5,70.8,Summer,Wednesday,False
2025-08-20,Breakfast,100,False,0.839,16,Cookware,2,2.51,10,5.0,2.5,False,0,0,0.25,3,9.3,18.0,Summer,Wednesday,False
2025-08-20,Lunch,71,False,0.839,165,Plates,7,2.1,24,14.7,2.5,True,2,1,0.596,3,38.0,63.0,Summer,Wednesday,False
2025-08-20,Lunch,71,False,0.839,103,Glassware,6,1.95,20,11.7,8.9,True,2,0,0.414,3,29.3,63.3,Summer,Wednesday,False
2025-08-20,Lunch,71,False,0.839,206,Cutlery,5,2.23,45,11.2,1.2,True,1,0,0.42,3,35.1,57.9,Summer,Wednesday,False
2025-08-20,Lunch,71,False,0.839,11,Cookware,2,2.31,10,4.6,0.2,True,1,0,0.25,3,8.9,17.6,Summer,Wednesday,False
2025-08-20,Dinner,114,False,0.839,245,Plates,11,2.09,24,23.0,15.8,True,5,0,1.107,3,59.4,108.6,Summer,Wednesday,True
2025-08-20,Dinner,114,False,0.839,151,Glassware,8,2.09,20,16.7,3.5,True,1,0,0.817,3,42.4,85.9,Summer,Wednesday,True
2025-08-20,Dinner,114,False,0.839,311,Cutlery,7,2.07,45,14.5,0.8,True,10,0,0.742,3,51.9,65.9,Summer,Wednesday,True
2025-08-20,Dinner,114,False,0.839,37,Cookware,4,2.36,10,9.4,0.0,True,1,0,0.452,3,17.1,42.8,Summer,Wednesday,True
2025-08-21,Breakfast,81,False,0.855,183,Plates,8,2.14,24,17.1,1.1,True,3,0,0.672,3,40.6,94.1,Summer,Thursday,False
2025-08-21,Breakfast,81,False,0.855,126,Glassware,7,2.18,20,15.2,3.2,True,2,1,0.565,3,36.4,67.5,Summer,Thursday,False
2025-08-21,Breakfast,81,False,0.855,236,Cutlery,6,1.87,45,11.2,0.0,True,7,0,0.403,3,42.7,57.0,Summer,Thursday,False
2025-08-21,Breakfast,81,False,0.855,11,Cookware,2,2.4,10,4.8,2.9,False,0,0,0.25,3,8.3,17.4,Summer,Thursday,False
2025-08-21,Lunch,70,False,0.855,144,Plates,6,2.25,24,13.5,0.0,True,5,0,0.555,3,33.5,63.2,Summer,Thursday,False
2025-08-21,Lunch,70,False,0.855,102,Glassware,6,2.35,20,14.1,4.6,True,3,0,0.493,3,31.2,64.1,Summer,Thursday,False
2025-08-21,Lunch,70,False,0.855,184,Cutlery,5,2.06,45,10.3,2.8,True,4,0,0.346,3,34.4,51.2,Summer,Thursday,False
2025-08-21,Lunch,70,False,0.855,21,Cookware,3,2.61,10,7.8,3.3,True,1,0,0.25,3,13.2,26.4,Summer,Thursday,False
2025-08-21,Dinner,104,False,0.855,223,Plates,10,2.2,24,22.0,14.6,True,8,0,1.061,3,55.1,106.8,Summer,Thursday,True
2025-08-21,Dinner,104,False,0.855,156,Glassware,8,2.15,20,17.2,10.1,True,3,0,0.871,3,42.7,82.8,Summer,Thursday,True
2025-08-21,Dinner,104,False,0.855,299,Cutlery,7,2.21,45,15.5,2.8,True,2,1,0.761,3,50.7,73.2,Summer,Thursday,True
2025-08-21,Dinner,104,False,0.855,39,Cookware,4,2.24,10,9.0,5.5,True,1,0,0.454,3,19.0,40.7,Summer,Thursday,True
2025-08-22,Breakfast,78,False,0.747,157,Plates,7,2.13,24,14.9,4.4,True,2,0,0.575,3,39.5,74.3,Summer,Friday,False
2025-08-22,Breakfast,78,False,0.747,105,Glassware,6,2.11,20,12.7,5.2,True,4,0,0.456,3,29.7,55.6,Summer,Friday,False
2025-08-22,Breakfast,78,False,0.747,223,Cutlery,5,2.21,45,11.0,3.7,True,4,0,0.45,3,37.7,54.4,Summer,Friday,False
2025-08-22,Breakfast,78,False,0.747,11,Cookware,2,2.46,10,4.9,1.8,False,0,0,0.25,3,8.5,18.8,Summer,Friday,False
2025-08-22,Lunch,64,False,0.747,140,Plates,6,2.15,24,12.9,3.6,True,3,0,0.515,3,32.8,67.0,Summer,Friday,False
2025-08-22,Lunch,64,False,0.747,93,Glassware,5,2.27,20,11.3,2.1,True,2,0,0.434,3,26.8,51.8,Summer,Friday,False
2025-08-22,Lunch,64,False,0.747,180,Cutlery,4,2.03,45,8.1,7.6,True,6,0,0.334,3,28.9,35.1,Summer,Friday,False
2025-08-22,Lunch,64,False,0.747,14,Cookware,2,2.53,10,5.1,7.2,False,0,0,0.25,3,8.2,20.8,Summer,Friday,False
2025-08-22,Dinner,94,False,0.747,193,Plates,9,2.12,24,19.1,11.3,True,4,0,0.884,3,49.9,103.8,Summer,Friday,True
2025-08-22,Dinner,94,False,0.747,147,Glassware,8,2.14,20,17.2,7.3,True,1,0,0.817,3,42.0,88.5,Summer,Friday,True
2025-08-22,Dinner,94,False,0.747,251,Cutlery,6,1.92,45,11.5,0.3,True,6,0,0.554,3,42.1,61.7,Summer,Friday,True
2025-08-22,Dinner,94,False,0.747,25,Cookware,3,2.7,10,8.1,0.4,False,0,0,0.35,3,13.9,30.2,Summer,Friday,True
2025-08-23,Breakfast,84,False,0.816,173,Plates,8,2.09,24,16.7,1.3,True,3,0,0.62,3,45.6,86.1,Summer,Saturday,False
2025-08-23,Breakfast,84,False,0.816,130,Glassware,7,2.21,20,15.5,6.3,True,5,1,0.592,3,37.8,65.4,Summer,Saturday,False
2025-08-23,Breakfast,84,False,0.816,243,Cutlery,6,2.14,45,12.8,3.7,True,3,0,0.475,3,43.6,57.5,Summer,Saturday,False
2025-08-23,Breakfast,84,False,0.816,17,Cookware,2,2.66,10,5.3,2.1,True,1,0,0.25,3,8.8,17.7,Summer,Saturday,False
2025-08-23,Lunch,45,False,0.816,96,Plates,4,2.05,24,8.2,3.3,True,2,0,0.338,3,24.1,41.0,Summer,Saturday,False
2025-08-23,Lunch,45,False,0.816,63,Glassware,4,2.26,20,9.1,5.5,False,0,0,0.294,3,20.6,51.6,Summer,Saturday,False
2025-08-23,Lunch,45,False,0.816,123,Cutlery,3,2.06,45,6.2,5.7,True,1,0,0.25,3,21.6,26.3,Summer,Saturday,False
2025-08-23,Lunch,45,False,0.816,9,Cookware,1,2.63,10,2.6,5.8,True,2,0,0.25,3,4.4,10.8,Summer,Saturday,False
2025-08-23,Dinner,93,False,0.816,200,Plates,9,2.13,24,19.2,10.5,True,7,1,0.922,3,48.3,96.2,Summer,Saturday,True
2025-08-23,Dinner,93,False,0.816,128,Glassware,7,1.89,20,13.3,2.0,True,6,0,0.629,3,33.4,76.3,Summer,Saturday,True
2025-08-23,Dinner,93,False,0.816,270,Cutlery,6,2.02,45,12.1,6.0,True,9,2,0.628,3,44.1,63.5,Summer,Saturday,True
2025-08-23,Dinner,93,False,0.816,30,Cookware,3,2.53,10,7.6,0.0,True,1,0,0.393,3,13.9,26.8,Summer,Saturday,True
2025-08-24,Breakfast,88,False,0.764,202,Plates,9,2.05,24,18.5,0.0,True,2,0,0.712,3,50.8,86.1,Summer,Sunday,False
2025-08-24,Breakfast,88,False,0.764,122,Glassware,7,2.05,20,14.3,1.0,False,0,0,0.514,3,39.0,73.9,Summer,Sunday,False
2025-08-24,Breakfast,88,False,0.764,239,Cutlery,6,2.12,45,12.7,1.5,True,1,0,0.463,3,42.1,55.7,Summer,Sunday,False
2025-08-24,Breakfast,88,False,0.764,20,Cookware,2,2.44,10,4.9,1.4,True,1,0,0.25,3,8.2,23.5,Summer,Sunday,False
2025-08-24,Lunch,43,False,0.764,101,Plates,5,2.08,24,10.4,3.1,True,4,0,0.36,3,26.5,48.5,Summer,Sunday,False
2025-08-24,Lunch,43,False,0.764,59,Glassware,3,2.2,20,6.6,3.3,False,0,0,0.268,3,15.8,30.5,Summer,Sunday,False
2025-08-24,Lunch,43,False,0.764,119,Cutlery,3,2.21,45,6.6,0.0,True,1,0,0.25,3,20.5,28.0,Summer,Sunday,False
2025-08-24,Lunch,43,False,0.764,9,Cookware,1,2.48,10,2.5,6.4,True,1,0,0.25,3,4.7,10.0,Summer,Sunday,False
2025-08-24,Dinner,96,False,0.764,212,Plates,9,2.2,24,19.8,14.7,True,4,1,1.007,3,50.0,94.3,Summer,Sunday,True
2025-08-24,Dinner,96,False,0.764,138,Glassware,7,2.04,20,14.3,3.9,True,2,1,0.731,3,38.6,69.7,Summer,Sunday,True
2025-08-24,Dinner,96,False,0.764,274,Cutlery,7,2.29,45,16.0,2.5,True,5,0,0.724,3,48.0,86.0,Summer,Sunday,True
2025-08-24,Dinner,96,False,0.764,11,Cookware,2,2.38,10,4.8,4.5,False,0,0,0.25,3,8.4,23.3,Summer,Sunday,True
2025-08-25,Breakfast,73,False,0.856,156,Plates,7,2.03,24,14.2,0.0,True,3,1,0.544,3,39.8,67.1,Summer,Monday,False
2025-08-25,Breakfast,73,False,0.856,99,Glassware,5,2.29,20,11.4,1.6,False,0,0,0.467,3,25.8,51.4,Summer,Monday,False
2025-08-25,Breakfast,73,False,0.856,207,Cutlery,5,2.06,45,10.3,1.9,True,3,1,0.391,3,34.2,48.8,Summer,Monday,False
2025-08-25,Breakfast,73,False,0.856,25,Cookware,3,2.51,10,7.5,8.3,True,1,0,0.259,3,13.9,31.3,Summer,Monday,False
2025-08-25,Lunch,70,False,0.856,168,Plates,7,2.06,24,14.4,0.0,True,3,0,0.593,3,40.8,63.8,Summer,Monday,False
2025-08-25,Lunch,70,False,0.856,96,Glassware,5,2.09,20,10.5,3.7,True,3,0,0.414,3,26.0,55.5,Summer,Monday,False
2025-08-25,Lunch,70,False,0.856,206,Cutlery,5,2.1,45,10.5,5.8,True,6,0,0.397,3,36.0,45.7,Summer,Monday,False
2025-08-25,Lunch,70,False,0.856,15,Cookware,2,2.35,10,4.7,9.1,True,1,0,0.25,3,8.3,20.6,Summer,Monday,False
2025-08-25,Dinner,105,False,0.856,237,Plates,10,2.01,24,20.1,13.3,True,1,0,1.027,3,56.7,105.0,Summer,Monday,True
2025-08-25,Dinner,105,False,0.856,146,Glassware,8,2.31,20,18.5,9.8,True,1,0,0.875,3,42.7,77.4,Summer,Monday,True
2025-08-25,Dinner,105,False,0.856,288,Cutlery,7,1.87,45,13.1,6.2,True,3,2,0.62,3,46.8,66.1,Summer,Monday,True
2025-08-25,Dinner,105,False,0.856,23,Cookware,3,2.48,10,7.4,7.4,True,1,1,0.296,3,13.5,27.5,Summer,Monday,True
2025-08-26,Breakfast,85,False,0.822,189,Plates,8,2.16,24,17.2,0.2,True,4,0,0.699,3,41.9,91.6,Summer,Tuesday,False
2025-08-26,Breakfast,85,False,0.822,109,Glassware,6,2.14,20,12.9,0.0,True,4,0,0.481,3,32.8,58.5,Summer,Tuesday,False
2025-08-26,Breakfast,85,False,0.822,232,Cutlery,6,2.2,45,13.2,3.5,True,4,1,0.467,3,40.9,56.4,Summer,Tuesday,False
2025-08-26,Breakfast,85,False,0.822,35,Cookware,4,2.47,10,9.9,4.2,True,3,0,0.356,3,18.3,39.4,Summer,Tuesday,False
2025-08-26,Lunch,58,False,0.822,137,Plates,6,1.92,24,11.5,2.4,True,1,0,0.451,3,33.9,60.2,Summer,Tuesday,False
2025-08-26,Lunch,58,False,0.822,75,Glassware,4,2.1,20,8.4,6.7,True,1,0,0.324,3,22.4,35.7,Summer,Tuesday,False
2025-08-26,Lunch,58,False,0.822,165,Cutlery,4,2.16,45,8.7,2.5,True,4,1,0.327,3,27.3,43.5,Summer,Tuesday,False
2025-08-26,Lunch,58,False,0.822,13,Cookware,2,2.42,10,4.8,2.9,True,1,0,0.25,3,8.5,20.9,Summer,Tuesday,False
2025-08-26,Dinner,91,False,0.822,206,Plates,9,2.12,24,19.1,8.0,True,6,1,0.944,3,49.0,94.2,Summer,Tuesday,True
2025-08-26,Dinner,91,False,0.822,132,Glassware,7,2.02,20,14.1,0.6,True,3,0,0.69,3,36.0,72.8,Summer,Tuesday,True
2025-08-26,Dinner,91,False,0.822,267,Cutlery,6,2.19,45,13.1,6.5,True,4,2,0.673,3,44.3,62.8,Summer,Tuesday,True
2025-08-26,Dinner,91,False,0.822,11,Cookware,2,2.55,10,5.1,0.4,False,0,0,0.25,3,8.3,17.2,Summer,Tuesday,True
2025-08-27,Breakfast,84,False,0.847,187,Plates,8,2.56,24,20.5,6.3,True,2,0,0.822,3,45.4,83.3,Summer,Wednesday,False
2025-08-27,Breakfast,84,False,0.847,109,Glassware,6,2.03,20,12.2,6.0,True,2,0,0.455,3,30.5,67.6,Summer,Wednesday,False
2025-08-27,Breakfast,84,False,0.847,240,Cutlery,6,2.2,45,13.2,6.7,True,4,2,0.484,3,45.0,53.6,Summer,Wednesday,False
2025-08-27,Breakfast,84,False,0.847,15,Cookware,2,2.64,10,5.3,3.8,False,0,0,0.25,3,8.5,22.0,Summer,Wednesday,False
2025-08-27,Lunch,62,False,0.847,136,Plates,6,2.25,24,13.5,5.7,True,5,0,0.525,3,33.1,58.2,Summer,Wednesday,False
2025-08-27,Lunch,62,False,0.847,81,Glassware,5,2.02,20,10.1,0.0,True,1,0,0.337,3,25.1,49.5,Summer,Wednesday,False
2025-08-27,Lunch,62,False,0.847,175,Cutlery,4,2.39,45,9.6,4.4,True,1,1,0.382,3,28.4,33.5,Summer,Wednesday,False
2025-08-27,Lunch,62,False,0.847,17,Cookware,2,2.52,10,5.0,2.6,False,0,0,0.25,3,8.7,16.7,Summer,Wednesday,False
2025-08-27,Dinner,96,False,0.847,215,Plates,9,1.89,24,17.0,3.9,True,4,0,0.878,3,52.8,92.8,Summer,Wednesday,True
2025-08-27,Dinner,96,False,0.847,132,Glassware,7,1.93,20,13.5,7.8,True,6,0,0.661,3,38.9,67.4,Summer,Wednesday,True
2025-08-27,Dinner,96,False,0.847,268,Cutlery,6,2.05,45,12.3,1.1,True,5,1,0.632,3,44.0,55.1,Summer,Wednesday,True
2025-08-27,Dinner,96,False,0.847,15,Cookware,2,2.53,10,5.1,1.2,True,3,0,0.25,3,9.0,19.3,Summer,Wednesday,True
2025-08-28,Breakfast,73,True,0.795,166,Plates,7,2.24,24,15.7,9.0,True,4,0,0.638,4,41.5,73.0,Summer,Thursday,True
2025-08-28,Breakfast,73,True,0.795,105,Glassware,6,2.22,20,13.3,7.8,True,2,0,0.48,4,29.7,50.8,Summer,Thursday,True
2025-08-28,Breakfast,73,True,0.795,203,Cutlery,5,1.99,45,9.9,8.9,True,6,2,0.369,4,34.9,48.2,Summer,Thursday,True
2025-08-28,Breakfast,73,True,0.795,29,Cookware,3,2.16,10,6.5,13.1,False,0,0,0.257,4,13.9,26.6,Summer,Thursday,True
2025-08-28,Lunch,61,True,0.795,133,Plates,6,2.19,24,13.1,12.3,True,1,0,0.499,4,34.3,61.2,Summer,Thursday,True
2025-08-28,Lunch,61,True,0.795,88,Glassware,5,2.01,20,10.1,7.1,True,1,0,0.364,4,24.9,51.0,Summer,Thursday,True
2025-08-28,Lunch,61,True,0.795,177,Cutlery,4,2.07,45,8.3,8.0,True,1,0,0.335,4,29.0,38.2,Summer,Thursday,True
2025-08-28,Lunch,61,True,0.795,5,Cookware,1,2.35,10,2.4,12.6,False,0,0,0.25,4,4.1,11.5,Summer,Thursday,True
2025-08-28,Dinner,126,True,0.795,264,Plates,11,2.0,24,22.0,28.8,True,3,0,1.142,4,62.0,120.0,Summer,Thursday,True
2025-08-28,Dinner,126,True,0.795,158,Glassware,8,2.08,20,16.6,12.5,True,2,1,0.852,4,41.4,69.8,Summer,Thursday,True
2025-08-28,Dinner,126,True,0.795,350,Cutlery,8,1.95,45,15.6,13.9,True,3,1,0.787,4,58.8,73.6,Summer,Thursday,True
2025-08-28,Dinner,126,True,0.795,19,Cookware,2,2.52,10,5.0,11.2,True,3,0,0.25,4,9.7,21.9,Summer,Thursday,True
2025-08-29,Breakfast,78,False,0.834,170,Plates,8,2.16,24,17.3,7.1,False,0,0,0.631,3,44.5,81.3,Summer,Friday,False
2025-08-29,Breakfast,78,False,0.834,109,Glassware,6,2.22,20,13.3,5.9,True,2,0,0.499,3,32.5,66.2,Summer,Friday,False
2025-08-29,Breakfast,78,False,0.834,218,Cutlery,5,2.13,45,10.6,7.0,True,3,0,0.424,3,38.1,63.9,Summer,Friday,False
2025-08-29,Breakfast,78,False,0.834,5,Cookware,1,2.43,10,2.4,0.8,True,1,0,0.25,3,3.9,9.2,Summer,Friday,False
2025-08-29,Lunch,45,False,0.834,100,Plates,5,2.05,24,10.3,1.2,False,0,0,0.352,3,28.4,45.4,Summer,Friday,False
2025-08-29,Lunch,45,False,0.834,71,Glassware,4,2.01,20,8.0,2.7,False,0,0,0.293,3,20.9,40.3,Summer,Friday,False
2025-08-29,Lunch,45,False,0.834,122,Cutlery,3,2.29,45,6.9,1.2,True,2,0,0.256,3,21.4,32.0,Summer,Friday,False
2025-08-29,Lunch,45,False,0.834,7,Cookware,1,2.66,10,2.7,5.5,False,0,0,0.25,3,4.5,13.1,Summer,Friday,False
2025-08-29,Dinner,98,False,0.834,222,Plates,10,2.18,24,21.8,15.2,True,9,0,1.044,3,57.1,92.4,Summer,Friday,True
2025-08-29,Dinner,98,False,0.834,145,Glassware,8,2.05,20,16.4,3.9,True,3,0,0.772,3,39.6,66.0,Summer,Friday,True
2025-08-29,Dinner,98,False,0.834,279,Cutlery,7,2.16,45,15.1,4.9,True,9,0,0.694,3,49.3,75.0,Summer,Friday,True
2025-08-29,Dinner,98,False,0.834,27,Cookware,3,2.41,10,7.2,6.8,True,2,0,0.337,3,13.3,27.0,Summer,Friday,True
2025-08-30,Breakfast,89,False,0.828,201,Plates,9,2.22,24,20.0,1.7,True,9,0,0.766,3,51.6,85.2,Summer,Saturday,False
2025-08-30,Breakfast,89,False,0.828,126,Glassware,7,2.05,20,14.3,0.0,False,0,1,0.531,3,35.5,71.1,Summer,Saturday,False
2025-08-30,Breakfast,89,False,0.828,260,Cutlery,6,2.13,45,12.8,0.2,True,5,0,0.507,3,45.2,49.5,Summer,Saturday,False
2025-08-30,Breakfast,89,False,0.828,18,Cookware,2,2.6,10,5.2,5.2,True,1,0,0.25,3,9.3,18.9,Summer,Saturday,False
2025-08-30,Lunch,61,False,0.828,129,Plates,6,2.01,24,12.1,7.2,True,4,0,0.445,3,33.2,62.2,Summer,Saturday,False
2025-08-30,Lunch,61,False,0.828,93,Glassware,5,2.39,20,11.9,5.4,True,2,0,0.458,3,27.1,54.6,Summer,Saturday,False
2025-08-30,Lunch,61,False,0.828,169,Cutlery,4,1.95,45,7.8,0.4,False,0,0,0.302,3,29.0,43.6,Summer,Saturday,False
2025-08-30,Lunch,61,False,0.828,19,Cookware,2,2.25,10,4.5,0.3,True,1,0,0.25,3,10.0,16.9,Summer,Saturday,False
2025-08-30,Dinner,124,False,0.828,267,Plates,12,2.16,24,26.0,18.3,True,7,0,1.248,3,64.1,131.1,Summer,Saturday,True
2025-08-30,Dinner,124,False,0.828,194,Glassware,10,2.1,20,21.0,17.1,True,6,0,1.055,3,53.7,89.1,Summer,Saturday,True
2025-08-30,Dinner,124,False,0.828,349,Cutlery,8,2.26,45,18.1,4.4,True,7,0,0.91,3,59.0,87.4,Summer,Saturday,True
2025-08-30,Dinner,124,False,0.828,35,Cookware,4,2.74,10,10.9,4.9,False,0,0,0.496,3,17.6,42.5,Summer,Saturday,True
2025-08-31,Breakfast,83,False,0.765,181,Plates,8,2.05,24,16.4,2.7,True,2,0,0.636,3,45.1,91.3,Summer,Sunday,False
2025-08-31,Breakfast,83,False,0.765,117,Glassware,6,2.0,20,12.0,0.0,True,3,0,0.483,3,29.7,59.1,Summer,Sunday,False
2025-08-31,Breakfast,83,False,0.765,227,Cutlery,6,2.14,45,12.9,7.5,True,5,1,0.445,3,38.2,65.3,Summer,Sunday,False
2025-08-31,Breakfast,83,False,0.765,24,Cookware,3,2.43,10,7.3,1.7,True,1,0,0.25,3,14.3,29.8,Summer,Sunday,False
2025-08-31,Lunch,52,False,0.765,111,Plates,5,2.17,24,10.8,0.9,False,0,0,0.413,3,26.5,57.4,Summer,Sunday,False
2025-08-31,Lunch,52,False,0.765,76,Glassware,4,2.15,20,8.6,5.3,False,0,0,0.337,3,21.6,37.3,Summer,Sunday,False
2025-08-31,Lunch,52,False,0.765,142,Cutlery,4,2.13,45,8.5,8.6,True,2,0,0.276,3,25.7,41.1,Summer,Sunday,False
2025-08-31,Lunch,52,False,0.765,10,Cookware,1,2.47,10,2.5,3.7,False,0,0,0.25,3,4.6,9.1,Summer,Sunday,False
2025-08-31,Dinner,87,False,0.765,186,Plates,8,1.95,24,15.6,0.0,True,5,0,0.782,3,44.7,83.3,Summer,Sunday,True
2025-08-31,Dinner,87,False,0.765,119,Glassware,6,2.05,20,12.3,3.8,True,1,0,0.633,3,30.7,62.8,Summer,Sunday,True
2025-08-31,Dinner,87,False,0.765,247,Cutlery,6,2.28,45,13.7,8.5,True,4,0,0.649,3,43.2,60.0,Summer,Sunday,True
2025-08-31,Dinner,87,False,0.765,21,Cookware,3,2.56,10,7.7,2.3,False,0,0,0.278,3,12.9,28.8,Summer,Sunday,True
2025-09-01,Breakfast,81,False,0.732,172,Plates,8,2.03,24,16.2,4.4,True,4,0,0.599,3,42.0,77.9,Autumn,Monday,False
2025-09-01,Breakfast,81,False,0.732,112,Glassware,6,1.98,20,11.9,3.4,True,1,0,0.456,3,32.3,58.6,Autumn,Monday,False
2025-09-01,Breakfast,81,False,0.732,235,Cutlery,6,2.08,45,12.5,5.1,True,6,1,0.448,3,42.3,60.1,Autumn,Monday,False
2025-09-01,Breakfast,81,False,0.732,16,Cookware,2,2.68,10,5.4,2.2,False,0,0,0.25,3,9.4,19.9,Autumn,Monday,False
2025-09-01,Lunch,56,False,0.732,120,Plates,5,1.97,24,9.8,0.1,True,3,0,0.405,3,28.6,55.2,Autumn,Monday,False
2025-09-01,Lunch,56,False,0.732,82,Glassware,5,2.15,20,10.7,3.9,True,1,0,0.362,3,26.6,62.2,Autumn,Monday,False
2025-09-01,Lunch,56,False,0.732,156,Cutlery,4,2.14,45,8.6,3.4,True,5,2,0.306,3,29.3,41.8,Autumn,Monday,False
2025-09-01,Lunch,56,False,0.732,18,Cookware,2,2.13,10,4.3,5.7,False,0,0,0.25,3,8.6,19.7,Autumn,Monday,False
2025-09-01,Dinner,85,False,0.732,196,Plates,9,2.27,24,20.4,13.1,True,7,0,0.961,3,51.1,96.3,Autumn,Monday,True
2025-09-01,Dinner,85,False,0.732,124,Glassware,7,2.38,20,16.6,4.7,True,5,0,0.764,3,35.0,58.0,Autumn,Monday,True
2025-09-01,Dinner,85,False,0.732,240,Cutlery,6,1.84,45,11.0,7.9,False,0,0,0.508,3,44.3,54.8,Autumn,Monday,True
2025-09-01,Dinner,85,False,0.732,15,Cookware,2,2.4,10,4.8,6.8,False,0,0,0.25,3,8.7,19.3,Autumn,Monday,True
2025-09-02,Breakfast,78,False,0.756,163,Plates,7,2.04,24,14.3,4.4,True,4,0,0.57,3,39.7,78.7,Autumn,Tuesday,False
2025-09-02,Breakfast,78,False,0.756,102,Glassware,6,2.24,20,13.5,6.6,True,2,0,0.471,3,29.7,60.8,Autumn,Tuesday,False
2025-09-02,Breakfast,78,False,0.756,204,Cutlery,5,2.2,45,11.0,1.4,True,5,0,0.41,3,36.8,38.3,Autumn,Tuesday,False
2025-09-02,Breakfast,78,False,0.756,17,Cookware,2,2.23,10,4.5,3.4,False,0,0,0.25,3,8.1,19.0,Autumn,Tuesday,False
2025-09-02,Lunch,53,False,0.756,111,Plates,5,2.13,24,10.7,3.2,True,2,0,0.406,3,27.0,51.1,Autumn,Tuesday,False
2025-09-02,Lunch,53,False,0.756,76,Glassware,4,2.21,20,8.8,3.8,True,2,0,0.345,3,21.6,42.2,Autumn,Tuesday,False
2025-09-02,Lunch,53,False,0.756,149,Cutlery,4,2.12,45,8.5,0.0,True,3,0,0.289,3,25.7,39.5,Autumn,Tuesday,False
2025-09-02,Lunch,53,False,0.756,18,Cookware,2,2.65,10,5.3,5.5,False,0,0,0.25,3,9.2,19.4,Autumn,Tuesday,False
2025-09-02,Dinner,80,False,0.756,178,Plates,8,2.01,24,16.1,8.2,True,3,0,0.773,3,42.6,69.7,Autumn,Tuesday,True
2025-09-02,Dinner,80,False,0.756,118,Glassware,6,2.14,20,12.8,0.9,True,1,0,0.654,3,32.3,60.0,Autumn,Tuesday,True
2025-09-02,Dinner,80,False,0.756,231,Cutlery,6,2.06,45,12.3,3.8,True,7,0,0.548,3,40.0,67.9,Autumn,Tuesday,True
2025-09-02,Dinner,80,False,0.756,12,Cookware,2,2.39,10,4.8,3.1,False,0,0,0.25,3,8.2,20.2,Autumn,Tuesday,True
2025-09-03,Breakfast,91,False,0.718,195,Plates,9,2.06,24,18.5,6.2,True,2,0,0.689,3,49.8,90.9,Autumn,Wednesday,False
2025-09-03,Breakfast,91,False,0.718,141,Glassware,8,2.05,20,16.4,4.8,True,2,1,0.595,3,41.6,70.7,Autumn,Wednesday,False
2025-09-03,Breakfast,91,False,0.718,268,Cutlery,6,2.16,45,13.0,5.4,True,5,0,0.53,3,45.1,60.6,Autumn,Wednesday,False
2025-09-03,Breakfast,91,False,0.718,17,Cookware,2,2.4,10,4.8,6.1,True,2,0,0.25,3,8.9,18.4,Autumn,Wednesday,False
2025-09-03,Lunch,46,False,0.718,104,Plates,5,1.95,24,9.8,2.2,True,3,1,0.349,3,27.8,51.2,Autumn,Wednesday,False
2025-09-03,Lunch,46,False,0.718,59,Glassware,3,2.05,20,6.2,3.8,True,1,0,0.25,3,16.2,23.0,Autumn,Wednesday,False
2025-09-03,Lunch,46,False,0.718,127,Cutlery,3,2.25,45,6.7,3.9,True,2,1,0.261,3,21.3,24.6,Autumn,Wednesday,False
2025-09-03,Lunch,46,False,0.718,16,Cookware,2,2.57,10,5.1,6.8,False,0,0,0.25,3,9.0,20.7,Autumn,Wednesday,False
2025-09-03,Dinner,88,False,0.718,180,Plates,8,2.18,24,17.4,5.1,True,5,1,0.846,3,43.5,69.2,Autumn,Wednesday,True
2025-09-03,Dinner,88,False,0.718,107,Glassware,6,2.25,20,13.5,0.8,True,6,0,0.624,3,31.6,62.2,Autumn,Wednesday,True
2025-09-03,Dinner,88,False,0.718,259,Cutlery,6,2.05,45,12.3,2.3,True,2,1,0.613,3,41.0,58.8,Autumn,Wednesday,True
2025-09-03,Dinner,88,False,0.718,10,Cookware,1,2.52,10,2.5,6.5,False,0,0,0.25,3,4.9,10.6,Autumn,Wednesday,True
2025-09-04,Breakfast,69,False,0.625,151,Plates,7,2.25,24,15.7,4.6,True,1,0,0.582,3,40.5,70.5,Autumn,Thursday,False
2025-09-04,Breakfast,69,False,0.625,98,Glassware,5,2.3,20,11.5,7.5,True,1,0,0.464,3,25.5,52.7,Autumn,Thursday,False
2025-09-04,Breakfast,69,False,0.625,200,Cutlery,5,2.13,45,10.6,2.3,True,4,0,0.389,3,36.6,52.2,Autumn,Thursday,False
2025-09-04,Breakfast,69,False,0.625,14,Cookware,2,2.52,10,5.0,2.6,False,0,0,0.25,3,9.6,18.8,Autumn,Thursday,False
2025-09-04,Lunch,43,False,0.625,98,Plates,5,2.2,24,11.0,5.6,True,1,0,0.37,3,26.0,48.3,Autumn,Thursday,False
2025-09-04,Lunch,43,False,0.625,57,Glassware,3,2.09,20,6.3,3.8,False,0,1,0.25,3,17.1,30.2,Autumn,Thursday,False
2025-09-04,Lunch,43,False,0.625,119,Cutlery,3,2.14,45,6.4,2.4,True,2,0,0.25,3,21.5,28.9,Autumn,Thursday,False
2025-09-04,Lunch,43,False,0.625,7,Cookware,1,2.32,10,2.3,2.4,True,1,0,0.25,3,4.8,10.2,Autumn,Thursday,False
2025-09-04,Dinner,92,False,0.625,202,Plates,9,2.17,24,19.5,3.3,True,3,0,0.946,3,49.0,86.8,Autumn,Thursday,True
2025-09-04,Dinner,92,False,0.625,129,Glassware,7,2.22,20,15.5,7.2,True,3,0,0.742,3,36.6,76.6,Autumn,Thursday,True
2025-09-04,Dinner,92,False,0.625,247,Cutlery,6,1.91,45,11.4,0.0,True,6,0,0.543,3,41.3,59.9,Autumn,Thursday,True
2025-09-04,Dinner,92,False,0.625,26,Cookware,3,2.45,10,7.4,6.5,False,0,0,0.33,3,14.0,32.4,Autumn,Thursday,True
2025-09-05,Breakfast,96,True,0.783,209,Plates,9,2.15,24,19.3,8.0,True,5,0,0.771,4,50.8,92.1,Autumn,Friday,True
2025-09-05,Breakfast,96,True,0.783,113,Glassware,6,2.01,20,12.1,11.4,True,1,0,0.468,4,31.2,61.9,Autumn,Friday,True
2025-09-05,Breakfast,96,True,0.783,258,Cutlery,6,2.14,45,12.8,5.4,True,1,0,0.505,4,42.4,63.0,Autumn,Friday,True
2025-09-05,Breakfast,96,True,0.783,27,Cookware,3,2.67,10,8.0,17.1,False,0,0,0.296,4,14.0,29.6,Autumn,Friday,True
2025-09-05,Lunch,64,True,0.783,148,Plates,7,2.05,24,14.4,13.5,True,3,0,0.521,4,37.8,79.8,Autumn,Friday,True
2025-09-05,Lunch,64,True,0.783,94,Glassware,5,1.98,20,9.9,13.7,True,1,0,0.383,4,25.8,51.0,Autumn,Friday,True
2025-09-05,Lunch,64,True,0.783,175,Cutlery,4,2.03,45,8.1,16.9,True,2,0,0.325,4,28.9,37.8,Autumn,Friday,True
2025-09-05,Lunch,64,True,0.783,18,Cookware,2,2.51,10,5.0,8.7,True,1,0,0.25,4,9.4,20.6,Autumn,Friday,True
2025-09-05,Dinner,126,True,0.783,282,Plates,12,2.36,24,28.3,27.8,True,12,1,1.25,4,69.7,136.4,Autumn,Friday,True
2025-09-05,Dinner,126,True,0.783,167,Glassware,9,2.02,20,18.2,12.3,True,4,0,0.875,4,45.7,107.6,Autumn,Friday,True
2025-09-05,Dinner,126,True,0.783,360,Cutlery,8,2.05,45,16.4,11.6,True,9,2,0.849,4,60.0,76.7,Autumn,Friday,True
2025-09-05,Dinner,126,True,0.783,39,Cookware,4,2.48,10,9.9,10.2,True,2,0,0.503,4,18.8,34.2,Autumn,Friday,True
2025-09-06,Breakfast,66,False,0.692,137,Plates,6,2.09,24,12.6,3.9,True,3,0,0.492,3,31.9,71.1,Autumn,Saturday,False
2025-09-06,Breakfast,66,False,0.692,94,Glassware,5,2.02,20,10.1,3.9,False,0,0,0.391,3,28.9,51.3,Autumn,Saturday,False
2025-09-06,Breakfast,66,False,0.692,182,Cutlery,5,1.99,45,9.9,5.4,True,2,0,0.331,3,31.4,45.4,Autumn,Saturday,False
2025-09-06,Breakfast,66,False,0.692,15,Cookware,2,2.67,10,5.3,2.3,True,2,0,0.25,3,9.4,22.3,Autumn,Saturday,False
2025-09-06,Lunch,49,False,0.692,108,Plates,5,2.0,24,10.0,7.6,True,2,0,0.371,3,26.9,44.2,Autumn,Saturday,False
2025-09-06,Lunch,49,False,0.692,70,Glassware,4,1.96,20,7.9,2.5,True,2,1,0.283,3,20.6,42.5,Autumn,Saturday,False
2025-09-06,Lunch,49,False,0.692,135,Cutlery,3,2.2,45,6.6,3.8,True,5,2,0.272,3,23.1,33.0,Autumn,Saturday,False
2025-09-06,Lunch,49,False,0.692,13,Cookware,2,2.43,10,4.9,4.8,True,1,0,0.25,3,8.3,20.8,Autumn,Saturday,False
2025-09-06,Dinner,90,False,0.692,202,Plates,9,2.07,24,18.6,12.7,True,6,0,0.904,3,53.6,100.1,Autumn,Saturday,True
2025-09-06,Dinner,90,False,0.692,122,Glassware,7,2.31,20,16.1,2.3,True,2,0,0.729,3,36.9,63.5,Autumn,Saturday,True
2025-09-06,Dinner,90,False,0.692,253,Cutlery,6,2.37,45,14.2,4.6,True,6,0,0.692,3,44.9,69.7,Autumn,Saturday,True
2025-09-06,Dinner,90,False,0.692,29,Cookware,3,2.51,10,7.5,2.2,True,2,0,0.377,3,14.1,27.7,Autumn,Saturday,True
2025-09-07,Breakfast,58,False,0.633,130,Plates,6,1.98,24,11.9,3.8,True,2,0,0.441,3,32.6,57.9,Autumn,Sunday,False
2025-09-07,Breakfast,58,False,0.633,88,Glassware,5,1.95,20,9.7,3.4,True,1,0,0.353,3,27.9,49.2,Autumn,Sunday,False
2025-09-07,Breakfast,58,False,0.633,163,Cutlery,4,1.91,45,7.6,3.4,True,4,1,0.285,3,27.1,41.3,Autumn,Sunday,False
2025-09-07,Breakfast,58,False,0.633,22,Cookware,3,2.31,10,6.9,1.3,True,1,0,0.25,3,11.8,29.2,Autumn,Sunday,False
2025-09-07,Lunch,46,False,0.633,98,Plates,5,2.22,24,11.1,5.1,True,3,0,0.374,3,25.3,40.8,Autumn,Sunday,False
2025-09-07,Lunch,46,False,0.633,64,Glassware,4,2.08,20,8.3,6.1,True,1,0,0.274,3,20.4,41.1,Autumn,Sunday,False
2025-09-07,Lunch,46,False,0.633,136,Cutlery,4,2.05,45,8.2,2.8,True,1,1,0.255,3,27.0,34.5,Autumn,Sunday,False
2025-09-07,Lunch,46,False,0.633,6,Cookware,1,2.2,10,2.2,5.5,False,0,0,0.25,3,4.5,10.2,Autumn,Sunday,False
2025-09-07,Dinner,89,False,0.633,187,Plates,8,2.2,24,17.6,10.0,True,3,0,0.89,3,47.5,72.2,Autumn,Sunday,True
2025-09-07,Dinner,89,False,0.633,123,Glassware,7,2.2,20,15.4,1.0,True,3,0,0.7,3,36.1,71.2,Autumn,Sunday,True
2025-09-07,Dinner,89,False,0.633,243,Cutlery,6,2.13,45,12.8,0.4,True,5,0,0.595,3,42.4,50.6,Autumn,Sunday,True
2025-09-07,Dinner,89,False,0.633,26,Cookware,3,2.34,10,7.0,2.0,True,2,0,0.315,3,13.0,30.9,Autumn,Sunday,True
2025-09-08,Breakfast,72,False,0.678,158,Plates,7,2.05,24,14.3,7.6,True,2,0,0.555,3,39.0,75.0,Autumn,Monday,False
2025-09-08,Breakfast,72,False,0.678,101,Glassware,6,2.31,20,13.9,4.3,True,1,0,0.48,3,31.1,61.9,Autumn,Monday,False
2025-09-08,Breakfast,72,False,0.678,206,Cutlery,5,2.3,45,11.5,0.0,True,5,1,0.434,3,35.8,44.3,Autumn,Monday,False
2025-09-08,Breakfast,72,False,0.678,19,Cookware,2,2.42,10,4.8,10.2,False,0,0,0.25,3,8.1,21.3,Autumn,Monday,False
2025-09-08,Lunch,42,False,0.678,92,Plates,4,2.03,24,8.1,3.3,True,1,0,0.321,2,23.4,42.4,Autumn,Monday,False
2025-09-08,Lunch,42,False,0.678,60,Glassware,3,2.12,20,6.4,2.7,False,0,0,0.262,2,15.4,23.5,Autumn,Monday,False
2025-09-08,Lunch,42,False,0.678,117,Cutlery,3,2.23,45,6.7,2.2,False,0,0,0.25,2,20.8,32.6,Autumn,Monday,False
2025-09-08,Lunch,42,False,0.678,6,Cookware,1,2.59,10,2.6,0.0,False,0,0,0.25,2,4.2,11.7,Autumn,Monday,False
2025-09-08,Dinner,76,False,0.678,170,Plates,8,2.24,24,17.9,9.8,True,3,0,0.822,3,44.3,76.2,Autumn,Monday,True
2025-09-08,Dinner,76,False,0.678,112,Glassware,6,2.12,20,12.7,4.1,False,0,0,0.615,3,30.0,58.7,Autumn,Monday,True
2025-09-08,Dinner,76,False,0.678,215,Cutlery,5,1.95,45,9.8,4.3,True,3,0,0.484,3,36.6,44.4,Autumn,Monday,True
2025-09-08,Dinner,76,False,0.678,21,Cookware,3,2.35,10,7.0,3.5,False,0,0,0.255,3,11.8,32.7,Autumn,Monday,True
2025-09-09,Breakfast,55,True,0.603,123,Plates,6,2.03,24,12.2,7.9,False,0,0,0.429,4,32.5,58.3,Autumn,Tuesday,True
2025-09-09,Breakfast,55,True,0.603,77,Glassware,4,2.09,20,8.3,9.1,False,0,0,0.331,4,22.9,36.8,Autumn,Tuesday,True
2025-09-09,Breakfast,55,True,0.603,150,Cutlery,4,2.2,45,8.8,11.4,False,0,1,0.302,4,24.5,36.2,Autumn,Tuesday,True
2025-09-09,Breakfast,55,True,0.603,17,Cookware,2,2.35,10,4.7,11.0,True,1,0,0.25,4,9.2,21.4,Autumn,Tuesday,True
2025-09-09,Lunch,43,True,0.603,90,Plates,4,2.02,24,8.1,10.3,False,0,0,0.312,4,22.8,43.0,Autumn,Tuesday,True
2025-09-09,Lunch,43,True,0.603,61,Glassware,4,1.89,20,7.6,13.1,True,1,0,0.25,4,20.0,40.8,Autumn,Tuesday,True
2025-09-09,Lunch,43,True,0.603,113,Cutlery,3,2.2,45,6.6,11.4,True,3,0,0.25,4,19.2,29.8,Autumn,Tuesday,True
2025-09-09,Lunch,43,True,0.603,11,Cookware,2,2.63,10,5.3,10.1,False,0,0,0.25,4,8.0,19.8,Autumn,Tuesday,True
2025-09-09,Dinner,98,True,0.603,222,Plates,10,2.13,24,21.3,21.2,True,4,2,1.024,4,55.7,99.9,Autumn,Tuesday,True
2025-09-09,Dinner,98,True,0.603,137,Glassware,7,2.08,20,14.6,4.0,True,3,0,0.738,4,37.1,75.6,Autumn,Tuesday,True
2025-09-09,Dinner,98,True,0.603,281,Cutlery,7,2.27,45,15.9,15.6,True,5,0,0.735,4,49.5,74.3,Autumn,Tuesday,True
2025-09-09,Dinner,98,True,0.603,24,Cookware,3,2.3,10,6.9,9.2,False,0,0,0.287,4,14.0,27.1,Autumn,Tuesday,True
2025-09-10,Breakfast,71,False,0.708,157,Plates,7,2.19,24,15.3,0.6,True,6,0,0.591,3,40.0,82.2,Autumn,Wednesday,False
2025-09-10,Breakfast,71,False,0.708,93,Glassware,5,2.21,20,11.0,6.7,True,2,0,0.422,3,26.6,46.9,Autumn,Wednesday,False
2025-09-10,Breakfast,71,False,0.708,198,Cutlery,5,2.27,45,11.4,1.6,False,0,0,0.412,3,33.4,56.5,Autumn,Wednesday,False
2025-09-10,Breakfast,71,False,0.708,13,Cookware,2,2.71,10,5.4,3.8,True,1,0,0.25,3,8.7,20.4,Autumn,Wednesday,False
2025-09-10,Lunch,30,False,0.708,68,Plates,3,2.1,24,6.3,5.1,True,3,0,0.25,2,17.4,31.4,Autumn,Wednesday,False
2025-09-10,Lunch,30,False,0.708,48,Glassware,3,2.11,20,6.3,3.3,False,0,1,0.25,2,15.1,27.6,Autumn,Wednesday,False
2025-09-10,Lunch,30,False,0.708,80,Cutlery,2,2.27,45,4.5,5.0,True,1,0,0.25,2,13.5,21.2,Autumn,Wednesday,False
2025-09-10,Lunch,30,False,0.708,9,Cookware,1,2.63,10,2.6,3.2,True,1,0,0.25,2,4.2,10.8,Autumn,Wednesday,False
2025-09-10,Dinner,80,False,0.708,174,Plates,8,2.13,24,17.0,15.2,True,2,0,0.8,3,42.5,74.7,Autumn,Wednesday,True
2025-09-10,Dinner,80,False,0.708,110,Glassware,6,1.98,20,11.9,4.2,True,3,0,0.565,3,28.7,60.5,Autumn,Wednesday,True
2025-09-10,Dinner,80,False,0.708,217,Cutlery,5,2.11,45,10.5,4.1,True,5,0,0.527,3,36.5,46.2,Autumn,Wednesday,True
2025-09-10,Dinner,80,False,0.708,22,Cookware,3,2.87,10,8.6,0.8,False,0,0,0.327,3,14.2,30.6,Autumn,Wednesday,True
2025-09-11,Breakfast,57,False,0.636,125,Plates,6,2.04,24,12.2,5.7,True,2,0,0.438,3,33.9,59.7,Autumn,Thursday,False
2025-09-11,Breakfast,57,False,0.636,85,Glassware,5,1.9,20,9.5,0.1,False,0,0,0.332,3,26.1,53.3,Autumn,Thursday,False
2025-09-11,Breakfast,57,False,0.636,159,Cutlery,4,2.28,45,9.1,4.5,True,1,0,0.332,3,27.0,38.0,Autumn,Thursday,False
2025-09-11,Breakfast,57,False,0.636,13,Cookware,2,2.6,10,5.2,1.5,False,0,0,0.25,3,8.6,20.0,Autumn,Thursday,False
2025-09-11,Lunch,26,False,0.636,62,Plates,3,1.97,24,5.9,2.9,False,0,0,0.25,2,16.4,29.5,Autumn,Thursday,False
2025-09-11,Lunch,26,False,0.636,32,Glassware,2,2.24,20,4.5,3.7,True,1,0,0.25,2,9.7,18.2,Autumn,Thursday,False
2025-09-11,Lunch,26,False,0.636,74,Cutlery,2,1.99,45,4.0,0.4,True,2,1,0.25,2,13.8,21.0,Autumn,Thursday,False
2025-09-11,Lunch,26,False,0.636,5,Cookware,1,2.67,10,2.7,1.9,False,0,0,0.25,2,3.8,11.2,Autumn,Thursday,False
2025-09-11,Dinner,50,False,0.636,106,Plates,5,2.22,24,11.1,5.4,True,3,1,0.508,3,29.9,39.4,Autumn,Thursday,True
2025-09-11,Dinner,50,False,0.636,66,Glassware,4,2.01,20,8.1,0.0,True,1,0,0.345,3,20.4,42.1,Autumn,Thursday,True
2025-09-11,Dinner,50,False,0.636,141,Cutlery,4,1.89,45,7.6,6.3,True,3,1,0.308,3,26.4,31.6,Autumn,Thursday,True
2025-09-11,Dinner,50,False,0.636,8,Cookware,1,2.52,10,2.5,7.8,True,1,0,0.25,3,4.6,10.8,Autumn,Thursday,True
2025-09-12,Breakfast,66,False,0.658,135,Plates,6,2.3,24,13.8,2.3,True,2,0,0.533,3,34.0,54.3,Autumn,Friday,False
2025-09-12,Breakfast,66,False,0.658,84,Glassware,5,1.81,20,9.1,1.9,False,0,1,0.313,3,25.6,54.3,Autumn,Friday,False
2025-09-12,Breakfast,66,False,0.658,184,Cutlery,5,2.06,45,10.3,1.1,True,1,0,0.346,3,33.2,43.1,Autumn,Friday,False
2025-09-12,Breakfast,66,False,0.658,21,Cookware,3,2.44,10,7.3,4.0,True,1,0,0.25,3,12.3,29.1,Autumn,Friday,False
2025-09-12,Lunch,57,False,0.658,122,Plates,6,2.31,24,13.9,9.9,True,1,1,0.484,3,31.2,56.4,Autumn,Friday,False
2025-09-12,Lunch,57,False,0.658,80,Glassware,4,2.02,20,8.1,0.3,True,2,0,0.333,3,20.6,40.8,Autumn,Friday,False
2025-09-12,Lunch,57,False,0.658,160,Cutlery,4,2.15,45,8.6,0.0,True,4,1,0.314,3,26.3,33.6,Autumn,Friday,False
2025-09-12,Lunch,57,False,0.658,6,Cookware,1,2.4,10,2.4,3.3,False,0,0,0.25,3,4.2,10.9,Autumn,Friday,False
2025-09-12,Dinner,69,False,0.658,147,Plates,7,2.33,24,16.3,1.6,True,2,0,0.74,3,35.8,72.3,Autumn,Friday,True
2025-09-12,Dinner,69,False,0.658,90,Glassware,5,2.13,20,10.7,4.1,True,1,0,0.498,3,26.7,49.6,Autumn,Friday,True
2025-09-12,Dinner,69,False,0.658,189,Cutlery,5,2.11,45,10.5,0.0,True,2,0,0.459,3,34.3,46.7,Autumn,Friday,True
2025-09-12,Dinner,69,False,0.658,15,Cookware,2,2.5,10,5.0,0.7,False,0,0,0.25,3,9.2,20.4,Autumn,Friday,True
2025-09-13,Breakfast,63,False,0.672,130,Plates,6,2.28,24,13.7,3.9,True,1,0,0.508,3,32.9,64.5,Autumn,Saturday,False
2025-09-13,Breakfast,63,False,0.672,79,Glassware,4,2.02,20,8.1,5.1,False,0,0,0.329,3,21.7,44.3,Autumn,Saturday,False
2025-09-13,Breakfast,63,False,0.672,175,Cutlery,4,2.14,45,8.5,0.7,True,3,0,0.342,3,31.0,39.6,Autumn,Saturday,False
2025-09-13,Breakfast,63,False,0.672,8,Cookware,1,2.53,10,2.5,1.6,False,0,0,0.25,3,4.3,10.9,Autumn,Saturday,False
2025-09-13,Lunch,52,False,0.672,111,Plates,5,1.89,24,9.5,3.6,True,4,0,0.361,3,25.8,50.3,Autumn,Saturday,False
2025-09-13,Lunch,52,False,0.672,76,Glassware,4,2.04,20,8.2,8.3,True,6,0,0.319,3,22.7,40.2,Autumn,Saturday,False
2025-09-13,Lunch,52,False,0.672,148,Cutlery,4,2.08,45,8.3,6.9,True,1,0,0.282,3,27.3,38.9,Autumn,Saturday,False
2025-09-13,Lunch,52,False,0.672,14,Cookware,2,2.4,10,4.8,1.9,False,0,0,0.25,3,8.7,17.9,Autumn,Saturday,False
2025-09-13,Dinner,83,False,0.672,179,Plates,8,2.12,24,16.9,8.1,True,6,0,0.818,3,45.1,79.0,Autumn,Saturday,True
2025-09-13,Dinner,83,False,0.672,111,Glassware,6,2.2,20,13.2,2.3,True,3,0,0.633,3,31.8,69.0,Autumn,Saturday,True
2025-09-13,Dinner,83,False,0.672,236,Cutlery,6,2.23,45,13.4,5.6,True,7,1,0.605,3,40.3,66.1,Autumn,Saturday,True
2025-09-13,Dinner,83,False,0.672,27,Cookware,3,2.38,10,7.1,4.6,True,2,0,0.334,3,13.2,33.6,Autumn,Saturday,True
2025-09-14,Breakfast,54,False,0.744,116,Plates,5,2.16,24,10.8,0.0,True,2,0,0.43,3,29.3,49.0,Autumn,Sunday,False
2025-09-14,Breakfast,54,False,0.744,77,Glassware,4,2.07,20,8.3,3.7,True,1,0,0.327,3,22.4,44.4,Autumn,Sunday,False
2025-09-14,Breakfast,54,False,0.744,154,Cutlery,4,2.06,45,8.3,2.4,True,3,0,0.291,3,26.9,41.5,Autumn,Sunday,False
2025-09-14,Breakfast,54,False,0.744,9,Cookware,1,2.44,10,2.4,4.4,False,0,0,0.25,3,4.7,9.8,Autumn,Sunday,False
2025-09-14,Lunch,71,False,0.744,151,Plates,7,2.07,24,14.5,6.7,True,3,0,0.536,3,40.5,73.8,Autumn,Sunday,False
2025-09-14,Lunch,71,False,0.744,101,Glassware,6,2.09,20,12.5,1.6,True,1,0,0.434,3,29.0,66.4,Autumn,Sunday,False
2025-09-14,Lunch,71,False,0.744,197,Cutlery,5,2.08,45,10.4,0.0,True,2,0,0.375,3,35.8,46.1,Autumn,Sunday,False
2025-09-14,Lunch,71,False,0.744,13,Cookware,2,2.55,10,5.1,2.1,True,1,0,0.25,3,8.9,22.7,Autumn,Sunday,False
2025-09-14,Dinner,104,False,0.744,230,Plates,10,2.05,24,20.5,14.8,True,7,0,1.021,3,56.4,89.1,Autumn,Sunday,True
2025-09-14,Dinner,104,False,0.744,142,Glassware,8,2.17,20,17.4,2.1,True,1,0,0.8,3,41.1,90.8,Autumn,Sunday,True
2025-09-14,Dinner,104,False,0.744,287,Cutlery,7,2.01,45,14.1,9.1,True,6,0,0.665,3,50.6,62.6,Autumn,Sunday,True
2025-09-14,Dinner,104,False,0.744,31,Cookware,4,2.32,10,9.3,6.6,True,2,0,0.373,3,17.7,32.1,Autumn,Sunday,True
2025-09-15,Breakfast,59,False,0.695,129,Plates,6,2.14,24,12.9,2.0,True,3,1,0.474,3,32.1,60.7,Autumn,Monday,False
2025-09-15,Breakfast,59,False,0.695,83,Glassware,5,2.19,20,11.0,7.1,True,2,0,0.375,3,25.9,50.0,Autumn,Monday,False
2025-09-15,Breakfast,59,False,0.695,170,Cutlery,4,2.04,45,8.2,2.4,True,3,0,0.317,3,28.2,45.4,Autumn,Monday,False
2025-09-15,Breakfast,59,False,0.695,20,Cookware,2,2.25,10,4.5,5.5,True,1,0,0.25,3,9.2,20.4,Autumn,Monday,False
2025-09-15,Lunch,61,False,0.695,136,Plates,6,2.1,24,12.6,2.4,True,3,0,0.489,3,34.6,57.7,Autumn,Monday,False
2025-09-15,Lunch,61,False,0.695,79,Glassware,4,2.16,20,8.6,9.5,True,1,0,0.351,3,22.7,40.9,Autumn,Monday,False
2025-09-15,Lunch,61,False,0.695,168,Cutlery,4,2.02,45,8.1,0.0,True,4,0,0.311,3,27.9,40.3,Autumn,Monday,False
2025-09-15,Lunch,61,False,0.695,13,Cookware,2,2.45,10,4.9,3.1,True,2,0,0.25,3,9.1,17.3,Autumn,Monday,False
2025-09-15,Dinner,92,False,0.695,192,Plates,8,2.04,24,16.4,7.3,True,5,0,0.848,3,44.8,83.5,Autumn,Monday,True
2025-09-15,Dinner,92,False,0.695,112,Glassware,6,2.05,20,12.3,4.6,True,3,0,0.596,3,30.9,61.3,Autumn,Monday,True
2025-09-15,Dinner,92,False,0.695,268,Cutlery,6,1.95,45,11.7,4.2,True,6,1,0.603,3,43.9,59.1,Autumn,Monday,True
2025-09-15,Dinner,92,False,0.695,32,Cookware,4,2.5,10,10.0,2.4,True,1,0,0.415,3,16.9,45.8,Autumn,Monday,True
2025-09-16,Breakfast,72,False,0.669,148,Plates,7,2.01,24,14.0,5.3,True,1,0,0.509,3,35.7,77.1,Autumn,Tuesday,False
2025-09-16,Breakfast,72,False,0.669,101,Glassware,6,1.94,20,11.6,5.5,True,2,0,0.403,3,30.6,59.6,Autumn,Tuesday,False
2025-09-16,Breakfast,72,False,0.669,200,Cutlery,5,2.13,45,10.6,3.4,True,6,0,0.389,3,35.8,48.0,Autumn,Tuesday,False
2025-09-16,Breakfast,72,False,0.669,18,Cookware,2,2.27,10,4.5,5.3,False,0,0,0.25,3,8.6,21.6,Autumn,Tuesday,False
2025-09-16,Lunch,57,False,0.669,124,Plates,6,2.02,24,12.1,0.0,True,4,0,0.429,3,34.4,50.2,Autumn,Tuesday,False
2025-09-16,Lunch,57,False,0.669,75,Glassware,4,2.31,20,9.2,2.6,True,1,0,0.356,3,22.3,43.4,Autumn,Tuesday,False
2025-09-16,Lunch,57,False,0.669,155,Cutlery,4,2.26,45,9.1,2.4,True,4,1,0.321,3,28.2,40.9,Autumn,Tuesday,False
2025-09-16,Lunch,57,False,0.669,14,Cookware,2,2.26,10,4.5,5.3,True,2,0,0.25,3,9.2,19.1,Autumn,Tuesday,False
2025-09-16,Dinner,89,False,0.669,199,Plates,9,2.06,24,18.5,11.5,True,3,0,0.886,3,52.4,103.7,Autumn,Tuesday,True
2025-09-16,Dinner,89,False,0.669,129,Glassware,7,2.03,20,14.2,6.2,False,0,0,0.677,3,38.5,71.1,Autumn,Tuesday,True
2025-09-16,Dinner,89,False,0.669,238,Cutlery,6,2.07,45,12.4,1.8,True,5,0,0.568,3,40.7,50.3,Autumn,Tuesday,True
2025-09-16,Dinner,89,False,0.669,16,Cookware,2,2.45,10,4.9,1.5,True,5,0,0.25,3,8.3,21.8,Autumn,Tuesday,True
2025-09-17,Breakfast,86,False,0.729,176,Plates,8,1.98,24,15.9,4.0,True,4,1,0.599,3,45.3,68.4,Autumn,Wednesday,False
2025-09-17,Breakfast,86,False,0.729,124,Glassware,7,2.26,20,15.8,4.2,True,1,0,0.577,3,36.4,75.5,Autumn,Wednesday,False
2025-09-17,Breakfast,86,False,0.729,228,Cutlery,6,1.91,45,11.4,0.4,True,2,0,0.398,3,39.9,60.1,Autumn,Wednesday,False
2025-09-17,Breakfast,86,False,0.729,10,Cookware,1,2.45,10,2.4,0.0,False,0,0,0.25,3,5.0,9.8,Autumn,Wednesday,False
2025-09-17,Lunch,67,False,0.729,144,Plates,6,1.98,24,11.9,4.7,False,0,0,0.489,3,34.2,61.6,Autumn,Wednesday,False
2025-09-17,Lunch,67,False,0.729,89,Glassware,5,1.96,20,9.8,6.2,True,3,0,0.36,3,27.2,53.7,Autumn,Wednesday,False
2025-09-17,Lunch,67,False,0.729,186,Cutlery,5,2.07,45,10.4,8.6,True,2,0,0.353,3,33.7,54.2,Autumn,Wednesday,False
2025-09-17,Lunch,67,False,0.729,18,Cookware,2,2.29,10,4.6,7.8,True,1,0,0.25,3,8.8,17.3,Autumn,Wednesday,False
2025-09-17,Dinner,86,False,0.729,188,Plates,8,1.98,24,15.9,3.6,True,1,1,0.806,3,42.3,79.5,Autumn,Wednesday,True
2025-09-17,Dinner,86,False,0.729,117,Glassware,6,2.03,20,12.2,6.1,True,2,0,0.617,3,31.3,60.1,Autumn,Wednesday,True
2025-09-17,Dinner,86,False,0.729,243,Cutlery,6,2.14,45,12.8,5.9,True,4,1,0.599,3,41.3,48.3,Autumn,Wednesday,True
2025-09-17,Dinner,86,False,0.729,22,Cookware,3,2.59,10,7.8,2.9,True,1,1,0.295,3,13.5,29.6,Autumn,Wednesday,True
2025-09-18,Breakfast,66,False,0.631,144,Plates,6,2.3,24,13.8,4.0,True,6,0,0.569,3,36.1,57.0,Autumn,Thursday,False
2025-09-18,Breakfast,66,False,0.631,88,Glassware,5,2.17,20,10.9,2.8,False,0,0,0.394,3,26.8,49.6,Autumn,Thursday,False
2025-09-18,Breakfast,66,False,0.631,188,Cutlery,5,2.13,45,10.6,0.0,True,4,0,0.366,3,32.7,48.9,Autumn,Thursday,False
2025-09-18,Breakfast,66,False,0.631,13,Cookware,2,2.35,10,4.7,3.2,False,0,0,0.25,3,8.1,20.9,Autumn,Thursday,False
2025-09-18,Lunch,39,False,0.631,88,Plates,4,2.13,24,8.5,2.8,True,4,1,0.321,2,22.9,45.5,Autumn,Thursday,False
2025-09-18,Lunch,39,False,0.631,52,Glassware,3,2.11,20,6.3,0.0,True,2,1,0.25,2,16.2,34.5,Autumn,Thursday,False
2025-09-18,Lunch,39,False,0.631,105,Cutlery,3,2.12,45,6.4,4.4,True,2,0,0.25,2,19.0,31.8,Autumn,Thursday,False
2025-09-18,Lunch,39,False,0.631,5,Cookware,1,2.49,10,2.5,5.0,False,0,0,0.25,2,4.5,8.9,Autumn,Thursday,False
2025-09-18,Dinner,83,False,0.631,173,Plates,8,2.07,24,16.6,6.0,True,5,1,0.773,3,44.5,83.0,Autumn,Thursday,True
2025-09-18,Dinner,83,False,0.631,107,Glassware,6,1.98,20,11.9,2.5,True,1,0,0.549,3,31.5,58.4,Autumn,Thursday,True
2025-09-18,Dinner,83,False,0.631,238,Cutlery,6,2.18,45,13.1,1.3,True,2,0,0.597,3,40.4,48.1,Autumn,Thursday,True
2025-09-18,Dinner,83,False,0.631,14,Cookware,2,2.36,10,4.7,6.7,True,1,0,0.25,3,9.2,21.2,Autumn,Thursday,True
2025-09-19,Breakfast,67,False,0.73,147,Plates,7,1.93,24,13.5,2.7,True,2,0,0.488,3,38.1,71.7,Autumn,Friday,False
2025-09-19,Breakfast,67,False,0.73,100,Glassware,5,2.16,20,10.8,1.6,True,1,0,0.445,3,25.7,56.8,Autumn,Friday,False
2025-09-19,Breakfast,67,False,0.73,184,Cutlery,5,1.95,45,9.7,8.6,True,7,0,0.328,3,31.0,52.8,Autumn,Friday,False
2025-09-19,Breakfast,67,False,0.73,20,Cookware,2,2.09,10,4.2,6.0,True,1,0,0.25,3,8.9,22.1,Autumn,Friday,False
2025-09-19,Lunch,53,False,0.73,115,Plates,5,2.12,24,10.6,1.2,True,3,1,0.419,3,29.5,48.1,Autumn,Friday,False
2025-09-19,Lunch,53,False,0.73,70,Glassware,4,2.14,20,8.6,8.3,False,0,0,0.308,3,21.0,43.5,Autumn,Friday,False
2025-09-19,Lunch,53,False,0.73,144,Cutlery,4,2.11,45,8.5,4.8,True,3,0,0.279,3,26.1,41.5,Autumn,Friday,False
2025-09-19,Lunch,53,False,0.73,9,Cookware,1,2.51,10,2.5,6.4,False,0,0,0.25,3,4.4,8.5,Autumn,Friday,False
2025-09-19,Dinner,93,False,0.73,207,Plates,9,2.16,24,19.5,9.9,True,3,0,0.967,3,49.9,94.3,Autumn,Friday,True
2025-09-19,Dinner,93,False,0.73,128,Glassware,7,2.03,20,14.2,0.0,True,2,1,0.673,3,36.4,66.1,Autumn,Friday,True
2025-09-19,Dinner,93,False,0.73,250,Cutlery,6,1.76,45,10.6,2.6,True,5,0,0.507,3,41.8,67.6,Autumn,Friday,True
2025-09-19,Dinner,93,False,0.73,21,Cookware,3,2.4,10,7.2,3.2,True,1,0,0.261,3,12.2,32.9,Autumn,Friday,True
2025-09-20,Breakfast,72,False,0.662,157,Plates,7,2.23,24,15.6,0.0,True,4,0,0.6,3,39.5,69.7,Autumn,Saturday,False
2025-09-20,Breakfast,72,False,0.662,92,Glassware,5,2.11,20,10.6,0.8,True,2,0,0.4,3,25.0,49.6,Autumn,Saturday,False
2025-09-20,Breakfast,72,False,0.662,198,Cutlery,5,2.21,45,11.0,0.9,True,2,0,0.4,3,33.1,54.6,Autumn,Saturday,False
2025-09-20,Breakfast,72,False,0.662,28,Cookware,3,2.37,10,7.1,0.3,True,2,0,0.273,3,13.7,31.9,Autumn,Saturday,False
2025-09-20,Lunch,57,False,0.662,123,Plates,6,2.12,24,12.7,6.1,True,2,0,0.448,3,34.4,79.2,Autumn,Saturday,False
2025-09-20,Lunch,57,False,0.662,74,Glassware,4,2.04,20,8.1,5.5,True,3,0,0.31,3,20.7,40.7,Autumn,Saturday,False
2025-09-20,Lunch,57,False,0.662,150,Cutlery,4,2.2,45,8.8,9.0,True,4,0,0.303,3,27.5,49.6,Autumn,Saturday,False
2025-09-20,Lunch,57,False,0.662,17,Cookware,2,2.43,10,4.9,2.2,False,0,0,0.25,3,8.9,20.5,Autumn,Saturday,False
2025-09-20,Dinner,76,False,0.662,157,Plates,7,1.92,24,13.5,8.5,True,2,1,0.653,3,38.4,67.4,Autumn,Saturday,True
2025-09-20,Dinner,76,False,0.662,102,Glassware,6,1.99,20,11.9,0.0,True,1,0,0.526,3,32.6,57.0,Autumn,Saturday,True
2025-09-20,Dinner,76,False,0.662,208,Cutlery,5,2.05,45,10.3,0.4,True,2,0,0.492,3,36.9,50.3,Autumn,Saturday,True
2025-09-20,Dinner,76,False,0.662,15,Cookware,2,2.61,10,5.2,11.3,False,0,0,0.25,3,8.3,19.7,Autumn,Saturday,True
2025-09-21,Breakfast,84,False,0.696,190,Plates,8,2.16,24,17.3,7.6,True,1,0,0.705,3,48.5,90.3,Autumn,Sunday,False
2025-09-21,Breakfast,84,False,0.696,122,Glassware,7,2.29,20,16.0,0.0,True,3,0,0.576,3,39.6,70.1,Autumn,Sunday,False
2025-09-21,Breakfast,84,False,0.696,248,Cutlery,6,2.1,45,12.6,2.0,True,5,1,0.475,3,44.0,57.6,Autumn,Sunday,False
2025-09-21,Breakfast,84,False,0.696,9,Cookware,1,2.46,10,2.5,0.4,True,2,0,0.25,3,4.8,9.6,Autumn,Sunday,False
2025-09-21,Lunch,35,False,0.696,74,Plates,4,2.32,24,9.3,2.8,True,1,0,0.295,2,20.0,38.2,Autumn,Sunday,False
2025-09-21,Lunch,35,False,0.696,44,Glassware,3,2.11,20,6.3,0.0,True,1,0,0.25,2,15.2,33.0,Autumn,Sunday,False
2025-09-21,Lunch,35,False,0.696,95,Cutlery,3,2.31,45,6.9,0.0,True,1,0,0.25,2,19.6,31.3,Autumn,Sunday,False
2025-09-21,Lunch,35,False,0.696,11,Cookware,2,2.39,10,4.8,1.0,True,1,0,0.25,2,9.1,22.6,Autumn,Sunday,False
2025-09-21,Dinner,75,False,0.696,156,Plates,7,2.19,24,15.3,0.0,True,5,0,0.737,3,39.8,68.4,Autumn,Sunday,True
2025-09-21,Dinner,75,False,0.696,109,Glassware,6,2.19,20,13.1,6.6,True,1,0,0.618,3,33.0,64.6,Autumn,Sunday,True
2025-09-21,Dinner,75,False,0.696,207,Cutlery,5,2.23,45,11.1,3.6,True,2,0,0.531,3,35.1,45.6,Autumn,Sunday,True
2025-09-21,Dinner,75,False,0.696,25,Cookware,3,2.58,10,7.7,4.6,True,1,0,0.335,3,13.5,33.5,Autumn,Sunday,True
2025-09-22,Breakfast,75,False,0.726,166,Plates,7,2.36,24,16.6,1.5,True,2,0,0.673,3,41.1,73.9,Autumn,Monday,False
2025-09-22,Breakfast,75,False,0.726,109,Glassware,6,2.15,20,12.9,5.1,True,2,0,0.482,3,30.9,67.4,Autumn,Monday,False
2025-09-22,Breakfast,75,False,0.726,210,Cutlery,5,2.17,45,10.8,7.0,True,3,1,0.416,3,34.8,52.1,Autumn,Monday,False
2025-09-22,Breakfast,75,False,0.726,19,Cookware,2,2.66,10,5.3,0.0,True,1,0,0.25,3,9.6,23.8,Autumn,Monday,False
2025-09-22,Lunch,56,False,0.726,119,Plates,5,2.29,24,11.5,6.9,False,0,0,0.468,3,27.6,59.0,Autumn,Monday,False
2025-09-22,Lunch,56,False,0.726,77,Glassware,4,1.89,20,7.6,4.6,False,0,0,0.299,3,22.4,45.2,Autumn,Monday,False
2025-09-22,Lunch,56,False,0.726,155,Cutlery,4,2.05,45,8.2,0.0,True,1,0,0.29,3,28.4,48.9,Autumn,Monday,False
2025-09-22,Lunch,56,False,0.726,16,Cookware,2,2.18,10,4.4,0.1,True,2,0,0.25,3,8.7,19.5,Autumn,Monday,False
2025-09-22,Dinner,102,False,0.726,218,Plates,10,2.19,24,21.9,12.8,True,5,0,1.031,3,56.0,90.9,Autumn,Monday,True
2025-09-22,Dinner,102,False,0.726,157,Glassware,8,2.1,20,16.8,10.2,True,2,0,0.854,3,40.0,72.5,Autumn,Monday,True
2025-09-22,Dinner,102,False,0.726,286,Cutlery,7,2.37,45,16.6,3.4,True,4,0,0.78,3,49.7,70.3,Autumn,Monday,True
2025-09-22,Dinner,102,False,0.726,29,Cookware,3,2.48,10,7.4,2.6,False,0,0,0.373,3,14.6,30.4,Autumn,Monday,True
2025-09-23,Breakfast,64,False,0.725,133,Plates,6,2.05,24,12.3,1.4,True,2,0,0.468,3,33.1,65.3,Autumn,Tuesday,False
2025-09-23,Breakfast,64,False,0.725,89,Glassware,5,1.94,20,9.7,0.0,True,2,0,0.355,3,25.6,47.4,Autumn,Tuesday,False
2025-09-23,Breakfast,64,False,0.725,180,Cutlery,4,2.01,45,8.0,7.8,True,5,0,0.331,3,30.3,34.3,Autumn,Tuesday,False
2025-09-23,Breakfast,64,False,0.725,16,Cookware,2,2.43,10,4.9,5.2,True,1,0,0.25,3,9.1,20.1,Autumn,Tuesday,False
2025-09-23,Lunch,42,False,0.725,90,Plates,4,2.08,24,8.3,0.7,True,3,0,0.321,2,21.7,42.6,Autumn,Tuesday,False
2025-09-23,Lunch,42,False,0.725,60,Glassware,3,2.27,20,6.8,3.3,True,2,0,0.28,2,15.1,33.7,Autumn,Tuesday,False
2025-09-23,Lunch,42,False,0.725,117,Cutlery,3,2.16,45,6.5,5.4,True,1,0,0.25,2,20.7,27.8,Autumn,Tuesday,False
2025-09-23,Lunch,42,False,0.725,10,Cookware,1,2.21,10,2.2,3.5,False,0,0,0.25,2,4.6,10.9,Autumn,Tuesday,False
2025-09-23,Dinner,87,False,0.725,181,Plates,8,2.07,24,16.5,11.0,True,3,0,0.808,3,44.5,81.1,Autumn,Tuesday,True
2025-09-23,Dinner,87,False,0.725,105,Glassware,6,1.95,20,11.7,0.0,True,3,1,0.531,3,34.9,63.2,Autumn,Tuesday,True
2025-09-23,Dinner,87,False,0.725,241,Cutlery,6,1.85,45,11.1,3.2,True,4,0,0.514,3,44.7,62.1,Autumn,Tuesday,True
2025-09-23,Dinner,87,False,0.725,19,Cookware,2,2.53,10,5.1,7.2,False,0,0,0.25,3,9.2,17.8,Autumn,Tuesday,True
2025-09-24,Breakfast,72,True,0.621,151,Plates,7,2.06,24,14.4,10.4,True,1,0,0.533,4,39.3,67.2,Autumn,Wednesday,True
2025-09-24,Breakfast,72,True,0.621,101,Glassware,6,2.04,20,12.3,9.6,True,1,0,0.425,4,32.7,58.8,Autumn,Wednesday,True
2025-09-24,Breakfast,72,True,0.621,202,Cutlery,5,2.24,45,11.2,8.4,True,2,0,0.415,4,35.1,50.6,Autumn,Wednesday,True
2025-09-24,Breakfast,72,True,0.621,13,Cookware,2,2.32,10,4.6,11.6,False,0,0,0.25,4,7.8,20.4,Autumn,Wednesday,True
2025-09-24,Lunch,34,True,0.621,67,Plates,3,2.19,24,6.6,9.1,False,0,0,0.251,3,15.6,30.9,Autumn,Wednesday,True
2025-09-24,Lunch,34,True,0.621,39,Glassware,2,2.01,20,4.0,11.7,True,1,0,0.25,3,10.5,16.8,Autumn,Wednesday,True
2025-09-24,Lunch,34,True,0.621,96,Cutlery,3,2.09,45,6.3,15.2,True,2,0,0.25,3,19.3,34.0,Autumn,Wednesday,True
2025-09-24,Lunch,34,True,0.621,12,Cookware,2,2.38,10,4.8,8.1,True,1,0,0.25,3,8.1,19.9,Autumn,Wednesday,True
2025-09-24,Dinner,113,True,0.621,229,Plates,10,2.0,24,20.0,16.2,True,6,0,0.991,4,54.9,97.6,Autumn,Wednesday,True
2025-09-24,Dinner,113,True,0.621,169,Glassware,9,2.03,20,18.3,16.2,True,4,0,0.89,4,48.5,76.6,Autumn,Wednesday,True
2025-09-24,Dinner,113,True,0.621,324,Cutlery,8,2.15,45,17.2,9.3,True,8,0,0.802,4,55.3,74.5,Autumn,Wednesday,True
2025-09-24,Dinner,113,True,0.621,23,Cookware,3,2.2,10,6.6,10.9,True,2,0,0.262,4,12.9,29.9,Autumn,Wednesday,True
2025-09-25,Breakfast,51,False,0.629,110,Plates,5,2.06,24,10.3,3.6,True,2,0,0.388,3,27.0,46.5,Autumn,Thursday,False
2025-09-25,Breakfast,51,False,0.629,75,Glassware,4,1.8,20,7.2,0.0,True,1,0,0.278,3,23.1,29.0,Autumn,Thursday,False
2025-09-25,Breakfast,51,False,0.629,141,Cutlery,4,2.26,45,9.0,0.4,True,5,0,0.291,3,26.5,32.1,Autumn,Thursday,False
2025-09-25,Breakfast,51,False,0.629,8,Cookware,1,2.54,10,2.5,6.2,False,0,0,0.25,3,4.5,8.8,Autumn,Thursday,False
2025-09-25,Lunch,66,False,0.629,149,Plates,7,2.11,24,14.8,6.9,True,3,0,0.539,3,40.1,77.3,Autumn,Thursday,False
2025-09-25,Lunch,66,False,0.629,91,Glassware,5,2.09,20,10.4,2.7,False,0,0,0.392,3,26.2,53.5,Autumn,Thursday,False
2025-09-25,Lunch,66,False,0.629,189,Cutlery,5,2.01,45,10.1,2.5,True,3,0,0.348,3,32.2,54.3,Autumn,Thursday,False
2025-09-25,Lunch,66,False,0.629,19,Cookware,2,2.58,10,5.2,5.3,True,1,0,0.25,3,9.8,19.1,Autumn,Thursday,False
2025-09-25,Dinner,89,False,0.629,199,Plates,9,2.16,24,19.5,10.0,True,4,0,0.93,3,51.3,98.8,Autumn,Thursday,True
2025-09-25,Dinner,89,False,0.629,136,Glassware,7,1.94,20,13.5,7.5,True,1,0,0.682,3,38.0,77.2,Autumn,Thursday,True
2025-09-25,Dinner,89,False,0.629,249,Cutlery,6,2.22,45,13.3,5.2,True,2,0,0.637,3,42.7,55.5,Autumn,Thursday,True
2025-09-25,Dinner,89,False,0.629,14,Cookware,2,2.61,10,5.2,0.0,True,1,0,0.25,3,8.7,17.7,Autumn,Thursday,True
2025-09-26,Breakfast,94,False,0.721,212,Plates,9,2.12,24,19.1,8.5,True,2,0,0.772,3,52.0,99.6,Autumn,Friday,False
2025-09-26,Breakfast,94,False,0.721,126,Glassware,7,2.19,20,15.4,3.9,True,2,0,0.569,3,36.6,72.5,Autumn,Friday,False
2025-09-26,Breakfast,94,False,0.721,263,Cutlery,6,2.07,45,12.4,3.9,True,7,0,0.497,3,43.0,60.8,Autumn,Friday,False
2025-09-26,Breakfast,94,False,0.721,32,Cookware,4,2.45,10,9.8,5.0,True,1,0,0.323,3,16.2,39.5,Autumn,Friday,False
2025-09-26,Lunch,61,False,0.721,128,Plates,6,2.03,24,12.2,4.0,True,2,0,0.446,3,33.3,68.6,Autumn,Friday,False
2025-09-26,Lunch,61,False,0.721,92,Glassware,5,2.13,20,10.7,0.0,True,1,0,0.404,3,26.3,51.8,Autumn,Friday,False
2025-09-26,Lunch,61,False,0.721,173,Cutlery,4,2.24,45,9.0,5.4,True,3,0,0.355,3,28.1,40.9,Autumn,Friday,False
2025-09-26,Lunch,61,False,0.721,25,Cookware,3,2.42,10,7.3,6.0,False,0,0,0.25,3,13.4,29.1,Autumn,Friday,False
2025-09-26,Dinner,101,False,0.721,222,Plates,10,2.23,24,22.3,17.0,True,6,0,1.07,3,56.6,94.2,Autumn,Friday,True
2025-09-26,Dinner,101,False,0.721,139,Glassware,7,2.16,20,15.1,2.2,False,0,0,0.778,3,36.2,72.5,Autumn,Friday,True
2025-09-26,Dinner,101,False,0.721,280,Cutlery,7,2.14,45,14.9,5.2,True,3,0,0.689,3,50.3,70.8,Autumn,Friday,True
2025-09-26,Dinner,101,False,0.721,27,Cookware,3,2.49,10,7.5,2.4,True,1,0,0.349,3,14.4,30.4,Autumn,Friday,True
2025-09-27,Breakfast,55,False,0.666,122,Plates,6,1.95,24,11.7,1.9,True,2,0,0.407,3,35.0,53.9,Autumn,Saturday,False
2025-09-27,Breakfast,55,False,0.666,76,Glassware,4,2.15,20,8.6,0.0,True,2,0,0.337,3,22.4,38.4,Autumn,Saturday,False
2025-09-27,Breakfast,55,False,0.666,153,Cutlery,4,2.02,45,8.1,6.4,True,2,0,0.283,3,28.1,42.0,Autumn,Saturday,False
2025-09-27,Breakfast,55,False,0.666,19,Cookware,2,2.47,10,4.9,0.0,False,0,0,0.25,3,8.8,20.3,Autumn,Saturday,False
2025-09-27,Lunch,47,False,0.666,94,Plates,4,2.17,24,8.7,1.3,True,1,0,0.35,3,23.3,47.5,Autumn,Saturday,False
2025-09-27,Lunch,47,False,0.666,68,Glassware,4,2.12,20,8.5,2.5,True,1,0,0.296,3,19.6,47.9,Autumn,Saturday,False
2025-09-27,Lunch,47,False,0.666,132,Cutlery,3,1.84,45,5.5,3.9,True,4,0,0.25,3,22.1,32.3,Autumn,Saturday,False
2025-09-27,Lunch,47,False,0.666,9,Cookware,1,2.48,10,2.5,4.1,False,0,0,0.25,3,4.4,10.1,Autumn,Saturday,False
2025-09-27,Dinner,76,False,0.666,161,Plates,7,1.96,24,13.7,2.7,True,3,0,0.681,3,40.6,73.2,Autumn,Saturday,True
2025-09-27,Dinner,76,False,0.666,107,Glassware,6,2.29,20,13.7,5.1,True,2,0,0.634,3,30.8,61.2,Autumn,Saturday,True
2025-09-27,Dinner,76,False,0.666,210,Cutlery,5,2.31,45,11.5,4.1,True,5,0,0.559,3,35.9,55.3,Autumn,Saturday,True
2025-09-27,Dinner,76,False,0.666,15,Cookware,2,2.55,10,5.1,1.5,True,1,0,0.25,3,8.4,20.8,Autumn,Saturday,True
2025-09-28,Breakfast,66,True,0.644,144,Plates,6,2.12,24,12.7,14.5,True,3,0,0.523,4,36.2,57.5,Autumn,Sunday,True
2025-09-28,Breakfast,66,True,0.644,87,Glassware,5,2.19,20,11.0,14.5,False,0,1,0.393,4,25.8,45.2,Autumn,Sunday,True
2025-09-28,Breakfast,66,True,0.644,175,Cutlery,4,2.28,45,9.1,7.4,True,6,1,0.365,4,30.2,43.9,Autumn,Sunday,True
2025-09-28,Breakfast,66,True,0.644,15,Cookware,2,2.57,10,5.1,2.5,True,1,0,0.25,4,9.2,22.1,Autumn,Sunday,True
2025-09-28,Lunch,35,True,0.644,85,Plates,4,2.05,24,8.2,5.5,False,0,0,0.299,3,23.5,37.1,Autumn,Sunday,True
2025-09-28,Lunch,35,True,0.644,53,Glassware,3,1.8,20,5.4,10.7,True,3,0,0.25,3,15.3,25.8,Autumn,Sunday,True
2025-09-28,Lunch,35,True,0.644,92,Cutlery,3,2.25,45,6.8,7.5,True,3,0,0.25,3,18.2,29.6,Autumn,Sunday,True
2025-09-28,Lunch,35,True,0.644,14,Cookware,2,2.32,10,4.6,10.5,False,0,0,0.25,3,8.4,20.1,Autumn,Sunday,True
2025-09-28,Dinner,112,True,0.644,248,Plates,11,2.15,24,23.6,26.9,True,10,1,1.151,4,60.3,104.7,Autumn,Sunday,True
2025-09-28,Dinner,112,True,0.644,161,Glassware,9,2.04,20,18.4,16.7,True,4,1,0.852,4,46.5,84.1,Autumn,Sunday,True
2025-09-28,Dinner,112,True,0.644,304,Cutlery,7,2.4,45,16.8,15.5,True,8,0,0.842,4,48.7,67.8,Autumn,Sunday,True
2025-09-28,Dinner,112,True,0.644,17,Cookware,2,2.27,10,4.5,12.2,True,1,0,0.25,4,9.6,21.7,Autumn,Sunday,True
2025-09-29,Breakfast,77,True,0.744,158,Plates,7,2.27,24,15.9,14.8,True,3,0,0.616,4,40.4,77.2,Autumn,Monday,True
2025-09-29,Breakfast,77,True,0.744,98,Glassware,5,2.35,20,11.7,6.3,False,0,0,0.474,4,25.7,47.4,Autumn,Monday,True
2025-09-29,Breakfast,77,True,0.744,219,Cutlery,5,2.03,45,10.2,12.2,True,3,1,0.407,4,36.4,45.7,Autumn,Monday,True
2025-09-29,Breakfast,77,True,0.744,17,Cookware,2,2.45,10,4.9,15.2,False,0,0,0.25,4,8.9,23.5,Autumn,Monday,True
2025-09-29,Lunch,57,True,0.744,118,Plates,5,2.22,24,11.1,9.4,True,2,0,0.449,4,28.4,42.9,Autumn,Monday,True
2025-09-29,Lunch,57,True,0.744,81,Glassware,5,1.98,20,9.9,13.6,False,0,0,0.33,4,26.6,42.9,Autumn,Monday,True
2025-09-29,Lunch,57,True,0.744,164,Cutlery,4,2.37,45,9.5,11.3,True,4,0,0.355,4,27.3,44.3,Autumn,Monday,True
2025-09-29,Lunch,57,True,0.744,5,Cookware,1,2.3,10,2.3,9.9,False,0,0,0.25,4,4.2,10.2,Autumn,Monday,True
2025-09-29,Dinner,125,True,0.744,271,Plates,12,2.22,24,26.6,22.2,True,8,0,1.25,4,70.9,132.1,Autumn,Monday,True
2025-09-29,Dinner,125,True,0.744,185,Glassware,10,2.07,20,20.7,24.8,True,4,0,0.991,4,52.6,105.2,Autumn,Monday,True
2025-09-29,Dinner,125,True,0.744,350,Cutlery,8,2.14,45,17.1,15.5,True,9,0,0.861,4,59.7,78.8,Autumn,Monday,True
2025-09-29,Dinner,125,True,0.744,31,Cookware,4,2.4,10,9.6,14.3,True,2,0,0.386,4,15.8,37.3,Autumn,Monday,True
2025-09-30,Breakfast,82,False,0.717,185,Plates,8,2.07,24,16.5,4.7,True,4,0,0.656,3,45.6,77.2,Autumn,Tuesday,False
2025-09-30,Breakfast,82,False,0.717,116,Glassware,6,2.17,20,13.0,0.7,True,3,1,0.518,3,29.6,54.8,Autumn,Tuesday,False
2025-09-30,Breakfast,82,False,0.717,226,Cutlery,6,1.96,45,11.8,4.9,True,2,0,0.406,3,41.1,50.0,Autumn,Tuesday,False
2025-09-30,Breakfast,82,False,0.717,18,Cookware,2,2.32,10,4.6,5.6,True,1,0,0.25,3,9.1,17.9,Autumn,Tuesday,False
2025-09-30,Lunch,43,False,0.717,92,Plates,4,2.18,24,8.7,3.6,True,1,0,0.344,3,23.9,39.8,Autumn,Tuesday,False
2025-09-30,Lunch,43,False,0.717,56,Glassware,3,1.92,20,5.8,0.6,False,0,0,0.25,3,15.0,31.1,Autumn,Tuesday,False
2025-09-30,Lunch,43,False,0.717,120,Cutlery,3,2.0,45,6.0,3.0,True,5,0,0.25,3,22.2,27.8,Autumn,Tuesday,False
2025-09-30,Lunch,43,False,0.717,5,Cookware,1,2.42,10,2.4,4.5,False,0,0,0.25,3,4.5,10.8,Autumn,Tuesday,False
2025-09-30,Dinner,78,False,0.717,173,Plates,8,2.11,24,16.9,4.8,True,3,0,0.788,3,43.9,76.2,Autumn,Tuesday,True
2025-09-30,Dinner,78,False,0.717,107,Glassware,6,1.95,20,11.7,3.7,True,1,1,0.54,3,31.9,56.1,Autumn,Tuesday,True
2025-09-30,Dinner,78,False,0.717,210,Cutlery,5,2.09,45,10.5,2.8,True,1,1,0.507,3,34.7,48.4,Autumn,Tuesday,True
2025-09-30,Dinner,78,False,0.717,13,Cookware,2,2.6,10,5.2,6.9,False,0,0,0.25,3,8.7,21.7,Autumn,Tuesday,True
